Sr.,Container No,Shipper,S/Line,CFS,Line Handover,TR Handover,VGM Wt.
1152,EMCU5736049,MIRHA EXPORTS PVT. LTD.(PUNJAB),EVERGREEN,TRANSWORLD-DADRI,16-03-26,18-03-26,33632
1634,CXRU1320447,AL-SUPER FROZEN FOODS PVT LTD,CMA,TRANSWORLD-DADRI,08-01-26,10-01-26,33632
1931,CRSU6095735,IFF INDIA FROZEN FOODS PRIVATE LIMITED,CMA,TRANSWORLD-DADRI,04-04-26,06-04-26,33632
738,EMCU5538378,HMA AGRO INDUSTRIES LTD,EVERGREEN,TRANSWORLD-DADRI,23-03-26,25-03-26,33702
1478,EMCU5610169,HMA AGRO INDUSTRIES LTD,EVERGREEN,TRANSWORLD-DADRI,10-03-26,12-03-26,33642
1199,TEMU9252673,AL AAYAT FOOD EXPO PVT. LTD,CMA,TRANSWORLD-DADRI,16-01-26,18-01-26,33646
778,TEMU9888032,VRACHOS FOODS PRIVATE LIMITED,CMA,TRANSWORLD-DADRI,23-01-26,25-01-26,33632
826,CGMU5051847,VRACHOS FOODS PRIVATE LIMITED,CMA,TRANSWORLD-DADRI,21-01-26,23-01-26,33632
828,MEDU9008854,INTERNATIONAL AGRO FOODS,MSC,TRANSWORLD-DADRI,21-01-26,23-01-26,33592
320,CRLU1252775,AL HASSAN OVRESEAS  PVT LTD-UP,MSC,TRANSWORLD-DADRI,28-01-26,30-01-26,33716
1943,TRLU1607974,AL-NASIR EXPORTS PVT LTD (U.P),MSC,TRANSWORLD-DADRI,04-02-26,06-02-26,33632
306,HLBU9317583,AL-NASIR EXPORTS PVT LTD (U.P),HAPAG,TRANSWORLD-DADRI,28-02-26,02-03-26,33421.6
1731,ARKU5006928,IFF INDIA FROZEN FOODS PRIVATE LIMITED,ARKAS LINE,TRANSWORLD-DADRI,06-03-26,08-03-26,33702
1484,EMCU5507401,AL-NASIR EXPORTS PVT LTD (U.P),EVERGREEN,TRANSWORLD-DADRI,10-03-26,12-03-26,33632
1519,EMCU5483866,AL-NASIR EXPORTS PVT LTD (U.P),EVERGREEN,TRANSWORLD-DADRI,09-03-26,11-03-26,33632
1045,TRIU8373976,INTERNATIONAL AGRO FOODS,MSC,TRANSWORLD-DADRI,18-02-26,20-02-26,33345.4
888,TRLU1648356,INTERNATIONAL AGRO FOODS,MSC,TRANSWORLD-DADRI,20-02-26,22-02-26,33778
1293,TGHU9924070,INTERNATIONAL AGRO FOODS,MSC,TRANSWORLD-DADRI,13-03-26,15-03-26,33702
339,CXRU1635104,IFF INDIA FROZEN FOODS PRIVATE LIMITED,CMA,TRANSWORLD-DADRI,27-12-25,30-12-25,33632
348,TTNU8258319,MEEM AGRO FOODS PVT LTD,CMA,TRANSWORLD-DADRI,27-12-25,30-12-25,33778
452,CGMU9404623,AL AAYAT FOOD EXPO PVT. LTD,CMA,TRANSWORLD-DADRI,26-12-25,30-12-25,33892
453,SZLU9860048,AL AAYAT FOOD EXPO PVT. LTD,CMA,TRANSWORLD-DADRI,26-12-25,30-12-25,33421.6
112,TTNU8697034,HMA AGRO INDUSTRIES LTD,CMA,TRANSWORLD-DADRI,29-12-25,01-01-26,33716
340,SEGU9405098,HMA AGRO INDUSTRIES LTD,CMA,TRANSWORLD-DADRI,27-12-25,01-01-26,33702
448,CGMU6922125,AL AMMAR FROZEN FOOD EXPORTS PVT LTD,CMA,TRANSWORLD-DADRI,26-12-25,01-01-26,33780
455,SEGU9540858,HMA AGRO INDUSTRIES LTD,CMA,TRANSWORLD-DADRI,26-12-25,01-01-26,33732.8
461,TEMU9431869,HMA AGRO INDUSTRIES LTD,CMA,TRANSWORLD-DADRI,26-12-25,01-01-26,33646
465,SEGU9536755,HMA AGRO INDUSTRIES LTD,CMA,TRANSWORLD-DADRI,26-12-25,01-01-26,33780
466,CGMU5283570,HMA AGRO INDUSTRIES LTD,CMA,TRANSWORLD-DADRI,26-12-25,01-01-26,33345.4
469,CGMU9411026,HMA AGRO INDUSTRIES LTD,CMA,TRANSWORLD-DADRI,26-12-25,01-01-26,33732.8
470,TTNU8624866,AL AAYAT FOOD EXPO PVT. LTD,CMA,TRANSWORLD-DADRI,26-12-25,01-01-26,33160.5
473,CGMU5308874,HMA AGRO INDUSTRIES LTD,CMA,TRANSWORLD-DADRI,26-12-25,01-01-26,33632
474,CGMU5194560,INTERNATIONAL AGRO FOODS,CMA,TRANSWORLD-DADRI,26-12-25,01-01-26,33702
12,TCLU1229999,HMA AGRO INDUSTRIES LTD,CMA,TRANSWORLD-DADRI,31-12-25,02-01-26,33642
332,TCLU1055644,HMA AGRO INDUSTRIES LTD,CMA,TRANSWORLD-DADRI,27-12-25,02-01-26,33702
333,CXRU1252213,HMA AGRO INDUSTRIES LTD,CMA,TRANSWORLD-DADRI,27-12-25,02-01-26,33702
345,TTNU8004572,HMA AGRO INDUSTRIES LTD,CMA,TRANSWORLD-DADRI,27-12-25,02-01-26,33632
115,EGSU5103780,MIRHA EXPORTS PVT. LTD.(PUNJAB),EVERGREEN,TRANSWORLD-DADRI,29-12-25,02-01-26,33632
119,EMCU5642361,HMA AGRO INDUSTRIES LTD,EVERGREEN,TRANSWORLD-DADRI,29-12-25,02-01-26,33452
121,EMCU5436709,HMA AGRO INDUSTRIES LTD,EVERGREEN,TRANSWORLD-DADRI,29-12-25,02-01-26,33382
127,EMCU5374464,HMA AGRO INDUSTRIES LTD,EVERGREEN,TRANSWORLD-DADRI,29-12-25,02-01-26,33632
132,EMCU5736049,AL-NASIR EXPORTS PVT LTD (U.P),EVERGREEN,TRANSWORLD-DADRI,29-12-25,02-01-26,33692
135,EGSU5042860,AL-NASIR EXPORTS PVT LTD (U.P),EVERGREEN,TRANSWORLD-DADRI,29-12-25,02-01-26,33605.4
139,EGSU5099504,AL AMMAR FROZEN FOOD EXPORTS PVT LTD,EVERGREEN,TRANSWORLD-DADRI,29-12-25,02-01-26,33632
337,EMCU5392350,HMA AGRO INDUSTRIES LTD,EVERGREEN,TRANSWORLD-DADRI,27-12-25,02-01-26,33712
341,EGSU5096070,HMA AGRO INDUSTRIES LTD,EVERGREEN,TRANSWORLD-DADRI,27-12-25,02-01-26,33991.75
344,EMCU5525621,HMA AGRO INDUSTRIES LTD,EVERGREEN,TRANSWORLD-DADRI,27-12-25,02-01-26,33632
346,EMCU5515290,HMA AGRO INDUSTRIES LTD,EVERGREEN,TRANSWORLD-DADRI,27-12-25,02-01-26,33592
347,EMCU5459751,HMA AGRO INDUSTRIES LTD,EVERGREEN,TRANSWORLD-DADRI,27-12-25,02-01-26,33670
350,EGSU5068118,HMA AGRO INDUSTRIES LTD,EVERGREEN,TRANSWORLD-DADRI,27-12-25,02-01-26,33732.8
447,HLBU9006431,IFF INDIA FROZEN FOODS PRIVATE LIMITED,HAPAG,TRANSWORLD-DADRI,26-12-25,02-01-26,33632
6,ARKU5009681,IFF INDIA FROZEN FOODS PRIVATE LIMITED,ARKAS LINE,TRANSWORLD-DADRI,31-12-25,03-01-26,33642
7,ARKU5009001,IFF INDIA FROZEN FOODS PRIVATE LIMITED,ARKAS LINE,TRANSWORLD-DADRI,31-12-25,03-01-26,33632
8,ARKU5031920,IFF INDIA FROZEN FOODS PRIVATE LIMITED,ARKAS LINE,TRANSWORLD-DADRI,31-12-25,03-01-26,33345.4
111,ARKU5017624,IFF INDIA FROZEN FOODS PRIVATE LIMITED,ARKAS LINE,TRANSWORLD-DADRI,29-12-25,03-01-26,33605.4
117,ARKU5034853,IFF INDIA FROZEN FOODS PRIVATE LIMITED,ARKAS LINE,TRANSWORLD-DADRI,29-12-25,03-01-26,33632
118,ARKU5033311,IFF INDIA FROZEN FOODS PRIVATE LIMITED,ARKAS LINE,TRANSWORLD-DADRI,29-12-25,03-01-26,33778
122,ARKU5007462,IFF INDIA FROZEN FOODS PRIVATE LIMITED,ARKAS LINE,TRANSWORLD-DADRI,29-12-25,03-01-26,33892
123,ARKU5029374,IFF INDIA FROZEN FOODS PRIVATE LIMITED,ARKAS LINE,TRANSWORLD-DADRI,29-12-25,03-01-26,33421.6
128,ARKU5007570,IFF INDIA FROZEN FOODS PRIVATE LIMITED,ARKAS LINE,TRANSWORLD-DADRI,29-12-25,03-01-26,33716
129,ARKU5011950,IFF INDIA FROZEN FOODS PRIVATE LIMITED,ARKAS LINE,TRANSWORLD-DADRI,29-12-25,03-01-26,33702
130,ARKU5022580,IFF INDIA FROZEN FOODS PRIVATE LIMITED,ARKAS LINE,TRANSWORLD-DADRI,29-12-25,03-01-26,33780
137,ARKU5019205,IFF INDIA FROZEN FOODS PRIVATE LIMITED,ARKAS LINE,TRANSWORLD-DADRI,29-12-25,03-01-26,33732.8
138,ARKU5031617,IFF INDIA FROZEN FOODS PRIVATE LIMITED,ARKAS LINE,TRANSWORLD-DADRI,29-12-25,03-01-26,33646
141,ARKU5034766,IFF INDIA FROZEN FOODS PRIVATE LIMITED,ARKAS LINE,TRANSWORLD-DADRI,29-12-25,03-01-26,33780
2199,APRU6112215,HMA AGRO INDUSTRIES LTD,CMA,TRANSWORLD-DADRI,01-01-26,03-01-26,33345.4
2201,TRIU8922700,HMA AGRO INDUSTRIES LTD,CMA,TRANSWORLD-DADRI,01-01-26,03-01-26,33732.8
716,OTPU6664836,AL-NASIR EXPORTS PVT LTD (U.P),SAMUDERA,TRANSWORLD-DADRI,23-12-25,04-01-26,33160.5
796,SZLU9445767,AL HASSAN OVRESEAS  PVT LTD-UP,SAMUDERA,TRANSWORLD-DADRI,22-12-25,04-01-26,33632
124,EMCU5438065,AL AMMAR FROZEN FOOD EXPORTS PVT LTD,EVERGREEN,TRANSWORLD-DADRI,29-12-25,05-01-26,33702
349,EMCU5640121,AL AMMAR FROZEN FOOD EXPORTS PVT LTD,EVERGREEN,TRANSWORLD-DADRI,27-12-25,05-01-26,33642
454,EMCU5733409,AL AMMAR FROZEN FOOD EXPORTS PVT LTD,EVERGREEN,TRANSWORLD-DADRI,26-12-25,05-01-26,33702
1,SEGU9702460,IFF INDIA FROZEN FOODS PRIVATE LIMITED,WAN HAI,TRANSWORLD-DADRI,31-12-25,05-01-26,33702
2009,SEGU9703030,AL-NASIR EXPORTS PVT LTD (U.P),WAN HAI,TRANSWORLD-DADRI,03-01-26,05-01-26,33632
2010,WHSU2088851,MADHAVI IMPEX.,WAN HAI,TRANSWORLD-DADRI,03-01-26,05-01-26,33632
2011,SEGU9927683,AL-NASIR EXPORTS PVT LTD (U.P),WAN HAI,TRANSWORLD-DADRI,03-01-26,05-01-26,33452
2006,ARKU5025316,IFF INDIA FROZEN FOODS PRIVATE LIMITED,ARKAS LINE,TRANSWORLD-DADRI,03-01-26,06-01-26,33382
2007,ARKU5014420,IFF INDIA FROZEN FOODS PRIVATE LIMITED,ARKAS LINE,TRANSWORLD-DADRI,03-01-26,06-01-26,33632
4,GESU9604475,IFF INDIA FROZEN FOODS PRIVATE LIMITED,CMA,TRANSWORLD-DADRI,31-12-25,06-01-26,33692
13,TEMU9577600,AL-SUPER FROZEN FOODS PVT LTD,CMA,TRANSWORLD-DADRI,31-12-25,06-01-26,33605.4
33,CGMU5163301,MIRHA EXPORTS PVT. LTD.(PUNJAB),CMA,TRANSWORLD-DADRI,30-12-25,06-01-26,33632
113,SEKU9142735,HMA AGRO INDUSTRIES LTD,CMA,TRANSWORLD-DADRI,29-12-25,06-01-26,33712
114,SEGU9658178,HMA AGRO INDUSTRIES LTD,CMA,TRANSWORLD-DADRI,29-12-25,06-01-26,33991.75
120,CGMU5363017,HMA AGRO INDUSTRIES LTD,CMA,TRANSWORLD-DADRI,29-12-25,06-01-26,33632
125,TCLU1207480,HMA AGRO INDUSTRIES LTD,CMA,TRANSWORLD-DADRI,29-12-25,06-01-26,33592
126,CGMU5291072,HMA AGRO INDUSTRIES LTD,CMA,TRANSWORLD-DADRI,29-12-25,06-01-26,33670
136,TTNU8659857,HMA AGRO INDUSTRIES LTD,CMA,TRANSWORLD-DADRI,29-12-25,06-01-26,33732.8
2194,CGMU5299031,HMA AGRO INDUSTRIES LTD,CMA,TRANSWORLD-DADRI,01-01-26,06-01-26,33632
2195,TRIU8599752,HMA AGRO INDUSTRIES LTD,CMA,TRANSWORLD-DADRI,01-01-26,06-01-26,33642
2196,SZLU9804419,HMA AGRO INDUSTRIES LTD,CMA,TRANSWORLD-DADRI,01-01-26,06-01-26,33632
2197,TCLU1059830,HMA AGRO INDUSTRIES LTD,CMA,TRANSWORLD-DADRI,01-01-26,06-01-26,33345.4
2200,TTNU8331750,HMA AGRO INDUSTRIES LTD,CMA,TRANSWORLD-DADRI,01-01-26,06-01-26,33605.4
5,OTPU6665489,HMA AGRO INDUSTRIES LTD,SAMUDERA,TRANSWORLD-DADRI,31-12-25,06-01-26,33632
29,OTPU6666741,HMA AGRO INDUSTRIES LTD,SAMUDERA,TRANSWORLD-DADRI,30-12-25,06-01-26,33778
133,OTPU6674372,AL-NASIR EXPORTS PVT LTD (U.P),SAMUDERA,TRANSWORLD-DADRI,29-12-25,06-01-26,33892
134,OTPU6674351,AL-NASIR EXPORTS PVT LTD (U.P),SAMUDERA,TRANSWORLD-DADRI,29-12-25,06-01-26,33421.6
14,FBIU5383744,AL-NASIR EXPORTS PVT LTD (U.P),WAN HAI,TRANSWORLD-DADRI,31-12-25,06-01-26,33716
34,OTPU6776224,AL-NASIR EXPORTS PVT LTD (U.P),WAN HAI,TRANSWORLD-DADRI,30-12-25,06-01-26,33702
331,OTPU6814659,MIRHA EXPORTS PVT. LTD.(PUNJAB),WAN HAI,TRANSWORLD-DADRI,27-12-25,06-01-26,33780
335,OTPU6806273,MIRHA EXPORTS PVT. LTD.(PUNJAB),WAN HAI,TRANSWORLD-DADRI,27-12-25,06-01-26,33732.8
338,SEKU9372126,MIRHA EXPORTS PVT. LTD.(PUNJAB),WAN HAI,TRANSWORLD-DADRI,27-12-25,06-01-26,33646
342,FBIU5118550,MIRHA EXPORTS PVT. LTD.(PUNJAB),WAN HAI,TRANSWORLD-DADRI,27-12-25,06-01-26,33780
343,OTPU6223960,MIRHA EXPORTS PVT. LTD.(PUNJAB),WAN HAI,TRANSWORLD-DADRI,27-12-25,06-01-26,33345.4
456,OTPU6200218,HMA AGRO INDUSTRIES LTD,WAN HAI,TRANSWORLD-DADRI,26-12-25,06-01-26,33732.8
457,FBIU5359922,HMA AGRO INDUSTRIES LTD,WAN HAI,TRANSWORLD-DADRI,26-12-25,06-01-26,33160.5
459,SEGU9924597,AL-NASIR EXPORTS PVT LTD (U.P),WAN HAI,TRANSWORLD-DADRI,26-12-25,06-01-26,33632
464,SZLU9747073,MARHABA FROZEN FOODS,WAN HAI,TRANSWORLD-DADRI,26-12-25,06-01-26,33702
2104,FBIU5323998,AL-NASIR EXPORTS PVT LTD (U.P),WAN HAI,TRANSWORLD-DADRI,02-01-26,06-01-26,33642
2107,SZLU9747284,AL-NASIR EXPORTS PVT LTD (U.P),WAN HAI,TRANSWORLD-DADRI,02-01-26,06-01-26,33702
2108,OTPU6771984,MEEM AGRO FOODS PVT LTD,WAN HAI,TRANSWORLD-DADRI,02-01-26,06-01-26,33702
2202,FBIU5387035,AL-NASIR EXPORTS PVT LTD (U.P),WAN HAI,TRANSWORLD-DADRI,01-01-26,06-01-26,33632
15,CGMU9291147,HMA AGRO INDUSTRIES LTD,CMA,TRANSWORLD-DADRI,31-12-25,08-01-26,33632
1785,CRSU6095735,RAYBAN FROZEN FOODS PVT.LTD,CMA,TRANSWORLD-DADRI,06-01-26,08-01-26,33452
1849,CGMU6504742,IFF INDIA FROZEN FOODS PRIVATE LIMITED,CMA,TRANSWORLD-DADRI,05-01-26,08-01-26,33382
2101,CXRU1002718,RAYBAN FROZEN FOODS PVT.LTD,CMA,TRANSWORLD-DADRI,02-01-26,08-01-26,33692
2105,TCLU1246445,HMA AGRO INDUSTRIES LTD,CMA,TRANSWORLD-DADRI,02-01-26,08-01-26,33605.4
2109,TCLU1157271,AL-SUPER FROZEN FOODS PVT LTD,CMA,TRANSWORLD-DADRI,02-01-26,08-01-26,33632
2111,FBIU5217002,MARHABA FROZEN FOODS,CMA,TRANSWORLD-DADRI,02-01-26,08-01-26,33712
2113,CGMU6520574,HMA AGRO INDUSTRIES LTD,CMA,TRANSWORLD-DADRI,02-01-26,08-01-26,33991.75
2114,TCLU1133705,HMA AGRO INDUSTRIES LTD,CMA,TRANSWORLD-DADRI,02-01-26,08-01-26,33632
2115,TEMU9205630,AL-NASIR EXPORTS PVT LTD (U.P),CMA,TRANSWORLD-DADRI,02-01-26,08-01-26,33592
2116,TRIU8120073,AL-NASIR EXPORTS PVT LTD (U.P),CMA,TRANSWORLD-DADRI,02-01-26,08-01-26,33670
2120,TEMU9578253,HMA AGRO INDUSTRIES LTD,CMA,TRANSWORLD-DADRI,02-01-26,08-01-26,33732.8
2122,TCLU1212722,HMA AGRO INDUSTRIES LTD,CMA,TRANSWORLD-DADRI,02-01-26,08-01-26,33632
2123,CGMU5048000,RAYBAN FROZEN FOODS PVT.LTD,CMA,TRANSWORLD-DADRI,02-01-26,08-01-26,33632
2100,TRIU8440631,HMA AGRO INDUSTRIES LTD,GOODRICH,TRANSWORLD-DADRI,02-01-26,08-01-26,33642
2118,TRIU8432955,HMA AGRO INDUSTRIES LTD,GOODRICH,TRANSWORLD-DADRI,02-01-26,08-01-26,33632
2119,TRIU8328426,HMA AGRO INDUSTRIES LTD,GOODRICH,TRANSWORLD-DADRI,02-01-26,08-01-26,33345.4
2193,TRIU8029549,IFF INDIA FROZEN FOODS PRIVATE LIMITED,GOODRICH,TRANSWORLD-DADRI,01-01-26,08-01-26,33605.4
2198,TRIU8345911,IFF INDIA FROZEN FOODS PRIVATE LIMITED,GOODRICH,TRANSWORLD-DADRI,01-01-26,08-01-26,33632
32,EMCU5646958,AL AMMAR FROZEN FOOD EXPORTS PVT LTD,EVERGREEN,TRANSWORLD-DADRI,30-12-25,11-01-26,33778
1635,CGMU5450235,HMA AGRO INDUSTRIES LTD,CMA,TRANSWORLD-DADRI,08-01-26,12-01-26,33892
1637,SEKU9008198,HMA AGRO INDUSTRIES LTD,CMA,TRANSWORLD-DADRI,08-01-26,12-01-26,33421.6
1640,TRIU8734220,HMA AGRO INDUSTRIES LTD,CMA,TRANSWORLD-DADRI,08-01-26,12-01-26,33716
1700,TRIU8741620,HMA AGRO INDUSTRIES LTD,CMA,TRANSWORLD-DADRI,07-01-26,12-01-26,33702
1701,CGMU6515979,HMA AGRO INDUSTRIES LTD,CMA,TRANSWORLD-DADRI,07-01-26,12-01-26,33780
2117,TCLU1221684,HMA AGRO INDUSTRIES LTD,CMA,TRANSWORLD-DADRI,02-01-26,12-01-26,33732.8
2,EMCU5471572,HMA AGRO INDUSTRIES LTD,EVERGREEN,TRANSWORLD-DADRI,31-12-25,12-01-26,33646
3,EMCU5525874,HMA AGRO INDUSTRIES LTD,EVERGREEN,TRANSWORLD-DADRI,31-12-25,12-01-26,33780
10,EMCU5527368,HMA AGRO INDUSTRIES LTD,EVERGREEN,TRANSWORLD-DADRI,31-12-25,12-01-26,33345.4
11,EMCU5389485,HMA AGRO INDUSTRIES LTD,EVERGREEN,TRANSWORLD-DADRI,31-12-25,12-01-26,33732.8
28,EMCU5668767,AL AMMAR FROZEN FOOD EXPORTS PVT LTD,EVERGREEN,TRANSWORLD-DADRI,30-12-25,12-01-26,33160.5
35,EGSU5099973,HMA AGRO INDUSTRIES LTD,EVERGREEN,TRANSWORLD-DADRI,30-12-25,12-01-26,33632
1631,EMCU5442717,HMA AGRO INDUSTRIES LTD,EVERGREEN,TRANSWORLD-DADRI,08-01-26,12-01-26,33702
1698,EMCU5547404,AL-NASIR EXPORTS PVT LTD (U.P),EVERGREEN,TRANSWORLD-DADRI,07-01-26,12-01-26,33702
1704,EMCU5538378,HMA AGRO INDUSTRIES LTD,EVERGREEN,TRANSWORLD-DADRI,07-01-26,12-01-26,33632
1709,EMCU5442759,AL-NASIR EXPORTS PVT LTD (U.P),EVERGREEN,TRANSWORLD-DADRI,07-01-26,12-01-26,33632
1847,EMCU5716171,HMA AGRO INDUSTRIES LTD,EVERGREEN,TRANSWORLD-DADRI,05-01-26,12-01-26,33452
1850,EMCU5406345,AL AMMAR FROZEN FOOD EXPORTS PVT LTD,EVERGREEN,TRANSWORLD-DADRI,05-01-26,12-01-26,33382
2008,EMCU5472202,HMA AGRO INDUSTRIES LTD,EVERGREEN,TRANSWORLD-DADRI,03-01-26,12-01-26,33632
2102,TLLU1187926,AL-NASIR EXPORTS PVT LTD (U.P),EVERGREEN,TRANSWORLD-DADRI,02-01-26,12-01-26,33692
2103,EMCU5436289,AL AMMAR FROZEN FOOD EXPORTS PVT LTD,EVERGREEN,TRANSWORLD-DADRI,02-01-26,12-01-26,33605.4
2110,EMCU5549412,HMA AGRO INDUSTRIES LTD,EVERGREEN,TRANSWORLD-DADRI,02-01-26,12-01-26,33632
2112,EMCU5464629,HMA AGRO INDUSTRIES LTD,EVERGREEN,TRANSWORLD-DADRI,02-01-26,12-01-26,33712
2121,EMCU5446944,HMA AGRO INDUSTRIES LTD,EVERGREEN,TRANSWORLD-DADRI,02-01-26,12-01-26,33991.75
2203,EMCU5610169,HMA AGRO INDUSTRIES LTD,EVERGREEN,TRANSWORLD-DADRI,01-01-26,12-01-26,33632
1703,APRU5065551,PURE FOODSTUFF PRIVATE LIMITED,GOODRICH,TRANSWORLD-DADRI,07-01-26,12-01-26,33592
1580,TEMU9078854,IFF INDIA FROZEN FOODS PRIVATE LIMITED,HAPAG,TRANSWORLD-DADRI,09-01-26,12-01-26,33670
1582,HLBU9670029,IFF INDIA FROZEN FOODS PRIVATE LIMITED,HAPAG,TRANSWORLD-DADRI,09-01-26,12-01-26,33732.8
1638,UACU4748678,IFF INDIA FROZEN FOODS PRIVATE LIMITED,HAPAG,TRANSWORLD-DADRI,08-01-26,12-01-26,33632
1629,TTNU8056724,IFF INDIA FROZEN FOODS PRIVATE LIMITED,TRANSWORLD,TRANSWORLD-DADRI,08-01-26,12-01-26,33632
1790,OTPU6204039,AL-NASIR EXPORTS PVT LTD (U.P),WAN HAI,TRANSWORLD-DADRI,06-01-26,12-01-26,33642
1844,OTPU6203644,AL-AALI EXPORTS PVT LTD-(UP),WAN HAI,TRANSWORLD-DADRI,05-01-26,12-01-26,33632
1848,OTPU6759905,MIRHA EXPORTS PVT. LTD.(PUNJAB),WAN HAI,TRANSWORLD-DADRI,05-01-26,12-01-26,33345.4
1702,EMCU5430362,AL AMMAR FROZEN FOOD EXPORTS PVT LTD,EVERGREEN,TRANSWORLD-DADRI,07-01-26,13-01-26,33605.4
1573,SEGU9645885,MIRHA EXPORTS PVT. LTD.(PUNJAB),WAN HAI,TRANSWORLD-DADRI,09-01-26,13-01-26,33632
1699,OTPU6244279,HMA AGRO INDUSTRIES LTD,WAN HAI,TRANSWORLD-DADRI,07-01-26,13-01-26,33778
1318,ARKU5001633,IFF INDIA FROZEN FOODS PRIVATE LIMITED,ARKAS LINE,TRANSWORLD-DADRI,13-01-26,15-01-26,33892
1383,ARKU5007903,IFF INDIA FROZEN FOODS PRIVATE LIMITED,ARKAS LINE,TRANSWORLD-DADRI,12-01-26,15-01-26,33421.6
1393,ARKU5006759,IFF INDIA FROZEN FOODS PRIVATE LIMITED,ARKAS LINE,TRANSWORLD-DADRI,12-01-26,15-01-26,33716
1706,ARKU5003451,ARS AGRO FOODS,ARKAS LINE,TRANSWORLD-DADRI,07-01-26,15-01-26,33702
1707,ARKU5023437,IFF INDIA FROZEN FOODS PRIVATE LIMITED,ARKAS LINE,TRANSWORLD-DADRI,07-01-26,15-01-26,33780
1708,ARKU5000447,IFF INDIA FROZEN FOODS PRIVATE LIMITED,ARKAS LINE,TRANSWORLD-DADRI,07-01-26,15-01-26,33732.8
1390,TEMU9899280,HMA AGRO INDUSTRIES LTD,CMA,TRANSWORLD-DADRI,12-01-26,15-01-26,33780
1392,FSCU5962881,INTERNATIONAL AGRO FOODS,CMA,TRANSWORLD-DADRI,12-01-26,15-01-26,33345.4
1585,CGMU5336726,AL-NASIR EXPORTS PVT LTD (U.P),CMA,TRANSWORLD-DADRI,09-01-26,15-01-26,33732.8
1630,CGMU5097730,AL AMMAR FROZEN FOOD EXPORTS PVT LTD,CMA,TRANSWORLD-DADRI,08-01-26,15-01-26,33160.5
1578,SEKU9032810,HMA AGRO INDUSTRIES LTD,KMTC,TRANSWORLD-DADRI,09-01-26,15-01-26,33632
1572,SEKU9083838,AL-NASIR EXPORTS PVT LTD (U.P),WAN HAI,TRANSWORLD-DADRI,09-01-26,15-01-26,33702
1577,FBIU5397943,AL-NASIR EXPORTS PVT LTD (U.P),WAN HAI,TRANSWORLD-DADRI,09-01-26,15-01-26,33642
1231,ARKU5007333,IFF INDIA FROZEN FOODS PRIVATE LIMITED,ARKAS LINE,TRANSWORLD-DADRI,15-01-26,17-01-26,33702
1236,ARKU5016021,IFF INDIA FROZEN FOODS PRIVATE LIMITED,ARKAS LINE,TRANSWORLD-DADRI,15-01-26,17-01-26,33702
1250,ARKU5018301,IFF INDIA FROZEN FOODS PRIVATE LIMITED,ARKAS LINE,TRANSWORLD-DADRI,15-01-26,17-01-26,33632
1252,ARKU5014266,IFF INDIA FROZEN FOODS PRIVATE LIMITED,ARKAS LINE,TRANSWORLD-DADRI,14-01-26,17-01-26,33632
1253,SZLU9855993,IFF INDIA FROZEN FOODS PRIVATE LIMITED,ARKAS LINE,TRANSWORLD-DADRI,14-01-26,17-01-26,33452
1259,ARKU5014672,IFF INDIA FROZEN FOODS PRIVATE LIMITED,ARKAS LINE,TRANSWORLD-DADRI,14-01-26,17-01-26,33382
1261,ARKU5022765,IFF INDIA FROZEN FOODS PRIVATE LIMITED,ARKAS LINE,TRANSWORLD-DADRI,14-01-26,17-01-26,33632
1264,ARKU5022554,IFF INDIA FROZEN FOODS PRIVATE LIMITED,ARKAS LINE,TRANSWORLD-DADRI,14-01-26,17-01-26,33692
1265,ARKU5019951,IFF INDIA FROZEN FOODS PRIVATE LIMITED,ARKAS LINE,TRANSWORLD-DADRI,14-01-26,17-01-26,33605.4
1266,ARKU5008577,IFF INDIA FROZEN FOODS PRIVATE LIMITED,ARKAS LINE,TRANSWORLD-DADRI,14-01-26,17-01-26,33632
1270,ARKU5003786,IFF INDIA FROZEN FOODS PRIVATE LIMITED,ARKAS LINE,TRANSWORLD-DADRI,14-01-26,17-01-26,33712
1263,EMCU5575108,IFF INDIA FROZEN FOODS PRIVATE LIMITED,EVERGREEN,TRANSWORLD-DADRI,14-01-26,17-01-26,33991.75
1323,TRIU8515258,RAYBAN FROZEN FOODS PVT.LTD,GOODRICH,TRANSWORLD-DADRI,13-01-26,17-01-26,33632
1195,SZLU9547706,HMA AGRO INDUSTRIES LTD,SAMUDERA,TRANSWORLD-DADRI,16-01-26,17-01-26,33592
1269,OTPU6243605,MARHABA FROZEN FOODS,WAN HAI,TRANSWORLD-DADRI,14-01-26,17-01-26,33670
1384,OTPU6726732,MARHABA FROZEN FOODS,WAN HAI,TRANSWORLD-DADRI,12-01-26,17-01-26,33732.8
1639,SEGU9525215,HMA AGRO INDUSTRIES LTD,CMA,TRANSWORLD-DADRI,08-01-26,19-01-26,33642
1705,APRU6110249,RAYBAN FROZEN FOODS PVT.LTD,CMA,TRANSWORLD-DADRI,07-01-26,19-01-26,33632
1710,BMOU9808706,HMA AGRO INDUSTRIES LTD,CMA,TRANSWORLD-DADRI,07-01-26,19-01-26,33345.4
1789,BMOU9759094,HMA AGRO INDUSTRIES LTD,CMA,TRANSWORLD-DADRI,06-01-26,19-01-26,33605.4
1793,CGMU5283328,HMA AGRO INDUSTRIES LTD,CMA,TRANSWORLD-DADRI,06-01-26,19-01-26,33632
1845,BMOU9876974,HMA AGRO INDUSTRIES LTD,CMA,TRANSWORLD-DADRI,05-01-26,19-01-26,33778
1256,EMCU5440355,AL AMMAR FROZEN FOOD EXPORTS PVT LTD,EVERGREEN,TRANSWORLD-DADRI,14-01-26,19-01-26,33892
1388,EMCU5694365,AL AMMAR FROZEN FOOD EXPORTS PVT LTD,EVERGREEN,TRANSWORLD-DADRI,12-01-26,19-01-26,33421.6
1185,GMOU9026379,HMA AGRO INDUSTRIES LTD,GOLD STAR,TRANSWORLD-DADRI,16-01-26,19-01-26,33716
1197,GMOU9021037,HMA AGRO INDUSTRIES LTD,GOLD STAR,TRANSWORLD-DADRI,16-01-26,19-01-26,33702
1248,GMOU9003650,HMA AGRO INDUSTRIES LTD,GOLD STAR,TRANSWORLD-DADRI,15-01-26,19-01-26,33780
1262,GMOU9017778,HMA AGRO INDUSTRIES LTD,GOLD STAR,TRANSWORLD-DADRI,14-01-26,19-01-26,33732.8
1321,GMOU9017042,HMA AGRO INDUSTRIES LTD,GOLD STAR,TRANSWORLD-DADRI,13-01-26,19-01-26,33646
1322,GMOU9003141,HMA AGRO INDUSTRIES LTD,GOLD STAR,TRANSWORLD-DADRI,13-01-26,19-01-26,33780
1324,GMOU9028237,HMA AGRO INDUSTRIES LTD,GOLD STAR,TRANSWORLD-DADRI,13-01-26,19-01-26,33345.4
1330,GMOU9011830,HMA AGRO INDUSTRIES LTD,GOLD STAR,TRANSWORLD-DADRI,13-01-26,19-01-26,33732.8
1788,GMOU9027375,HMA AGRO INDUSTRIES LTD,GOLD STAR,TRANSWORLD-DADRI,06-01-26,19-01-26,33160.5
1846,GMOU9052146,HMA AGRO INDUSTRIES LTD,GOLD STAR,TRANSWORLD-DADRI,05-01-26,19-01-26,33632
2099,GMOU9040649,HMA AGRO INDUSTRIES LTD,GOLD STAR,TRANSWORLD-DADRI,02-01-26,19-01-26,33702
1255,WHSU2263506,MADHAVI IMPEX.,WAN HAI,TRANSWORLD-DADRI,14-01-26,19-01-26,33642
1317,OTPU6692381,AL-NASIR EXPORTS PVT LTD (U.P),WAN HAI,TRANSWORLD-DADRI,13-01-26,19-01-26,33702
1332,OTPU6687106,AL-NASIR EXPORTS PVT LTD (U.P),WAN HAI,TRANSWORLD-DADRI,13-01-26,19-01-26,33702
1386,OTPU6810191,HMA AGRO INDUSTRIES LTD,WAN HAI,TRANSWORLD-DADRI,12-01-26,19-01-26,33632
1190,SEGU9927169,AL-NASIR EXPORTS PVT LTD (U.P),WAN HAI,TRANSWORLD-DADRI,16-01-26,20-01-26,33632
1192,OTPU6194861,MEEM AGRO FOODS PVT LTD,WAN HAI,TRANSWORLD-DADRI,16-01-26,20-01-26,33452
1194,SEGU9617461,AL-NASIR EXPORTS PVT LTD (U.P),WAN HAI,TRANSWORLD-DADRI,16-01-26,20-01-26,33382
1233,FBIU5396295,AL-NASIR EXPORTS PVT LTD (U.P),WAN HAI,TRANSWORLD-DADRI,15-01-26,20-01-26,33632
1234,SEGU9757340,MARHABA FROZEN FOODS,WAN HAI,TRANSWORLD-DADRI,15-01-26,20-01-26,33692
1239,FBIU5386070,AL-NASIR EXPORTS PVT LTD (U.P),WAN HAI,TRANSWORLD-DADRI,15-01-26,20-01-26,33605.4
1247,OTPU6670248,INTERNATIONAL AGRO FOODS,WAN HAI,TRANSWORLD-DADRI,15-01-26,20-01-26,33632
1382,OTPU6808635,RAYBAN FROZEN FOODS PVT.LTD,WAN HAI,TRANSWORLD-DADRI,12-01-26,20-01-26,33712
1387,SEGU9753452,RAYBAN FROZEN FOODS PVT.LTD,WAN HAI,TRANSWORLD-DADRI,12-01-26,20-01-26,33991.75
1391,FBIU5387708,AL-NASIR EXPORTS PVT LTD (U.P),WAN HAI,TRANSWORLD-DADRI,12-01-26,20-01-26,33632
1316,SEKU9052729,MIRHA EXPORTS PVT. LTD.(PUNJAB),CMA,TRANSWORLD-DADRI,13-01-26,22-01-26,33670
1319,TXGU9002358,HMA AGRO INDUSTRIES LTD,CMA,TRANSWORLD-DADRI,13-01-26,22-01-26,33732.8
1320,CGMU5300132,HMA AGRO INDUSTRIES LTD,CMA,TRANSWORLD-DADRI,13-01-26,22-01-26,33632
1331,SEKU9006913,HMA AGRO INDUSTRIES LTD,CMA,TRANSWORLD-DADRI,13-01-26,22-01-26,33632
1333,SEGU9715771,HMA AGRO INDUSTRIES LTD,CMA,TRANSWORLD-DADRI,13-01-26,22-01-26,33642
1334,SZLU9883547,HMA AGRO INDUSTRIES LTD,CMA,TRANSWORLD-DADRI,13-01-26,22-01-26,33632
1335,BEAU9703378,HMA AGRO INDUSTRIES LTD,CMA,TRANSWORLD-DADRI,13-01-26,22-01-26,33345.4
1389,TRIU8131972,IFF INDIA FROZEN FOODS PRIVATE LIMITED,CMA,TRANSWORLD-DADRI,12-01-26,22-01-26,33605.4
1260,CXRU1177383,HMA AGRO INDUSTRIES LTD,CORTEN,TRANSWORLD-DADRI,14-01-26,22-01-26,33632
1267,BMOU9833519,HMA AGRO INDUSTRIES LTD,CORTEN,TRANSWORLD-DADRI,14-01-26,22-01-26,33778
1268,TRIU8669485,HMA AGRO INDUSTRIES LTD,CORTEN,TRANSWORLD-DADRI,14-01-26,22-01-26,33892
1325,SEGU9399312,HMA AGRO INDUSTRIES LTD,CORTEN,TRANSWORLD-DADRI,13-01-26,22-01-26,33421.6
1327,SEGU9320745,HMA AGRO INDUSTRIES LTD,CORTEN,TRANSWORLD-DADRI,13-01-26,22-01-26,33716
1328,BMOU9788127,HMA AGRO INDUSTRIES LTD,CORTEN,TRANSWORLD-DADRI,13-01-26,22-01-26,33702
1112,SEGU3282099,MADHAVI IMPEX.,KMTC,TRANSWORLD-DADRI,17-01-26,22-01-26,33780
986,OTPU6684196,AL-NASIR EXPORTS PVT LTD (U.P),WAN HAI,TRANSWORLD-DADRI,19-01-26,23-01-26,33732.8
987,OTPU6250332,MIRHA EXPORTS PVT. LTD.(PUNJAB),WAN HAI,TRANSWORLD-DADRI,19-01-26,23-01-26,33646
991,SZLU9733803,AL-NASIR EXPORTS PVT LTD (U.P),WAN HAI,TRANSWORLD-DADRI,19-01-26,23-01-26,33780
997,SZLU9754920,MIRHA EXPORTS PVT. LTD.(PUNJAB),WAN HAI,TRANSWORLD-DADRI,19-01-26,23-01-26,33345.4
1113,OTPU6773992,INTERNATIONAL AGRO FOODS,WAN HAI,TRANSWORLD-DADRI,17-01-26,23-01-26,33732.8
1114,OTPU6679498,AL-NASIR EXPORTS PVT LTD (U.P),WAN HAI,TRANSWORLD-DADRI,17-01-26,23-01-26,33160.5
896,ARKU5023761,IFF INDIA FROZEN FOODS PRIVATE LIMITED,ARKAS LINE,TRANSWORLD-DADRI,20-01-26,24-01-26,33632
900,GCXU8012490,IFF INDIA FROZEN FOODS PRIVATE LIMITED,ARKAS LINE,TRANSWORLD-DADRI,20-01-26,24-01-26,33702
903,ARKU5014034,IFF INDIA FROZEN FOODS PRIVATE LIMITED,ARKAS LINE,TRANSWORLD-DADRI,20-01-26,24-01-26,33642
905,ARKU5000180,IFF INDIA FROZEN FOODS PRIVATE LIMITED,ARKAS LINE,TRANSWORLD-DADRI,20-01-26,24-01-26,33702
990,ARKU5003507,IFF INDIA FROZEN FOODS PRIVATE LIMITED,ARKAS LINE,TRANSWORLD-DADRI,19-01-26,24-01-26,33702
993,ARKU5013830,IFF INDIA FROZEN FOODS PRIVATE LIMITED,ARKAS LINE,TRANSWORLD-DADRI,19-01-26,24-01-26,33632
813,CGMU5623536,AL AMMAR FROZEN FOOD EXPORTS PVT LTD,CMA,TRANSWORLD-DADRI,22-01-26,24-01-26,33632
825,CGMU5230101,MIRHA EXPORTS PVT. LTD.(PUNJAB),CMA,TRANSWORLD-DADRI,21-01-26,24-01-26,33452
893,SZLU9835657,HMA AGRO INDUSTRIES LTD,CMA,TRANSWORLD-DADRI,20-01-26,24-01-26,33382
895,CGMU6576336,AL-NASIR EXPORTS PVT LTD (U.P),CMA,TRANSWORLD-DADRI,20-01-26,24-01-26,33632
897,SEKU9005516,HMA AGRO INDUSTRIES LTD,CMA,TRANSWORLD-DADRI,20-01-26,24-01-26,33692
898,CGMU5117902,HMA AGRO INDUSTRIES LTD,CMA,TRANSWORLD-DADRI,20-01-26,24-01-26,33605.4
899,SZLU9628217,HMA AGRO INDUSTRIES LTD,CMA,TRANSWORLD-DADRI,20-01-26,24-01-26,33632
902,CGMU6596728,AL-NASIR EXPORTS PVT LTD (U.P),CMA,TRANSWORLD-DADRI,20-01-26,24-01-26,33712
904,SZLU9865121,HMA AGRO INDUSTRIES LTD,CMA,TRANSWORLD-DADRI,20-01-26,24-01-26,33991.75
906,CXRU1087530,HMA AGRO INDUSTRIES LTD,CMA,TRANSWORLD-DADRI,20-01-26,24-01-26,33632
907,CGMU5609712,HMA AGRO INDUSTRIES LTD,CMA,TRANSWORLD-DADRI,20-01-26,24-01-26,33592
1186,CGMU5380396,AL-NASIR EXPORTS PVT LTD (U.P),CMA,TRANSWORLD-DADRI,16-01-26,24-01-26,33670
1191,FSCU5918153,AL AMMAR FROZEN FOOD EXPORTS PVT LTD,CMA,TRANSWORLD-DADRI,16-01-26,24-01-26,33732.8
1193,TTNU8203173,HMA AGRO INDUSTRIES LTD,CMA,TRANSWORLD-DADRI,16-01-26,24-01-26,33632
1196,ATKU4111645,HMA AGRO INDUSTRIES LTD,CMA,TRANSWORLD-DADRI,16-01-26,24-01-26,33632
1230,CGMU5531168,AL-NASIR EXPORTS PVT LTD (U.P),CMA,TRANSWORLD-DADRI,15-01-26,24-01-26,33642
1232,SEKU9068520,HMA AGRO INDUSTRIES LTD,CMA,TRANSWORLD-DADRI,15-01-26,24-01-26,33632
1238,SEKU9144487,AL-NASIR EXPORTS PVT LTD (U.P),CMA,TRANSWORLD-DADRI,15-01-26,24-01-26,33345.4
1241,TEMU9269444,AL-NASIR EXPORTS PVT LTD (U.P),CMA,TRANSWORLD-DADRI,15-01-26,24-01-26,33605.4
1242,CGMU6568557,INTERNATIONAL AGRO FOODS,CMA,TRANSWORLD-DADRI,15-01-26,24-01-26,33632
1243,SILU7004480,AL-NASIR EXPORTS PVT LTD (U.P),CMA,TRANSWORLD-DADRI,15-01-26,24-01-26,33778
1249,FBIU5114468,AL-NASIR EXPORTS PVT LTD (U.P),CMA,TRANSWORLD-DADRI,15-01-26,24-01-26,33892
1326,CGMU5162080,MEATGEEKS PROTEINS PRIVATE LIMITED-(UP),CMA,TRANSWORLD-DADRI,13-01-26,24-01-26,33421.6
1111,ARKU5012432,IFF INDIA FROZEN FOODS PRIVATE LIMITED,ARKAS LINE,TRANSWORLD-DADRI,17-01-26,25-01-26,33716
815,CGMU6596986,HMA AGRO INDUSTRIES LTD,CMA,TRANSWORLD-DADRI,22-01-26,25-01-26,33702
999,CGMU5759559,HMA AGRO INDUSTRIES LTD,CMA,TRANSWORLD-DADRI,19-01-26,25-01-26,33780
1002,TCLU1132036,HMA AGRO INDUSTRIES LTD,CMA,TRANSWORLD-DADRI,19-01-26,25-01-26,33732.8
774,ARKU5017671,IFF INDIA FROZEN FOODS PRIVATE LIMITED,ARKAS LINE,TRANSWORLD-DADRI,23-01-26,26-01-26,33646
780,ARKU5005325,IFF INDIA FROZEN FOODS PRIVATE LIMITED,ARKAS LINE,TRANSWORLD-DADRI,23-01-26,26-01-26,33780
783,ARKU5015703,IFF INDIA FROZEN FOODS PRIVATE LIMITED,ARKAS LINE,TRANSWORLD-DADRI,23-01-26,26-01-26,33345.4
1115,EMCU5621414,AL AMMAR FROZEN FOOD EXPORTS PVT LTD,EVERGREEN,TRANSWORLD-DADRI,17-01-26,26-01-26,33732.8
1237,EGSU5075360,AL AMMAR FROZEN FOOD EXPORTS PVT LTD,EVERGREEN,TRANSWORLD-DADRI,15-01-26,26-01-26,33160.5
1240,EGSU5093738,MIRHA EXPORTS PVT. LTD.(PUNJAB),EVERGREEN,TRANSWORLD-DADRI,15-01-26,26-01-26,33632
1245,EMCU5705984,AL AMMAR FROZEN FOOD EXPORTS PVT LTD,EVERGREEN,TRANSWORLD-DADRI,15-01-26,26-01-26,33702
901,HLBU9406504,IFF INDIA FROZEN FOODS PRIVATE LIMITED,HAPAG,TRANSWORLD-DADRI,20-01-26,26-01-26,33642
1187,HLBU9147743,IFF INDIA FROZEN FOODS PRIVATE LIMITED,HAPAG,TRANSWORLD-DADRI,16-01-26,26-01-26,33702
1189,HLBU9124162,IFF INDIA FROZEN FOODS PRIVATE LIMITED,HAPAG,TRANSWORLD-DADRI,16-01-26,26-01-26,33702
1198,HLBU9431744,IFF INDIA FROZEN FOODS PRIVATE LIMITED,HAPAG,TRANSWORLD-DADRI,16-01-26,26-01-26,33632
1200,HLBU9332042,IFF INDIA FROZEN FOODS PRIVATE LIMITED,HAPAG,TRANSWORLD-DADRI,16-01-26,26-01-26,33632
779,OOLU6500058,MEEM AGRO FOODS PVT LTD,OOCL,TRANSWORLD-DADRI,23-01-26,26-01-26,33452
894,FSCU5311452,AL-NASIR EXPORTS PVT LTD (U.P),OOCL,TRANSWORLD-DADRI,20-01-26,26-01-26,33382
1188,OTPU6244833,AL-NASIR EXPORTS PVT LTD (U.P),WAN HAI,TRANSWORLD-DADRI,16-01-26,26-01-26,33632
1235,SEGU9620085,HMA AGRO INDUSTRIES LTD,WAN HAI,TRANSWORLD-DADRI,15-01-26,26-01-26,33692
1244,SZLU9737985,HMA AGRO INDUSTRIES LTD,WAN HAI,TRANSWORLD-DADRI,15-01-26,26-01-26,33605.4
1246,OTPU6193103,AL-NASIR EXPORTS PVT LTD (U.P),WAN HAI,TRANSWORLD-DADRI,15-01-26,26-01-26,33632
1251,OTPU6804352,HMA AGRO INDUSTRIES LTD,WAN HAI,TRANSWORLD-DADRI,14-01-26,26-01-26,33712
1254,FBIU5302450,AL-NASIR EXPORTS PVT LTD (U.P),WAN HAI,TRANSWORLD-DADRI,14-01-26,26-01-26,33991.75
1257,SEKU9192232,MIRHA EXPORTS PVT. LTD.(PUNJAB),WAN HAI,TRANSWORLD-DADRI,14-01-26,26-01-26,33632
1258,SEGU9677497,HMA AGRO INDUSTRIES LTD,WAN HAI,TRANSWORLD-DADRI,14-01-26,26-01-26,33592
1329,WHSU2850777,MADHAVI IMPEX.,WAN HAI,TRANSWORLD-DADRI,13-01-26,26-01-26,33670
710,TRIU8691339,HMA AGRO INDUSTRIES LTD,CMA,TRANSWORLD-DADRI,24-01-26,28-01-26,33732.8
712,SZLU9082656,IFF INDIA FROZEN FOODS PRIVATE LIMITED,CMA,TRANSWORLD-DADRI,24-01-26,28-01-26,33632
772,TEMU9460960,AL-NASIR EXPORTS PVT LTD (U.P),CMA,TRANSWORLD-DADRI,23-01-26,28-01-26,33632
786,CGMU5277412,MEEM AGRO FOODS PVT LTD,CMA,TRANSWORLD-DADRI,23-01-26,28-01-26,33642
814,CGMU5225152,HMA AGRO INDUSTRIES LTD,CMA,TRANSWORLD-DADRI,22-01-26,28-01-26,33632
768,TRIU8950363,PURE FOODSTUFF PRIVATE LIMITED,CORTEN,TRANSWORLD-DADRI,23-01-26,28-01-26,33345.4
769,TTNU8189455,AL AMMAR FROZEN FOOD EXPORTS PVT LTD,CORTEN,TRANSWORLD-DADRI,23-01-26,28-01-26,33605.4
770,SEGU9481821,PURE FOODSTUFF PRIVATE LIMITED,CORTEN,TRANSWORLD-DADRI,23-01-26,28-01-26,33632
781,CXRU1211235,AL AMMAR FROZEN FOOD EXPORTS PVT LTD,CORTEN,TRANSWORLD-DADRI,23-01-26,28-01-26,33778
782,TTNU8436679,PURE FOODSTUFF PRIVATE LIMITED,CORTEN,TRANSWORLD-DADRI,23-01-26,28-01-26,33892
784,BMOU9836483,AL AMMAR FROZEN FOOD EXPORTS PVT LTD,CORTEN,TRANSWORLD-DADRI,23-01-26,28-01-26,33421.6
435,ARKU5007246,AL AMMAR FROZEN FOOD EXPORTS PVT LTD,ARKAS LINE,TRANSWORLD-DADRI,27-01-26,29-01-26,33702
436,ARKU5009573,IFF INDIA FROZEN FOODS PRIVATE LIMITED,ARKAS LINE,TRANSWORLD-DADRI,27-01-26,29-01-26,33780
440,ARKU5022174,IFF INDIA FROZEN FOODS PRIVATE LIMITED,ARKAS LINE,TRANSWORLD-DADRI,27-01-26,29-01-26,33732.8
444,ARKU5002270,AL AMMAR FROZEN FOOD EXPORTS PVT LTD,ARKAS LINE,TRANSWORLD-DADRI,27-01-26,29-01-26,33646
713,ARKU5027710,PETAL EXPORTS,ARKAS LINE,TRANSWORLD-DADRI,24-01-26,29-01-26,33780
715,ARKU5003343,AL AMMAR FROZEN FOOD EXPORTS PVT LTD,ARKAS LINE,TRANSWORLD-DADRI,24-01-26,29-01-26,33345.4
988,ARKU5010281,AL AMMAR FROZEN FOOD EXPORTS PVT LTD,ARKAS LINE,TRANSWORLD-DADRI,19-01-26,29-01-26,33732.8
989,ARKU5008509,AL AMMAR FROZEN FOOD EXPORTS PVT LTD,ARKAS LINE,TRANSWORLD-DADRI,19-01-26,29-01-26,33160.5
992,ARKU5015745,AL AMMAR FROZEN FOOD EXPORTS PVT LTD,ARKAS LINE,TRANSWORLD-DADRI,19-01-26,29-01-26,33632
994,ARKU5024897,AL AMMAR FROZEN FOOD EXPORTS PVT LTD,ARKAS LINE,TRANSWORLD-DADRI,19-01-26,29-01-26,33702
998,ARKU5012540,AL AMMAR FROZEN FOOD EXPORTS PVT LTD,ARKAS LINE,TRANSWORLD-DADRI,19-01-26,29-01-26,33642
767,GMOU9033402,INTERNATIONAL AGRO FOODS,GOLD STAR,TRANSWORLD-DADRI,23-01-26,29-01-26,33702
773,GMOU9051514,INTERNATIONAL AGRO FOODS,GOLD STAR,TRANSWORLD-DADRI,23-01-26,29-01-26,33702
776,GMOU9052594,INTERNATIONAL AGRO FOODS,GOLD STAR,TRANSWORLD-DADRI,23-01-26,29-01-26,33632
809,GMOU9052418,INTERNATIONAL AGRO FOODS,GOLD STAR,TRANSWORLD-DADRI,22-01-26,29-01-26,33632
810,GMOU9029953,INTERNATIONAL AGRO FOODS,GOLD STAR,TRANSWORLD-DADRI,22-01-26,29-01-26,33452
812,GMOU9023791,INTERNATIONAL AGRO FOODS,GOLD STAR,TRANSWORLD-DADRI,22-01-26,29-01-26,33382
816,GMOU9039988,INTERNATIONAL AGRO FOODS,GOLD STAR,TRANSWORLD-DADRI,22-01-26,29-01-26,33632
830,GMOU9030511,MIRHA EXPORTS PVT. LTD.(PUNJAB),GOLD STAR,TRANSWORLD-DADRI,21-01-26,29-01-26,33692
323,SEKU9363973,AL-NASIR EXPORTS PVT LTD (U.P),WAN HAI,TRANSWORLD-DADRI,28-01-26,29-01-26,33605.4
434,SEGU9748292,HMA AGRO INDUSTRIES LTD,WAN HAI,TRANSWORLD-DADRI,27-01-26,29-01-26,33632
439,FBIU5119222,AL-NASIR EXPORTS PVT LTD (U.P),WAN HAI,TRANSWORLD-DADRI,27-01-26,29-01-26,33712
445,FBIU5302505,HMA AGRO INDUSTRIES LTD,WAN HAI,TRANSWORLD-DADRI,27-01-26,29-01-26,33991.75
771,OTPU6759720,MIRHA EXPORTS PVT. LTD.(PUNJAB),WAN HAI,TRANSWORLD-DADRI,23-01-26,29-01-26,33632
775,OTPU6252649,IFF INDIA FROZEN FOODS PRIVATE LIMITED,WAN HAI,TRANSWORLD-DADRI,23-01-26,29-01-26,33592
777,SEKU9111230,IFF INDIA FROZEN FOODS PRIVATE LIMITED,WAN HAI,TRANSWORLD-DADRI,23-01-26,29-01-26,33670
214,CGMU5553399,AL AAYAT FOOD EXPO PVT. LTD,CMA,TRANSWORLD-DADRI,29-01-26,31-01-26,33732.8
313,CXRU1313371,HMA AGRO INDUSTRIES LTD,CMA,TRANSWORLD-DADRI,28-01-26,31-01-26,33632
315,CGMU5603566,AL-NASIR EXPORTS PVT LTD (U.P),CMA,TRANSWORLD-DADRI,28-01-26,31-01-26,33632
321,CGMU6509831,HMA AGRO INDUSTRIES LTD,CMA,TRANSWORLD-DADRI,28-01-26,31-01-26,33642
322,APRU6115282,AL-NASIR EXPORTS PVT LTD (U.P),CMA,TRANSWORLD-DADRI,28-01-26,31-01-26,33632
327,SEKU9130014,HMA AGRO INDUSTRIES LTD,CMA,TRANSWORLD-DADRI,28-01-26,31-01-26,33345.4
329,SZLU9882812,HMA AGRO INDUSTRIES LTD,CMA,TRANSWORLD-DADRI,28-01-26,31-01-26,33605.4
433,TTNU8318491,AL-NASIR EXPORTS PVT LTD (U.P),CMA,TRANSWORLD-DADRI,27-01-26,31-01-26,33632
441,SZLU9627139,HMA AGRO INDUSTRIES LTD,CMA,TRANSWORLD-DADRI,27-01-26,31-01-26,33778
446,TRIU8851680,AL AMMAR FROZEN FOOD EXPORTS PVT LTD,GOODRICH,TRANSWORLD-DADRI,27-01-26,31-01-26,33892
212,SEKU9056914,IFF INDIA FROZEN FOODS PRIVATE LIMITED,CMA,TRANSWORLD-DADRI,29-01-26,03-02-26,33421.6
437,CGMU5464239,AL HASSAN OVRESEAS  PVT LTD-UP,CMA,TRANSWORLD-DADRI,27-01-26,03-02-26,33716
204,EMCU5396102,HMA AGRO INDUSTRIES LTD,EVERGREEN,TRANSWORLD-DADRI,29-01-26,03-02-26,33702
325,EMCU5509641,HMA AGRO INDUSTRIES LTD,EVERGREEN,TRANSWORLD-DADRI,28-01-26,03-02-26,33780
438,EGSU5027187,MARHABA FROZEN FOODS,EVERGREEN,TRANSWORLD-DADRI,27-01-26,03-02-26,33732.8
443,EGSU5097163,AL AMMAR FROZEN FOOD EXPORTS PVT LTD,EVERGREEN,TRANSWORLD-DADRI,27-01-26,03-02-26,33646
711,EMCU5478197,AL-NASIR EXPORTS PVT LTD (U.P),EVERGREEN,TRANSWORLD-DADRI,24-01-26,03-02-26,33780
831,EMCU5446137,MARHABA FROZEN FOODS,EVERGREEN,TRANSWORLD-DADRI,21-01-26,03-02-26,33345.4
91,ARKU5002394,IFF INDIA FROZEN FOODS PRIVATE LIMITED,ARKAS LINE,TRANSWORLD-DADRI,30-01-26,04-02-26,33732.8
211,ARKU5033944,IFF INDIA FROZEN FOODS PRIVATE LIMITED,ARKAS LINE,TRANSWORLD-DADRI,29-01-26,04-02-26,33160.5
318,ARKU5010548,AL AMMAR FROZEN FOOD EXPORTS PVT LTD,ARKAS LINE,TRANSWORLD-DADRI,28-01-26,04-02-26,33632
324,ARKU5016607,AL AMMAR FROZEN FOOD EXPORTS PVT LTD,ARKAS LINE,TRANSWORLD-DADRI,28-01-26,04-02-26,33702
97,FBIU5106647,AL AAYAT FOOD EXPO PVT. LTD,CMA,TRANSWORLD-DADRI,30-01-26,04-02-26,33642
104,SEGU9482221,HMA AGRO INDUSTRIES LTD,CMA,TRANSWORLD-DADRI,30-01-26,04-02-26,33702
209,TCLU1332230,IFF INDIA FROZEN FOODS PRIVATE LIMITED,CMA,TRANSWORLD-DADRI,29-01-26,04-02-26,33702
326,CGMU8001710,IFF INDIA FROZEN FOODS PRIVATE LIMITED,CMA,TRANSWORLD-DADRI,28-01-26,04-02-26,33632
27,OOLU6261890,AL-NASIR EXPORTS PVT LTD (U.P),OOCL,TRANSWORLD-DADRI,31-01-26,04-02-26,33452
19,OTPU6200882,AL-NASIR EXPORTS PVT LTD (U.P),WAN HAI,TRANSWORLD-DADRI,31-01-26,04-02-26,33382
22,SEGU9857360,AL-NASIR EXPORTS PVT LTD (U.P),WAN HAI,TRANSWORLD-DADRI,31-01-26,04-02-26,33632
96,SEGU9919820,AL-NASIR EXPORTS PVT LTD (U.P),WAN HAI,TRANSWORLD-DADRI,30-01-26,04-02-26,33692
98,FBIU5324382,HMA AGRO INDUSTRIES LTD,WAN HAI,TRANSWORLD-DADRI,30-01-26,04-02-26,33605.4
100,FBIU5384653,HMA AGRO INDUSTRIES LTD,WAN HAI,TRANSWORLD-DADRI,30-01-26,04-02-26,33632
102,SEKU9191025,HMA AGRO INDUSTRIES LTD,WAN HAI,TRANSWORLD-DADRI,30-01-26,04-02-26,33712
103,SEKU9111950,HMA AGRO INDUSTRIES LTD,WAN HAI,TRANSWORLD-DADRI,30-01-26,04-02-26,33991.75
107,OTPU6205101,MARHABA FROZEN FOODS,WAN HAI,TRANSWORLD-DADRI,30-01-26,04-02-26,33632
109,FBIU5308329,HMA AGRO INDUSTRIES LTD,WAN HAI,TRANSWORLD-DADRI,30-01-26,04-02-26,33592
92,ARKU5006281,IFF INDIA FROZEN FOODS PRIVATE LIMITED,ARKAS LINE,TRANSWORLD-DADRI,30-01-26,05-02-26,33670
101,ARKU5013064,IFF INDIA FROZEN FOODS PRIVATE LIMITED,ARKAS LINE,TRANSWORLD-DADRI,30-01-26,05-02-26,33732.8
20,CGMU5444382,RAYBAN FROZEN FOODS PVT.LTD,CMA,TRANSWORLD-DADRI,31-01-26,05-02-26,33632
99,CGMU5631927,RAYBAN FROZEN FOODS PVT.LTD,CMA,TRANSWORLD-DADRI,30-01-26,05-02-26,33632
208,SEKU9286748,HMA AGRO INDUSTRIES LTD,CMA,TRANSWORLD-DADRI,29-01-26,05-02-26,33642
811,EMCU5510278,AL-AALI EXPORTS PVT LTD-(UP),EVERGREEN,TRANSWORLD-DADRI,22-01-26,05-02-26,33632
2098,HLBU9055781,AL-NASIR EXPORTS PVT LTD (U.P),HAPAG,TRANSWORLD-DADRI,02-02-26,05-02-26,33345.4
215,SEGU9914217,MIRHA EXPORTS PVT. LTD.(PUNJAB),WAN HAI,TRANSWORLD-DADRI,29-01-26,05-02-26,33605.4
1936,SEKU9151510,HMA AGRO INDUSTRIES LTD,WAN HAI,TRANSWORLD-DADRI,04-02-26,05-02-26,33632
2002,SEGU9755901,MIRHA EXPORTS PVT. LTD.(PUNJAB),WAN HAI,TRANSWORLD-DADRI,03-02-26,05-02-26,33778
2089,FBIU5119449,MIRHA EXPORTS PVT. LTD.(PUNJAB),WAN HAI,TRANSWORLD-DADRI,02-02-26,05-02-26,33892
108,AMCU9316013,HMA AGRO INDUSTRIES LTD,CMA,TRANSWORLD-DADRI,30-01-26,07-02-26,33716
1841,SZLU9493786,HMA AGRO INDUSTRIES LTD,CMA,TRANSWORLD-DADRI,05-02-26,07-02-26,33702
1937,TTNU8381895,HMA AGRO INDUSTRIES LTD,CMA,TRANSWORLD-DADRI,04-02-26,07-02-26,33780
316,CSCU1018187,AL HASSAN OVRESEAS  PVT LTD-UP,CORTEN,TRANSWORLD-DADRI,28-01-26,07-02-26,33732.8
1773,SEGU9007160,MIRHA EXPORTS PVT. LTD.(PUNJAB),CORTEN,TRANSWORLD-DADRI,06-02-26,07-02-26,33646
1775,SEGU9400141,MIRHA EXPORTS PVT. LTD.(PUNJAB),CORTEN,TRANSWORLD-DADRI,06-02-26,07-02-26,33780
1778,SEGU9163332,MIRHA EXPORTS PVT. LTD.(PUNJAB),CORTEN,TRANSWORLD-DADRI,06-02-26,07-02-26,33345.4
1783,BMOU9835363,MIRHA EXPORTS PVT. LTD.(PUNJAB),CORTEN,TRANSWORLD-DADRI,06-02-26,07-02-26,33732.8
1940,TRIU8094971,AL AMMAR FROZEN FOOD EXPORTS PVT LTD,CORTEN,TRANSWORLD-DADRI,04-02-26,07-02-26,33160.5
1941,CXRU1129425,AL AMMAR FROZEN FOOD EXPORTS PVT LTD,CORTEN,TRANSWORLD-DADRI,04-02-26,07-02-26,33632
1942,AMHU8001318,AL AMMAR FROZEN FOOD EXPORTS PVT LTD,CORTEN,TRANSWORLD-DADRI,04-02-26,07-02-26,33702
1769,EMCU5709038,HMA AGRO INDUSTRIES LTD,EVERGREEN,TRANSWORLD-DADRI,06-02-26,07-02-26,33642
1833,EMCU5695952,AL AAYAT FOOD EXPO PVT. LTD,EVERGREEN,TRANSWORLD-DADRI,05-02-26,07-02-26,33702
1939,EMCU5745740,HMA AGRO INDUSTRIES LTD,EVERGREEN,TRANSWORLD-DADRI,04-02-26,07-02-26,33702
1993,EMCU5750725,HMA AGRO INDUSTRIES LTD,EVERGREEN,TRANSWORLD-DADRI,03-02-26,07-02-26,33632
2088,EMCU5511248,AL-AALI EXPORTS PVT LTD-(UP),EVERGREEN,TRANSWORLD-DADRI,02-02-26,07-02-26,33632
1990,HLBU9213064,HMA AGRO INDUSTRIES LTD,HAPAG,TRANSWORLD-DADRI,03-02-26,07-02-26,33452
1997,HLBU9102749,HMA AGRO INDUSTRIES LTD,HAPAG,TRANSWORLD-DADRI,03-02-26,07-02-26,33382
2001,HLBU9637102,HMA AGRO INDUSTRIES LTD,HAPAG,TRANSWORLD-DADRI,03-02-26,07-02-26,33632
2004,FTAU1116464,MADHAVI IMPEX.,KMTC,TRANSWORLD-DADRI,03-02-26,07-02-26,33692
442,OOLU6470755,AL-NASIR EXPORTS PVT LTD (U.P),OOCL,TRANSWORLD-DADRI,27-01-26,07-02-26,33605.4
788,OOLU6471392,AL-NASIR EXPORTS PVT LTD (U.P),OOCL,TRANSWORLD-DADRI,23-01-26,07-02-26,33632
2087,OOLU6462317,AL-NASIR EXPORTS PVT LTD (U.P),OOCL,TRANSWORLD-DADRI,02-02-26,07-02-26,33712
2094,OOLU6442291,AL-NASIR EXPORTS PVT LTD (U.P),OOCL,TRANSWORLD-DADRI,02-02-26,07-02-26,33991.75
43,FBIU5123752,HMA AGRO INDUSTRIES LTD,WAN HAI,TRANSWORLD-DADRI,30-10-25,07-02-26,33632
1766,SEGU9953039,AL-NASIR EXPORTS PVT LTD (U.P),WAN HAI,TRANSWORLD-DADRI,06-02-26,07-02-26,33592
1830,SEKU9371198,MIRHA EXPORTS PVT. LTD.(PUNJAB),WAN HAI,TRANSWORLD-DADRI,05-02-26,07-02-26,33670
1831,FBIU5123752,IFF INDIA FROZEN FOODS PRIVATE LIMITED,WAN HAI,TRANSWORLD-DADRI,05-02-26,07-02-26,33732.8
1834,SZLU9735405,MIRHA EXPORTS PVT. LTD.(PUNJAB),WAN HAI,TRANSWORLD-DADRI,05-02-26,07-02-26,33632
1697,EMCU5742165,HMA AGRO INDUSTRIES LTD,EVERGREEN,TRANSWORLD-DADRI,07-02-26,09-02-26,33632
1776,EMCU5647194,HMA AGRO INDUSTRIES LTD,EVERGREEN,TRANSWORLD-DADRI,06-02-26,09-02-26,33642
1777,EMCU5622600,HMA AGRO INDUSTRIES LTD,EVERGREEN,TRANSWORLD-DADRI,06-02-26,09-02-26,33632
1838,EMCU5609403,HMA AGRO INDUSTRIES LTD,EVERGREEN,TRANSWORLD-DADRI,05-02-26,09-02-26,33345.4
1765,ARKU5009233,IFF INDIA FROZEN FOODS PRIVATE LIMITED,ARKAS LINE,TRANSWORLD-DADRI,06-02-26,10-02-26,33605.4
1782,ARKU5006260,IFF INDIA FROZEN FOODS PRIVATE LIMITED,ARKAS LINE,TRANSWORLD-DADRI,06-02-26,10-02-26,33632
1840,ARKU5026971,ARS AGRO FOODS,ARKAS LINE,TRANSWORLD-DADRI,05-02-26,10-02-26,33778
1836,BMOU9896646,IFF INDIA FROZEN FOODS PRIVATE LIMITED,CMA,TRANSWORLD-DADRI,05-02-26,10-02-26,33892
1996,FBIU5207350,HMA AGRO INDUSTRIES LTD,CMA,TRANSWORLD-DADRI,03-02-26,10-02-26,33421.6
1999,TCLU1211500,HMA AGRO INDUSTRIES LTD,CMA,TRANSWORLD-DADRI,03-02-26,10-02-26,33716
2086,AMCU9308229,AL AMMAR FROZEN FOOD EXPORTS PVT LTD,CMA,TRANSWORLD-DADRI,02-02-26,10-02-26,33702
1696,HLBU9639743,HMA AGRO INDUSTRIES LTD,HAPAG,TRANSWORLD-DADRI,07-02-26,10-02-26,33780
26,OOLU6247865,RAYBAN FROZEN FOODS PVT.LTD,OOCL,TRANSWORLD-DADRI,31-01-26,10-02-26,33732.8
1938,OOLU6337280,MEEM AGRO FOODS PVT LTD,OOCL,TRANSWORLD-DADRI,04-02-26,10-02-26,33646
2092,OOLU6281685,KIRPA RAM DAIRY PRIVATE LIMITED,OOCL,TRANSWORLD-DADRI,02-02-26,10-02-26,33780
1780,OTPU6663064,AL-NASIR EXPORTS PVT LTD (U.P),SAMUDERA,TRANSWORLD-DADRI,06-02-26,10-02-26,33345.4
1842,SZLU9539059,HMA AGRO INDUSTRIES LTD,SAMUDERA,TRANSWORLD-DADRI,05-02-26,10-02-26,33732.8
2003,OTPU6674238,HMA AGRO INDUSTRIES LTD,SAMUDERA,TRANSWORLD-DADRI,03-02-26,10-02-26,33160.5
1690,SEGU9614694,HMA AGRO INDUSTRIES LTD,WAN HAI,TRANSWORLD-DADRI,07-02-26,10-02-26,33632
1693,OTPU6774052,HMA AGRO INDUSTRIES LTD,WAN HAI,TRANSWORLD-DADRI,07-02-26,10-02-26,33702
1695,OTPU6754143,HMA AGRO INDUSTRIES LTD,WAN HAI,TRANSWORLD-DADRI,07-02-26,10-02-26,33642
397,ARKU5006928,IFF INDIA FROZEN FOODS PRIVATE LIMITED,ARKAS LINE,TRANSWORLD-DADRI,27-08-25,11-02-26,33702
1691,AMCU9365342,HMA AGRO INDUSTRIES LTD,CMA,TRANSWORLD-DADRI,07-02-26,12-02-26,33452
1692,SZLU9885128,MARHABA FROZEN FOODS,CMA,TRANSWORLD-DADRI,07-02-26,12-02-26,33382
1694,SILU7009287,MARHABA FROZEN FOODS,CMA,TRANSWORLD-DADRI,07-02-26,12-02-26,33632
1832,CGMU5322846,HMA AGRO INDUSTRIES LTD,CMA,TRANSWORLD-DADRI,05-02-26,12-02-26,33692
1839,SEGU9711586,IFF INDIA FROZEN FOODS PRIVATE LIMITED,CMA,TRANSWORLD-DADRI,05-02-26,12-02-26,33605.4
1544,CGMU5198653,MIRHA EXPORTS PVT. LTD.(PUNJAB),CMA,TRANSWORLD-DADRI,09-02-26,13-02-26,33632
1558,CGMU5350658,AL AAYAT FOOD EXPO PVT. LTD,CMA,TRANSWORLD-DADRI,09-02-26,13-02-26,33712
1688,SEKU9069465,HMA AGRO INDUSTRIES LTD,CMA,TRANSWORLD-DADRI,07-02-26,13-02-26,33991.75
1447,HLBU9422130,AL-NASIR EXPORTS PVT LTD (U.P),HAPAG,TRANSWORLD-DADRI,11-02-26,13-02-26,33632
1448,TTNU8536106,AL-NASIR EXPORTS PVT LTD (U.P),HAPAG,TRANSWORLD-DADRI,11-02-26,13-02-26,33592
1491,TCLU1044470,AL-NASIR EXPORTS PVT LTD (U.P),HAPAG,TRANSWORLD-DADRI,10-02-26,13-02-26,33670
1493,HLBU9853307,AL-NASIR EXPORTS PVT LTD (U.P),HAPAG,TRANSWORLD-DADRI,10-02-26,13-02-26,33732.8
1495,HLBU9858989,AL-NASIR EXPORTS PVT LTD (U.P),HAPAG,TRANSWORLD-DADRI,10-02-26,13-02-26,33632
1772,HLBU9171837,AL-NASIR EXPORTS PVT LTD (U.P),HAPAG,TRANSWORLD-DADRI,06-02-26,13-02-26,33632
1561,SZLU9551239,AL-NASIR EXPORTS PVT LTD (U.P),SAMUDERA,TRANSWORLD-DADRI,09-02-26,13-02-26,33642
1295,EMCU5543522,AL-NASIR EXPORTS PVT LTD (U.P),EVERGREEN,TRANSWORLD-DADRI,13-02-26,14-02-26,33632
1311,EMCU5578961,IFF INDIA FROZEN FOODS PRIVATE LIMITED,EVERGREEN,TRANSWORLD-DADRI,13-02-26,14-02-26,33345.4
1380,EMCU5387060,HMA AGRO INDUSTRIES LTD,EVERGREEN,TRANSWORLD-DADRI,12-02-26,14-02-26,33605.4
1436,EMCU5728608,AL AAYAT FOOD EXPO PVT. LTD,EVERGREEN,TRANSWORLD-DADRI,11-02-26,14-02-26,33632
1546,EMCU5697003,HMA AGRO INDUSTRIES LTD,EVERGREEN,TRANSWORLD-DADRI,09-02-26,14-02-26,33778
1554,EMCU5555061,HMA AGRO INDUSTRIES LTD,EVERGREEN,TRANSWORLD-DADRI,09-02-26,14-02-26,33892
1379,CGMU5545705,HMA AGRO INDUSTRIES LTD,CMA,TRANSWORLD-DADRI,12-02-26,16-02-26,33421.6
1435,BMOU9660687,HMA AGRO INDUSTRIES LTD,CMA,TRANSWORLD-DADRI,11-02-26,16-02-26,33716
1438,CGMU5105408,AL AAYAT FOOD EXPO PVT. LTD,CMA,TRANSWORLD-DADRI,11-02-26,16-02-26,33702
1496,CGMU5361652,HMA AGRO INDUSTRIES LTD,CMA,TRANSWORLD-DADRI,10-02-26,16-02-26,33780
1497,SEGU9530119,MARHABA FROZEN FOODS,CMA,TRANSWORLD-DADRI,10-02-26,16-02-26,33732.8
1498,CGMU5631280,AL-NASIR EXPORTS PVT LTD (U.P),CMA,TRANSWORLD-DADRI,10-02-26,16-02-26,33646
1540,SEGU9012104,AL AAYAT FOOD EXPO PVT. LTD,CMA,TRANSWORLD-DADRI,09-02-26,16-02-26,33780
1564,CGMU9367807,HMA AGRO INDUSTRIES LTD,CMA,TRANSWORLD-DADRI,09-02-26,16-02-26,33345.4
1568,CGMU5441110,AL AMMAR FROZEN FOOD EXPORTS PVT LTD,CMA,TRANSWORLD-DADRI,09-02-26,16-02-26,33732.8
1760,SEGU9558230,IFF INDIA FROZEN FOODS PRIVATE LIMITED,CMA,TRANSWORLD-DADRI,06-02-26,16-02-26,33160.5
1835,CGMU6542336,IFF INDIA FROZEN FOODS PRIVATE LIMITED,CMA,TRANSWORLD-DADRI,05-02-26,16-02-26,33632
21,TTNU8270947,HMA AGRO INDUSTRIES LTD,GOLD STAR,TRANSWORLD-DADRI,31-01-26,16-02-26,33702
24,JXLU5106470,HMA AGRO INDUSTRIES LTD,GOLD STAR,TRANSWORLD-DADRI,31-01-26,16-02-26,33642
25,SZLU9061000,HMA AGRO INDUSTRIES LTD,GOLD STAR,TRANSWORLD-DADRI,31-01-26,16-02-26,33702
90,GMOU9036058,AL-NASIR EXPORTS PVT LTD (U.P),GOLD STAR,TRANSWORLD-DADRI,30-01-26,16-02-26,33702
95,GMOU9041413,AL AAYAT FOOD EXPO PVT. LTD,GOLD STAR,TRANSWORLD-DADRI,30-01-26,16-02-26,33632
1304,GMOU9005340,HMA AGRO INDUSTRIES LTD,GOLD STAR,TRANSWORLD-DADRI,13-02-26,16-02-26,33632
1452,GMOU8877733,AL-NASIR EXPORTS PVT LTD (U.P),GOLD STAR,TRANSWORLD-DADRI,11-02-26,16-02-26,33452
1488,GMOU8871798,HMA AGRO INDUSTRIES LTD,GOLD STAR,TRANSWORLD-DADRI,10-02-26,16-02-26,33382
1489,GMOU9038620,HMA AGRO INDUSTRIES LTD,GOLD STAR,TRANSWORLD-DADRI,10-02-26,16-02-26,33632
1494,GMOU9045403,HMA AGRO INDUSTRIES LTD,GOLD STAR,TRANSWORLD-DADRI,10-02-26,16-02-26,33692
1566,GMOU9052486,AL-NASIR EXPORTS PVT LTD (U.P),GOLD STAR,TRANSWORLD-DADRI,09-02-26,16-02-26,33605.4
1763,GMOU9045086,HMA AGRO INDUSTRIES LTD,GOLD STAR,TRANSWORLD-DADRI,06-02-26,16-02-26,33632
1837,GMOU9009900,AL-NASIR EXPORTS PVT LTD (U.P),GOLD STAR,TRANSWORLD-DADRI,05-02-26,16-02-26,33712
1843,GMOU9041157,HMA AGRO INDUSTRIES LTD,GOLD STAR,TRANSWORLD-DADRI,05-02-26,16-02-26,33991.75
1935,GMOU9007569,HMA AGRO INDUSTRIES LTD,GOLD STAR,TRANSWORLD-DADRI,04-02-26,16-02-26,33632
1991,TRIU8199951,HMA AGRO INDUSTRIES LTD,GOLD STAR,TRANSWORLD-DADRI,03-02-26,16-02-26,33592
1998,GMOU8876188,HMA AGRO INDUSTRIES LTD,GOLD STAR,TRANSWORLD-DADRI,03-02-26,16-02-26,33670
2000,JXLU5112390,HMA AGRO INDUSTRIES LTD,GOLD STAR,TRANSWORLD-DADRI,03-02-26,16-02-26,33732.8
2093,JXLU5127359,AL-NASIR EXPORTS PVT LTD (U.P),GOLD STAR,TRANSWORLD-DADRI,02-02-26,16-02-26,33632
2096,JXLU5826675,HMA AGRO INDUSTRIES LTD,GOLD STAR,TRANSWORLD-DADRI,02-02-26,16-02-26,33632
2097,GMOU9008098,MIRHA EXPORTS PVT. LTD.(PUNJAB),GOLD STAR,TRANSWORLD-DADRI,02-02-26,16-02-26,33642
1298,CXRU1071750,IFF INDIA FROZEN FOODS PRIVATE LIMITED,CMA,TRANSWORLD-DADRI,13-02-26,17-02-26,33632
1314,TEMU9135229,IFF INDIA FROZEN FOODS PRIVATE LIMITED,CMA,TRANSWORLD-DADRI,13-02-26,17-02-26,33345.4
1543,SEGU9550516,HMA AGRO INDUSTRIES LTD,CMA,TRANSWORLD-DADRI,09-02-26,17-02-26,33605.4
1547,TCLU1386149,HMA AGRO INDUSTRIES LTD,CMA,TRANSWORLD-DADRI,09-02-26,17-02-26,33632
1548,TTNU8662450,HMA AGRO INDUSTRIES LTD,CMA,TRANSWORLD-DADRI,09-02-26,17-02-26,33778
1549,CGMU5409592,HMA AGRO INDUSTRIES LTD,CMA,TRANSWORLD-DADRI,09-02-26,17-02-26,33892
1550,SEGU9485196,HMA AGRO INDUSTRIES LTD,CMA,TRANSWORLD-DADRI,09-02-26,17-02-26,33421.6
1551,TTNU8289747,HMA AGRO INDUSTRIES LTD,CMA,TRANSWORLD-DADRI,09-02-26,17-02-26,33716
1552,TTNU8628840,HMA AGRO INDUSTRIES LTD,CMA,TRANSWORLD-DADRI,09-02-26,17-02-26,33702
1553,CGMU5282131,HMA AGRO INDUSTRIES LTD,CMA,TRANSWORLD-DADRI,09-02-26,17-02-26,33780
1555,TTNU8633744,HMA AGRO INDUSTRIES LTD,CMA,TRANSWORLD-DADRI,09-02-26,17-02-26,33732.8
1560,CGMU5200323,HMA AGRO INDUSTRIES LTD,CMA,TRANSWORLD-DADRI,09-02-26,17-02-26,33646
1562,BMOU9628788,HMA AGRO INDUSTRIES LTD,CMA,TRANSWORLD-DADRI,09-02-26,17-02-26,33780
1563,CGMU5161572,HMA AGRO INDUSTRIES LTD,CMA,TRANSWORLD-DADRI,09-02-26,17-02-26,33345.4
1567,TTNU8701480,HMA AGRO INDUSTRIES LTD,CMA,TRANSWORLD-DADRI,09-02-26,17-02-26,33732.8
1570,SEGU9236341,HMA AGRO INDUSTRIES LTD,CMA,TRANSWORLD-DADRI,09-02-26,17-02-26,33160.5
1571,CAIU5655888,HMA AGRO INDUSTRIES LTD,CMA,TRANSWORLD-DADRI,09-02-26,17-02-26,33632
1758,SZLU9882535,HMA AGRO INDUSTRIES LTD,CMA,TRANSWORLD-DADRI,06-02-26,17-02-26,33702
1759,FBIU5219556,HMA AGRO INDUSTRIES LTD,CMA,TRANSWORLD-DADRI,06-02-26,17-02-26,33642
1761,BMOU9895260,HMA AGRO INDUSTRIES LTD,CMA,TRANSWORLD-DADRI,06-02-26,17-02-26,33702
1762,AMCU9321154,HMA AGRO INDUSTRIES LTD,CMA,TRANSWORLD-DADRI,06-02-26,17-02-26,33702
1764,CGMU5264457,HMA AGRO INDUSTRIES LTD,CMA,TRANSWORLD-DADRI,06-02-26,17-02-26,33632
1767,CGMU5252800,HMA AGRO INDUSTRIES LTD,CMA,TRANSWORLD-DADRI,06-02-26,17-02-26,33632
1768,FBIU5222143,HMA AGRO INDUSTRIES LTD,CMA,TRANSWORLD-DADRI,06-02-26,17-02-26,33452
1770,TTNU8308430,HMA AGRO INDUSTRIES LTD,CMA,TRANSWORLD-DADRI,06-02-26,17-02-26,33382
1771,CGMU5235633,HMA AGRO INDUSTRIES LTD,CMA,TRANSWORLD-DADRI,06-02-26,17-02-26,33632
1774,SZLU9680750,HMA AGRO INDUSTRIES LTD,CMA,TRANSWORLD-DADRI,06-02-26,17-02-26,33692
1779,TCLU1369645,HMA AGRO INDUSTRIES LTD,CMA,TRANSWORLD-DADRI,06-02-26,17-02-26,33605.4
1781,CAIU5659862,HMA AGRO INDUSTRIES LTD,CMA,TRANSWORLD-DADRI,06-02-26,17-02-26,33632
1296,SZLU9753435,AL-NASIR EXPORTS PVT LTD (U.P),WAN HAI,TRANSWORLD-DADRI,13-02-26,17-02-26,33712
1302,OTPU6192323,AL-NASIR EXPORTS PVT LTD (U.P),WAN HAI,TRANSWORLD-DADRI,13-02-26,17-02-26,33991.75
1305,SEGU9621245,MIRHA EXPORTS PVT. LTD.(PUNJAB),WAN HAI,TRANSWORLD-DADRI,13-02-26,17-02-26,33632
1306,SEGU9913967,AL-NASIR EXPORTS PVT LTD (U.P),WAN HAI,TRANSWORLD-DADRI,13-02-26,17-02-26,33592
1307,OTPU6756995,AL-NASIR EXPORTS PVT LTD (U.P),WAN HAI,TRANSWORLD-DADRI,13-02-26,17-02-26,33670
1375,SEGU9928885,AL AAYAT FOOD EXPO PVT. LTD,WAN HAI,TRANSWORLD-DADRI,12-02-26,17-02-26,33732.8
1442,SEGU9924961,RAYBAN FROZEN FOODS PVT.LTD,WAN HAI,TRANSWORLD-DADRI,11-02-26,17-02-26,33632
1490,OTPU6725377,AL-NASIR EXPORTS PVT LTD (U.P),WAN HAI,TRANSWORLD-DADRI,10-02-26,17-02-26,33632
1492,SZLU9752402,AL-NASIR EXPORTS PVT LTD (U.P),WAN HAI,TRANSWORLD-DADRI,10-02-26,17-02-26,33642
1557,FBIU5119726,AL-NASIR EXPORTS PVT LTD (U.P),WAN HAI,TRANSWORLD-DADRI,09-02-26,17-02-26,33632
1559,OTPU6679775,AL-NASIR EXPORTS PVT LTD (U.P),WAN HAI,TRANSWORLD-DADRI,09-02-26,17-02-26,33345.4
1565,OTPU6248382,AL-AALI EXPORTS PVT LTD-(UP),WAN HAI,TRANSWORLD-DADRI,09-02-26,17-02-26,33605.4
1689,OTPU6247323,HMA AGRO INDUSTRIES LTD,WAN HAI,TRANSWORLD-DADRI,07-02-26,17-02-26,33632
1300,ARKU5004674,AL-NASIR EXPORTS PVT LTD (U.P),ARKAS LINE,TRANSWORLD-DADRI,13-02-26,18-02-26,33778
1164,SZLU9716832,HMA AGRO INDUSTRIES LTD,CMA,TRANSWORLD-DADRI,16-02-26,18-02-26,33892
1165,FBIU5207508,HMA AGRO INDUSTRIES LTD,CMA,TRANSWORLD-DADRI,16-02-26,18-02-26,33421.6
1170,CGMU5251260,HMA AGRO INDUSTRIES LTD,CMA,TRANSWORLD-DADRI,16-02-26,18-02-26,33716
1175,SEKU9132402,HMA AGRO INDUSTRIES LTD,CMA,TRANSWORLD-DADRI,16-02-26,18-02-26,33702
1176,FSCU5962860,HMA AGRO INDUSTRIES LTD,CMA,TRANSWORLD-DADRI,16-02-26,18-02-26,33780
1181,APRU6112832,IFF INDIA FROZEN FOODS PRIVATE LIMITED,CMA,TRANSWORLD-DADRI,16-02-26,18-02-26,33732.8
1182,CGMU5409571,IFF INDIA FROZEN FOODS PRIVATE LIMITED,CMA,TRANSWORLD-DADRI,16-02-26,18-02-26,33646
1757,SZLU9226711,AL-NASIR EXPORTS PVT LTD (U.P),CMA,TRANSWORLD-DADRI,06-02-26,18-02-26,33780
1294,CXRU1289320,AL AAYAT FOOD EXPO PVT. LTD,CMA,TRANSWORLD-DADRI,13-02-26,19-02-26,33732.8
1299,CGMU5437207,IFF INDIA FROZEN FOODS PRIVATE LIMITED,CMA,TRANSWORLD-DADRI,13-02-26,19-02-26,33160.5
1303,SZLU9822372,INTERNATIONAL AGRO FOODS,CMA,TRANSWORLD-DADRI,13-02-26,19-02-26,33632
1437,SEGU9004650,PURE FOODSTUFF PRIVATE LIMITED,CORTEN,TRANSWORLD-DADRI,11-02-26,19-02-26,33702
1439,SEGU9401636,PURE FOODSTUFF PRIVATE LIMITED,CORTEN,TRANSWORLD-DADRI,11-02-26,19-02-26,33642
1440,TEMU9098824,PURE FOODSTUFF PRIVATE LIMITED,CORTEN,TRANSWORLD-DADRI,11-02-26,19-02-26,33702
1441,SEGU9037360,AL AMMAR FROZEN FOOD EXPORTS PVT LTD,CORTEN,TRANSWORLD-DADRI,11-02-26,19-02-26,33702
1443,BMOU9837849,PURE FOODSTUFF PRIVATE LIMITED,CORTEN,TRANSWORLD-DADRI,11-02-26,19-02-26,33632
1444,CXRU1145679,AL AMMAR FROZEN FOOD EXPORTS PVT LTD,CORTEN,TRANSWORLD-DADRI,11-02-26,19-02-26,33632
1445,SEGU9317660,PURE FOODSTUFF PRIVATE LIMITED,CORTEN,TRANSWORLD-DADRI,11-02-26,19-02-26,33452
1446,TRIU8924750,AL AMMAR FROZEN FOOD EXPORTS PVT LTD,CORTEN,TRANSWORLD-DADRI,11-02-26,19-02-26,33382
1451,CXRU1553069,PURE FOODSTUFF PRIVATE LIMITED,CORTEN,TRANSWORLD-DADRI,11-02-26,19-02-26,33632
1046,ARKU5004191,AL-NASIR EXPORTS PVT LTD (U.P),ARKAS LINE,TRANSWORLD-DADRI,18-02-26,20-02-26,33692
1079,ARKU5032568,AL AMMAR FROZEN FOOD EXPORTS PVT LTD,ARKAS LINE,TRANSWORLD-DADRI,17-02-26,20-02-26,33605.4
1083,ARKU5016649,AL-NASIR EXPORTS PVT LTD (U.P),ARKAS LINE,TRANSWORLD-DADRI,17-02-26,20-02-26,33632
1084,ARKU5021481,AL-NASIR EXPORTS PVT LTD (U.P),ARKAS LINE,TRANSWORLD-DADRI,17-02-26,20-02-26,33712
1096,ARKU5001607,AL AMMAR FROZEN FOOD EXPORTS PVT LTD,ARKAS LINE,TRANSWORLD-DADRI,17-02-26,20-02-26,33991.75
1097,ARKU5018600,AL AMMAR FROZEN FOOD EXPORTS PVT LTD,ARKAS LINE,TRANSWORLD-DADRI,17-02-26,20-02-26,33632
1098,ARKU5026740,IFF INDIA FROZEN FOODS PRIVATE LIMITED,ARKAS LINE,TRANSWORLD-DADRI,17-02-26,20-02-26,33592
1101,ARKU5003560,IFF INDIA FROZEN FOODS PRIVATE LIMITED,ARKAS LINE,TRANSWORLD-DADRI,17-02-26,20-02-26,33670
1107,ARKU5035660,AL AMMAR FROZEN FOOD EXPORTS PVT LTD,ARKAS LINE,TRANSWORLD-DADRI,17-02-26,20-02-26,33732.8
1172,ARKU5015278,AL-NASIR EXPORTS PVT LTD (U.P),ARKAS LINE,TRANSWORLD-DADRI,16-02-26,20-02-26,33632
1040,EMCU5543060,AL-NASIR EXPORTS PVT LTD (U.P),EVERGREEN,TRANSWORLD-DADRI,18-02-26,20-02-26,33632
1052,EMCU5626102,AL AMMAR FROZEN FOOD EXPORTS PVT LTD,EVERGREEN,TRANSWORLD-DADRI,18-02-26,20-02-26,33642
1077,EMCU5533545,HMA AGRO INDUSTRIES LTD,EVERGREEN,TRANSWORLD-DADRI,17-02-26,20-02-26,33632
1173,OTPU6213051,AL-NASIR EXPORTS PVT LTD (U.P),EVERGREEN,TRANSWORLD-DADRI,16-02-26,20-02-26,33345.4
1179,EGSU5098093,AL AMMAR FROZEN FOOD EXPORTS PVT LTD,EVERGREEN,TRANSWORLD-DADRI,16-02-26,20-02-26,33605.4
1315,EMCU5596327,AL-NASIR EXPORTS PVT LTD (U.P),EVERGREEN,TRANSWORLD-DADRI,13-02-26,20-02-26,33632
1297,CAXU5284217,IFF INDIA FROZEN FOODS PRIVATE LIMITED,TURKON LINE,TRANSWORLD-DADRI,13-02-26,20-02-26,33892
1310,TRKU1200425,IFF INDIA FROZEN FOODS PRIVATE LIMITED,TURKON LINE,TRANSWORLD-DADRI,13-02-26,20-02-26,33421.6
1312,BMOU9215378,IFF INDIA FROZEN FOODS PRIVATE LIMITED,TURKON LINE,TRANSWORLD-DADRI,13-02-26,20-02-26,33716
1313,CRXU6929737,IFF INDIA FROZEN FOODS PRIVATE LIMITED,TURKON LINE,TRANSWORLD-DADRI,13-02-26,20-02-26,33702
972,OTPU6245146,HMA AGRO INDUSTRIES LTD,WAN HAI,TRANSWORLD-DADRI,19-02-26,20-02-26,33780
977,OTPU6775655,IFF INDIA FROZEN FOODS PRIVATE LIMITED,WAN HAI,TRANSWORLD-DADRI,19-02-26,20-02-26,33732.8
981,FBIU5395724,HMA AGRO INDUSTRIES LTD,WAN HAI,TRANSWORLD-DADRI,19-02-26,20-02-26,33646
1035,SZLU9751284,HMA AGRO INDUSTRIES LTD,WAN HAI,TRANSWORLD-DADRI,18-02-26,20-02-26,33780
1036,SZLU9754447,HMA AGRO INDUSTRIES LTD,WAN HAI,TRANSWORLD-DADRI,18-02-26,20-02-26,33345.4
1044,SEGU9856424,IFF INDIA FROZEN FOODS PRIVATE LIMITED,WAN HAI,TRANSWORLD-DADRI,18-02-26,20-02-26,33732.8
1082,FBIU5121019,HMA AGRO INDUSTRIES LTD,WAN HAI,TRANSWORLD-DADRI,17-02-26,20-02-26,33160.5
1161,OTPU6202123,AL-NASIR EXPORTS PVT LTD (U.P),WAN HAI,TRANSWORLD-DADRI,16-02-26,20-02-26,33632
1166,FBIU5359157,RAYBAN FROZEN FOODS PVT.LTD,WAN HAI,TRANSWORLD-DADRI,16-02-26,20-02-26,33702
1167,SEGU9821095,RAYBAN FROZEN FOODS PVT.LTD,WAN HAI,TRANSWORLD-DADRI,16-02-26,20-02-26,33642
1184,OTPU6227327,RAYBAN FROZEN FOODS PVT.LTD,WAN HAI,TRANSWORLD-DADRI,16-02-26,20-02-26,33702
1308,WHSU2349322,MADHAVI IMPEX.,WAN HAI,TRANSWORLD-DADRI,13-02-26,20-02-26,33702
1160,SEGU9650557,AL-AALI EXPORTS PVT LTD-(UP),CMA,TRANSWORLD-DADRI,16-02-26,21-02-26,33632
1174,CXRU1636163,AL-AALI EXPORTS PVT LTD-(UP),CMA,TRANSWORLD-DADRI,16-02-26,21-02-26,33632
1183,FBIU5106740,IFF INDIA FROZEN FOODS PRIVATE LIMITED,CMA,TRANSWORLD-DADRI,16-02-26,21-02-26,33452
974,UACU4783107,AL-NASIR EXPORTS PVT LTD (U.P),HAPAG,TRANSWORLD-DADRI,19-02-26,21-02-26,33382
1037,HLBU9917994,AL-NASIR EXPORTS PVT LTD (U.P),HAPAG,TRANSWORLD-DADRI,18-02-26,21-02-26,33632
1159,HLBU9873448,AL-NASIR EXPORTS PVT LTD (U.P),HAPAG,TRANSWORLD-DADRI,16-02-26,21-02-26,33692
1449,SEGU9091910,AL-NASIR EXPORTS PVT LTD (U.P),HAPAG,TRANSWORLD-DADRI,11-02-26,21-02-26,33605.4
1450,OOLU6477739,MARHABA FROZEN FOODS,OOCL,TRANSWORLD-DADRI,11-02-26,21-02-26,33632
884,CGMU5362200,AL-AALI EXPORTS PVT LTD-(UP),CMA,TRANSWORLD-DADRI,20-02-26,23-02-26,33712
1041,CGMU5155116,PETAL EXPORTS,CMA,TRANSWORLD-DADRI,18-02-26,23-02-26,33991.75
1080,CGMU5182765,PETAL EXPORTS,CMA,TRANSWORLD-DADRI,17-02-26,23-02-26,33632
875,EGSU5079405,IFF INDIA FROZEN FOODS PRIVATE LIMITED,EVERGREEN,TRANSWORLD-DADRI,20-02-26,23-02-26,33592
976,EGSU5058655,MIRHA EXPORTS PVT. LTD.(PUNJAB),EVERGREEN,TRANSWORLD-DADRI,19-02-26,23-02-26,33670
979,EMCU5746978,AL-NASIR EXPORTS PVT LTD (U.P),EVERGREEN,TRANSWORLD-DADRI,19-02-26,23-02-26,33732.8
980,EMCU5518495,AL-NASIR EXPORTS PVT LTD (U.P),EVERGREEN,TRANSWORLD-DADRI,19-02-26,23-02-26,33632
982,EMCU5493709,AL-NASIR EXPORTS PVT LTD (U.P),EVERGREEN,TRANSWORLD-DADRI,19-02-26,23-02-26,33632
890,ARKU5002706,AL AMMAR FROZEN FOOD EXPORTS PVT LTD,ARKAS LINE,TRANSWORLD-DADRI,20-02-26,24-02-26,33642
817,CGMU5350880,AL AAYAT FOOD EXPO PVT. LTD,CMA,TRANSWORLD-DADRI,21-02-26,24-02-26,33632
877,CGMU5352537,HMA AGRO INDUSTRIES LTD,CMA,TRANSWORLD-DADRI,20-02-26,24-02-26,33345.4
878,CGMU6541896,HMA AGRO INDUSTRIES LTD,CMA,TRANSWORLD-DADRI,20-02-26,24-02-26,33605.4
882,CGMU5147764,HMA AGRO INDUSTRIES LTD,CMA,TRANSWORLD-DADRI,20-02-26,24-02-26,33632
886,CGMU5277808,HMA AGRO INDUSTRIES LTD,CMA,TRANSWORLD-DADRI,20-02-26,24-02-26,33778
892,CXRU1585744,HMA AGRO INDUSTRIES LTD,CMA,TRANSWORLD-DADRI,20-02-26,24-02-26,33892
965,CAIU5588943,HMA AGRO INDUSTRIES LTD,CMA,TRANSWORLD-DADRI,19-02-26,24-02-26,33421.6
971,SEGU9395560,IFF INDIA FROZEN FOODS PRIVATE LIMITED,CMA,TRANSWORLD-DADRI,19-02-26,24-02-26,33716
973,TTNU8375001,HMA AGRO INDUSTRIES LTD,CMA,TRANSWORLD-DADRI,19-02-26,24-02-26,33702
975,SEGU9529247,HMA AGRO INDUSTRIES LTD,CMA,TRANSWORLD-DADRI,19-02-26,24-02-26,33780
978,SEGU9550440,HMA AGRO INDUSTRIES LTD,CMA,TRANSWORLD-DADRI,19-02-26,24-02-26,33732.8
983,CGMU5183870,HMA AGRO INDUSTRIES LTD,CMA,TRANSWORLD-DADRI,19-02-26,24-02-26,33646
1033,SEGU9236927,HMA AGRO INDUSTRIES LTD,CMA,TRANSWORLD-DADRI,18-02-26,24-02-26,33780
1034,CGMU5178301,HMA AGRO INDUSTRIES LTD,CMA,TRANSWORLD-DADRI,18-02-26,24-02-26,33345.4
1039,BMOU9895439,IFF INDIA FROZEN FOODS PRIVATE LIMITED,CMA,TRANSWORLD-DADRI,18-02-26,24-02-26,33732.8
1042,SEGU9532852,HMA AGRO INDUSTRIES LTD,CMA,TRANSWORLD-DADRI,18-02-26,24-02-26,33160.5
1047,SEKU9132790,HMA AGRO INDUSTRIES LTD,CMA,TRANSWORLD-DADRI,18-02-26,24-02-26,33632
1048,TLLU1057389,HMA AGRO INDUSTRIES LTD,CMA,TRANSWORLD-DADRI,18-02-26,24-02-26,33702
1049,TTNU8978371,HMA AGRO INDUSTRIES LTD,CMA,TRANSWORLD-DADRI,18-02-26,24-02-26,33642
1053,CGMU6529669,HMA AGRO INDUSTRIES LTD,CMA,TRANSWORLD-DADRI,18-02-26,24-02-26,33702
1078,CGMU5315385,HMA AGRO INDUSTRIES LTD,CMA,TRANSWORLD-DADRI,17-02-26,24-02-26,33702
1081,CGMU6530968,HMA AGRO INDUSTRIES LTD,CMA,TRANSWORLD-DADRI,17-02-26,24-02-26,33632
1085,SEGU9387116,HMA AGRO INDUSTRIES LTD,CMA,TRANSWORLD-DADRI,17-02-26,24-02-26,33632
1086,TTNU8658850,HMA AGRO INDUSTRIES LTD,CMA,TRANSWORLD-DADRI,17-02-26,24-02-26,33452
1087,TEMU9513910,HMA AGRO INDUSTRIES LTD,CMA,TRANSWORLD-DADRI,17-02-26,24-02-26,33382
1088,CGMU5289630,HMA AGRO INDUSTRIES LTD,CMA,TRANSWORLD-DADRI,17-02-26,24-02-26,33632
1089,CXRU1627393,HMA AGRO INDUSTRIES LTD,CMA,TRANSWORLD-DADRI,17-02-26,24-02-26,33692
1090,TTNU8689928,HMA AGRO INDUSTRIES LTD,CMA,TRANSWORLD-DADRI,17-02-26,24-02-26,33605.4
1091,BMOU9652505,HMA AGRO INDUSTRIES LTD,CMA,TRANSWORLD-DADRI,17-02-26,24-02-26,33632
1092,CGMU5158012,HMA AGRO INDUSTRIES LTD,CMA,TRANSWORLD-DADRI,17-02-26,24-02-26,33712
1093,CGMU5144451,HMA AGRO INDUSTRIES LTD,CMA,TRANSWORLD-DADRI,17-02-26,24-02-26,33991.75
1095,CXRU1603323,HMA AGRO INDUSTRIES LTD,CMA,TRANSWORLD-DADRI,17-02-26,24-02-26,33632
1099,TTNU8893968,HMA AGRO INDUSTRIES LTD,CMA,TRANSWORLD-DADRI,17-02-26,24-02-26,33592
1100,CGMU5128240,HMA AGRO INDUSTRIES LTD,CMA,TRANSWORLD-DADRI,17-02-26,24-02-26,33670
1103,SEGU9329830,HMA AGRO INDUSTRIES LTD,CMA,TRANSWORLD-DADRI,17-02-26,24-02-26,33732.8
1104,CGMU5354329,HMA AGRO INDUSTRIES LTD,CMA,TRANSWORLD-DADRI,17-02-26,24-02-26,33632
1105,SZLU9498427,HMA AGRO INDUSTRIES LTD,CMA,TRANSWORLD-DADRI,17-02-26,24-02-26,33632
1108,SEGU9330450,HMA AGRO INDUSTRIES LTD,CMA,TRANSWORLD-DADRI,17-02-26,24-02-26,33642
1109,TLLU1046065,HMA AGRO INDUSTRIES LTD,CMA,TRANSWORLD-DADRI,17-02-26,24-02-26,33632
1110,CGMU5134664,HMA AGRO INDUSTRIES LTD,CMA,TRANSWORLD-DADRI,17-02-26,24-02-26,33345.4
1162,CGMU5121923,HMA AGRO INDUSTRIES LTD,CMA,TRANSWORLD-DADRI,16-02-26,24-02-26,33605.4
1163,TCLU1212358,HMA AGRO INDUSTRIES LTD,CMA,TRANSWORLD-DADRI,16-02-26,24-02-26,33632
1168,FBIU5114215,HMA AGRO INDUSTRIES LTD,CMA,TRANSWORLD-DADRI,16-02-26,24-02-26,33778
1169,TEMU9426327,HMA AGRO INDUSTRIES LTD,CMA,TRANSWORLD-DADRI,16-02-26,24-02-26,33892
1171,CGMU5628266,MIRHA EXPORTS PVT. LTD.(PUNJAB),CMA,TRANSWORLD-DADRI,16-02-26,24-02-26,33421.6
1177,SEGU9529170,HMA AGRO INDUSTRIES LTD,CMA,TRANSWORLD-DADRI,16-02-26,24-02-26,33716
1178,SEKU9070635,HMA AGRO INDUSTRIES LTD,CMA,TRANSWORLD-DADRI,16-02-26,24-02-26,33702
1180,CGMU6517740,HMA AGRO INDUSTRIES LTD,CMA,TRANSWORLD-DADRI,16-02-26,24-02-26,33780
1301,CGMU5478340,HMA AGRO INDUSTRIES LTD,CMA,TRANSWORLD-DADRI,13-02-26,24-02-26,33732.8
1309,TEMU9477978,HMA AGRO INDUSTRIES LTD,CMA,TRANSWORLD-DADRI,13-02-26,24-02-26,33646
885,OOLU6234805,KIRPA RAM DAIRY PRIVATE LIMITED,OOCL,TRANSWORLD-DADRI,20-02-26,24-02-26,33780
1038,FBIU5068763,MEEM AGRO FOODS PVT LTD,OOCL,TRANSWORLD-DADRI,18-02-26,24-02-26,33345.4
742,SEGU9930861,HMA AGRO INDUSTRIES LTD,WAN HAI,TRANSWORLD-DADRI,23-02-26,24-02-26,33732.8
745,SEGU9859188,MARHABA FROZEN FOODS,WAN HAI,TRANSWORLD-DADRI,23-02-26,24-02-26,33160.5
747,SZLU9734923,IFF INDIA FROZEN FOODS PRIVATE LIMITED,WAN HAI,TRANSWORLD-DADRI,23-02-26,24-02-26,33632
750,OTPU6684215,HMA AGRO INDUSTRIES LTD,WAN HAI,TRANSWORLD-DADRI,23-02-26,24-02-26,33702
753,SZLU9752737,MIRHA EXPORTS PVT. LTD.(PUNJAB),WAN HAI,TRANSWORLD-DADRI,23-02-26,24-02-26,33642
759,FBIU5300333,IFF INDIA FROZEN FOODS PRIVATE LIMITED,WAN HAI,TRANSWORLD-DADRI,23-02-26,24-02-26,33702
761,SEGU9756317,IFF INDIA FROZEN FOODS PRIVATE LIMITED,WAN HAI,TRANSWORLD-DADRI,23-02-26,24-02-26,33702
822,OTPU6829915,HMA AGRO INDUSTRIES LTD,WAN HAI,TRANSWORLD-DADRI,21-02-26,24-02-26,33632
880,FBIU5396150,AL-NASIR EXPORTS PVT LTD (U.P),WAN HAI,TRANSWORLD-DADRI,20-02-26,24-02-26,33632
889,SZLU9706834,IFF INDIA FROZEN FOODS PRIVATE LIMITED,WAN HAI,TRANSWORLD-DADRI,20-02-26,24-02-26,33452
749,CGMU5194690,HMA AGRO INDUSTRIES LTD,CMA,TRANSWORLD-DADRI,23-02-26,26-02-26,33382
754,CGMU5335102,HMA AGRO INDUSTRIES LTD,CMA,TRANSWORLD-DADRI,23-02-26,26-02-26,33632
755,BMOU9643186,HMA AGRO INDUSTRIES LTD,CMA,TRANSWORLD-DADRI,23-02-26,26-02-26,33692
756,CGMU5157192,HMA AGRO INDUSTRIES LTD,CMA,TRANSWORLD-DADRI,23-02-26,26-02-26,33605.4
764,TTNU8879717,HMA AGRO INDUSTRIES LTD,CMA,TRANSWORLD-DADRI,23-02-26,26-02-26,33632
871,CXRU1131459,PURE FOODSTUFF PRIVATE LIMITED,CORTEN,TRANSWORLD-DADRI,20-02-26,26-02-26,33712
872,TTNU8198713,PURE FOODSTUFF PRIVATE LIMITED,CORTEN,TRANSWORLD-DADRI,20-02-26,26-02-26,33991.75
873,TGHU9956972,PURE FOODSTUFF PRIVATE LIMITED,CORTEN,TRANSWORLD-DADRI,20-02-26,26-02-26,33632
964,DFVU8000941,PURE FOODSTUFF PRIVATE LIMITED,CORTEN,TRANSWORLD-DADRI,19-02-26,26-02-26,33592
1043,CXRU1227709,AL AMMAR FROZEN FOOD EXPORTS PVT LTD,CORTEN,TRANSWORLD-DADRI,18-02-26,26-02-26,33670
1050,CXRU1056252,AL AMMAR FROZEN FOOD EXPORTS PVT LTD,CORTEN,TRANSWORLD-DADRI,18-02-26,26-02-26,33732.8
1051,TEMU9193673,AL AMMAR FROZEN FOOD EXPORTS PVT LTD,CORTEN,TRANSWORLD-DADRI,18-02-26,26-02-26,33632
612,FSCU5702919,AL-NASIR EXPORTS PVT LTD (U.P),WAN HAI,TRANSWORLD-DADRI,25-02-26,26-02-26,33632
709,OTPU6253769,MIRHA EXPORTS PVT. LTD.(PUNJAB),WAN HAI,TRANSWORLD-DADRI,24-02-26,26-02-26,33642
695,SEGU9928503,AL-NASIR EXPORTS PVT LTD (U.P),WAN HAI,TRANSWORLD-DADRI,24-02-26,27-02-26,33632
697,FBIU5303420,HMA AGRO INDUSTRIES LTD,WAN HAI,TRANSWORLD-DADRI,24-02-26,27-02-26,33345.4
704,BMOU1211484,MADHAVI IMPEX.,WAN HAI,TRANSWORLD-DADRI,24-02-26,27-02-26,33605.4
708,OTPU6206263,HMA AGRO INDUSTRIES LTD,WAN HAI,TRANSWORLD-DADRI,24-02-26,27-02-26,33632
427,EMCU5400429,AL AMMAR FROZEN FOOD EXPORTS PVT LTD,EVERGREEN,TRANSWORLD-DADRI,27-02-26,01-03-26,33778
613,EMCU5713399,MIRHA EXPORTS PVT. LTD.(PUNJAB),EVERGREEN,TRANSWORLD-DADRI,25-02-26,01-03-26,33892
743,EMCU5483260,MIRHA EXPORTS PVT. LTD.(PUNJAB),EVERGREEN,TRANSWORLD-DADRI,23-02-26,01-03-26,33421.6
748,EMCU5577266,HMA AGRO INDUSTRIES LTD,EVERGREEN,TRANSWORLD-DADRI,23-02-26,01-03-26,33716
751,EMCU5715051,AL-NASIR EXPORTS PVT LTD (U.P),EVERGREEN,TRANSWORLD-DADRI,23-02-26,01-03-26,33702
752,EGSU5102803,AL-NASIR EXPORTS PVT LTD (U.P),EVERGREEN,TRANSWORLD-DADRI,23-02-26,01-03-26,33780
762,EMCU5732779,AL-NASIR EXPORTS PVT LTD (U.P),EVERGREEN,TRANSWORLD-DADRI,23-02-26,01-03-26,33732.8
766,EMCU5688948,AL AMMAR FROZEN FOOD EXPORTS PVT LTD,EVERGREEN,TRANSWORLD-DADRI,23-02-26,01-03-26,33646
430,TRIU8439991,AL AMMAR FROZEN FOOD EXPORTS PVT LTD,GOODRICH,TRANSWORLD-DADRI,27-02-26,01-03-26,33780
605,HJCU6105146,IFF INDIA FROZEN FOODS PRIVATE LIMITED,GOODRICH,TRANSWORLD-DADRI,25-02-26,01-03-26,33345.4
699,CRXU6942889,IFF INDIA FROZEN FOODS PRIVATE LIMITED,GOODRICH,TRANSWORLD-DADRI,24-02-26,01-03-26,33732.8
307,HLBU9905798,PURE FOODSTUFF PRIVATE LIMITED,HAPAG,TRANSWORLD-DADRI,28-02-26,01-03-26,33160.5
503,CGMU5413123,AL-NASIR EXPORTS PVT LTD (U.P),CMA,TRANSWORLD-DADRI,26-02-26,02-03-26,33632
603,CGMU5327196,HMA AGRO INDUSTRIES LTD,CMA,TRANSWORLD-DADRI,25-02-26,02-03-26,33702
607,CGMU5291832,AL-AALI EXPORTS PVT LTD-(UP),CMA,TRANSWORLD-DADRI,25-02-26,02-03-26,33642
608,TTNU8635958,AL HASSAN OVRESEAS  PVT LTD-UP,CMA,TRANSWORLD-DADRI,25-02-26,02-03-26,33702
701,CGMU5224217,PETAL EXPORTS,CMA,TRANSWORLD-DADRI,24-02-26,02-03-26,33702
702,SEGU9685189,MARHABA FROZEN FOODS,CMA,TRANSWORLD-DADRI,24-02-26,02-03-26,33632
703,CGMU5281048,HMA AGRO INDUSTRIES LTD,CMA,TRANSWORLD-DADRI,24-02-26,02-03-26,33632
757,CGMU5236080,AL HASSAN OVRESEAS  PVT LTD-UP,CMA,TRANSWORLD-DADRI,23-02-26,02-03-26,33452
758,CGMU5374623,HMA AGRO INDUSTRIES LTD,CMA,TRANSWORLD-DADRI,23-02-26,02-03-26,33382
874,CGMU5518818,IFF INDIA FROZEN FOODS PRIVATE LIMITED,CMA,TRANSWORLD-DADRI,20-02-26,02-03-26,33632
883,CGMU5459166,IFF INDIA FROZEN FOODS PRIVATE LIMITED,CMA,TRANSWORLD-DADRI,20-02-26,02-03-26,33692
305,HLBU9106512,AL-NASIR EXPORTS PVT LTD (U.P),HAPAG,TRANSWORLD-DADRI,28-02-26,02-03-26,33605.4
602,SEGU9613620,AL HASSAN OVRESEAS  PVT LTD-UP,HAPAG,TRANSWORLD-DADRI,25-02-26,02-03-26,33632
606,HLBU9031959,AL-NASIR EXPORTS PVT LTD (U.P),HAPAG,TRANSWORLD-DADRI,25-02-26,02-03-26,33712
610,TEMU9837550,AL AAYAT FOOD EXPO PVT. LTD,HAPAG,TRANSWORLD-DADRI,25-02-26,02-03-26,33991.75
760,CXRU1044950,INTERNATIONAL AGRO FOODS,HAPAG,TRANSWORLD-DADRI,23-02-26,02-03-26,33632
765,HLXU8796792,AL-NASIR EXPORTS PVT LTD (U.P),HAPAG,TRANSWORLD-DADRI,23-02-26,02-03-26,33592
310,SEGU9619438,HMA AGRO INDUSTRIES LTD,WAN HAI,TRANSWORLD-DADRI,28-02-26,02-03-26,33670
311,OTPU6754288,IFF INDIA FROZEN FOODS PRIVATE LIMITED,WAN HAI,TRANSWORLD-DADRI,28-02-26,02-03-26,33732.8
420,SEGU9859151,IFF INDIA FROZEN FOODS PRIVATE LIMITED,WAN HAI,TRANSWORLD-DADRI,27-02-26,02-03-26,33632
422,OTPU6201493,AL-NASIR EXPORTS PVT LTD (U.P),WAN HAI,TRANSWORLD-DADRI,27-02-26,02-03-26,33632
426,SEGU9613384,IFF INDIA FROZEN FOODS PRIVATE LIMITED,WAN HAI,TRANSWORLD-DADRI,27-02-26,02-03-26,33642
513,OTPU6811460,IFF INDIA FROZEN FOODS PRIVATE LIMITED,WAN HAI,TRANSWORLD-DADRI,26-02-26,02-03-26,33632
514,FBIU5302573,IFF INDIA FROZEN FOODS PRIVATE LIMITED,WAN HAI,TRANSWORLD-DADRI,26-02-26,02-03-26,33345.4
515,SEGU9760575,MEEM AGRO FOODS PVT LTD,WAN HAI,TRANSWORLD-DADRI,26-02-26,02-03-26,33605.4
521,OTPU6757008,HMA AGRO INDUSTRIES LTD,WAN HAI,TRANSWORLD-DADRI,26-02-26,02-03-26,33632
522,SEGU9950810,IFF INDIA FROZEN FOODS PRIVATE LIMITED,WAN HAI,TRANSWORLD-DADRI,26-02-26,02-03-26,33778
523,SEGU9950596,IFF INDIA FROZEN FOODS PRIVATE LIMITED,WAN HAI,TRANSWORLD-DADRI,26-02-26,02-03-26,33892
527,OTPU6195826,IFF INDIA FROZEN FOODS PRIVATE LIMITED,WAN HAI,TRANSWORLD-DADRI,26-02-26,02-03-26,33421.6
876,FBIU5123773,INTERNATIONAL AGRO FOODS,WAN HAI,TRANSWORLD-DADRI,20-02-26,02-03-26,33716
881,SZLU9737666,INTERNATIONAL AGRO FOODS,WAN HAI,TRANSWORLD-DADRI,20-02-26,02-03-26,33702
887,SEGU9913838,AL-NASIR EXPORTS PVT LTD (U.P),WAN HAI,TRANSWORLD-DADRI,20-02-26,02-03-26,33780
891,OTPU6776163,AL-NASIR EXPORTS PVT LTD (U.P),WAN HAI,TRANSWORLD-DADRI,20-02-26,02-03-26,33732.8
308,CGMU5601563,INTERNATIONAL AGRO FOODS,CMA,TRANSWORLD-DADRI,28-02-26,03-03-26,33646
425,SEGU9686570,HMA AGRO INDUSTRIES LTD,CMA,TRANSWORLD-DADRI,27-02-26,03-03-26,33780
428,CGMU5296500,HMA AGRO INDUSTRIES LTD,CMA,TRANSWORLD-DADRI,27-02-26,03-03-26,33345.4
429,TTNU8920889,HMA AGRO INDUSTRIES LTD,CMA,TRANSWORLD-DADRI,27-02-26,03-03-26,33732.8
431,CGMU5440366,RAYBAN FROZEN FOODS PVT.LTD,CMA,TRANSWORLD-DADRI,27-02-26,03-03-26,33160.5
2082,EMCU5578215,AL-NASIR EXPORTS PVT LTD (U.P),EVERGREEN,TRANSWORLD-DADRI,02-03-26,03-03-26,33632
1985,SEKU9013527,IFF INDIA FROZEN FOODS PRIVATE LIMITED,CMA,TRANSWORLD-DADRI,03-03-26,05-03-26,33702
1989,TTNU8603966,AL AAYAT FOOD EXPO PVT. LTD,CMA,TRANSWORLD-DADRI,03-03-26,05-03-26,33642
2068,SZLU9501217,INTERNATIONAL AGRO FOODS,CMA,TRANSWORLD-DADRI,02-03-26,05-03-26,33702
2069,CGMU5186858,HMA AGRO INDUSTRIES LTD,CMA,TRANSWORLD-DADRI,02-03-26,05-03-26,33702
2070,CGMU5113701,HMA AGRO INDUSTRIES LTD,CMA,TRANSWORLD-DADRI,02-03-26,05-03-26,33632
418,SEKU9191278,HMA AGRO INDUSTRIES LTD,WAN HAI,TRANSWORLD-DADRI,27-02-26,05-03-26,33632
421,SEKU9151090,HMA AGRO INDUSTRIES LTD,WAN HAI,TRANSWORLD-DADRI,27-02-26,05-03-26,33452
517,SEKU9174748,HMA AGRO INDUSTRIES LTD,WAN HAI,TRANSWORLD-DADRI,26-02-26,05-03-26,33382
609,OTPU6194286,HMA AGRO INDUSTRIES LTD,WAN HAI,TRANSWORLD-DADRI,25-02-26,05-03-26,33632
611,OTPU6680652,HMA AGRO INDUSTRIES LTD,WAN HAI,TRANSWORLD-DADRI,25-02-26,05-03-26,33692
614,SEGU9761186,HMA AGRO INDUSTRIES LTD,WAN HAI,TRANSWORLD-DADRI,25-02-26,05-03-26,33605.4
309,EMCU5687176,AL AMMAR FROZEN FOOD EXPORTS PVT LTD,EVERGREEN,TRANSWORLD-DADRI,28-02-26,06-03-26,33632
1816,HLBU9086566,MEEM AGRO FOODS PVT LTD,HAPAG,TRANSWORLD-DADRI,05-03-26,06-03-26,33712
1827,HLBU9026253,AL-NASIR EXPORTS PVT LTD (U.P),HAPAG,TRANSWORLD-DADRI,05-03-26,06-03-26,33991.75
1984,HLBU9171565,AL-NASIR EXPORTS PVT LTD (U.P),HAPAG,TRANSWORLD-DADRI,03-03-26,06-03-26,33632
2066,HLXU8767428,AL AAYAT FOOD EXPO PVT. LTD,HAPAG,TRANSWORLD-DADRI,02-03-26,06-03-26,33592
2083,NIDU6206725,AL-NASIR EXPORTS PVT LTD (U.P),HAPAG,TRANSWORLD-DADRI,02-03-26,06-03-26,33670
2073,OOLU6297608,MEEM AGRO FOODS PVT LTD,OOCL,TRANSWORLD-DADRI,02-03-26,06-03-26,33732.8
2081,FSCU5323936,AL-NASIR EXPORTS PVT LTD (U.P),OOCL,TRANSWORLD-DADRI,02-03-26,06-03-26,33632
419,FBIU5389629,HMA AGRO INDUSTRIES LTD,WAN HAI,TRANSWORLD-DADRI,27-02-26,06-03-26,33632
423,SEKU9304116,HMA AGRO INDUSTRIES LTD,WAN HAI,TRANSWORLD-DADRI,27-02-26,06-03-26,33642
424,SEGU9925696,HMA AGRO INDUSTRIES LTD,WAN HAI,TRANSWORLD-DADRI,27-02-26,06-03-26,33632
432,SEKU9182640,HMA AGRO INDUSTRIES LTD,WAN HAI,TRANSWORLD-DADRI,27-02-26,06-03-26,33345.4
518,SEGU9920591,HMA AGRO INDUSTRIES LTD,WAN HAI,TRANSWORLD-DADRI,26-02-26,06-03-26,33605.4
520,SEGU9703087,HMA AGRO INDUSTRIES LTD,WAN HAI,TRANSWORLD-DADRI,26-02-26,06-03-26,33632
1748,EGSU5052997,AL-NASIR EXPORTS PVT LTD (U.P),EVERGREEN,TRANSWORLD-DADRI,06-03-26,07-03-26,33778
1825,EMCU5729517,AL AMMAR FROZEN FOOD EXPORTS PVT LTD,EVERGREEN,TRANSWORLD-DADRI,05-03-26,07-03-26,33892
1815,APRU5022415,PETAL EXPORTS,GOODRICH,TRANSWORLD-DADRI,05-03-26,07-03-26,33421.6
1981,OTPU6248016,HMA AGRO INDUSTRIES LTD,WAN HAI,TRANSWORLD-DADRI,03-03-26,07-03-26,33716
1983,OTPU6829561,HMA AGRO INDUSTRIES LTD,WAN HAI,TRANSWORLD-DADRI,03-03-26,07-03-26,33702
1986,FBIU5326045,AL-NASIR EXPORTS PVT LTD (U.P),WAN HAI,TRANSWORLD-DADRI,03-03-26,07-03-26,33780
1988,SEGU9928020,HMA AGRO INDUSTRIES LTD,WAN HAI,TRANSWORLD-DADRI,03-03-26,07-03-26,33732.8
2071,SEGU9646285,INTERNATIONAL AGRO FOODS,WAN HAI,TRANSWORLD-DADRI,02-03-26,07-03-26,33646
2074,SEGU9761205,INTERNATIONAL AGRO FOODS,WAN HAI,TRANSWORLD-DADRI,02-03-26,07-03-26,33780
2085,SEGU9752456,AL-NASIR EXPORTS PVT LTD (U.P),WAN HAI,TRANSWORLD-DADRI,02-03-26,07-03-26,33345.4
504,SEKU9365488,IFF INDIA FROZEN FOODS PRIVATE LIMITED,WAN HAI,TRANSWORLD-DADRI,26-02-26,09-03-26,33732.8
505,FBIU5384020,IFF INDIA FROZEN FOODS PRIVATE LIMITED,WAN HAI,TRANSWORLD-DADRI,26-02-26,09-03-26,33160.5
506,FBIU5380051,IFF INDIA FROZEN FOODS PRIVATE LIMITED,WAN HAI,TRANSWORLD-DADRI,26-02-26,09-03-26,33632
507,OTPU6202381,IFF INDIA FROZEN FOODS PRIVATE LIMITED,WAN HAI,TRANSWORLD-DADRI,26-02-26,09-03-26,33702
516,SEGU9751697,IFF INDIA FROZEN FOODS PRIVATE LIMITED,WAN HAI,TRANSWORLD-DADRI,26-02-26,09-03-26,33642
524,OTPU6637255,IFF INDIA FROZEN FOODS PRIVATE LIMITED,WAN HAI,TRANSWORLD-DADRI,26-02-26,09-03-26,33702
525,SEKU9340772,IFF INDIA FROZEN FOODS PRIVATE LIMITED,WAN HAI,TRANSWORLD-DADRI,26-02-26,09-03-26,33702
526,OTPU6678151,IFF INDIA FROZEN FOODS PRIVATE LIMITED,WAN HAI,TRANSWORLD-DADRI,26-02-26,09-03-26,33632
1752,OTPU6812553,MEEM AGRO FOODS PVT LTD,WAN HAI,TRANSWORLD-DADRI,06-03-26,09-03-26,33632
1818,FBIU5362850,AL-NASIR EXPORTS PVT LTD (U.P),WAN HAI,TRANSWORLD-DADRI,05-03-26,09-03-26,33452
1822,OTPU6689177,AL-NASIR EXPORTS PVT LTD (U.P),WAN HAI,TRANSWORLD-DADRI,05-03-26,09-03-26,33382
1824,SEGU9949975,IFF INDIA FROZEN FOODS PRIVATE LIMITED,WAN HAI,TRANSWORLD-DADRI,05-03-26,09-03-26,33632
1828,SEGU9932020,IFF INDIA FROZEN FOODS PRIVATE LIMITED,WAN HAI,TRANSWORLD-DADRI,05-03-26,09-03-26,33692
1829,FBIU5379256,IFF INDIA FROZEN FOODS PRIVATE LIMITED,WAN HAI,TRANSWORLD-DADRI,05-03-26,09-03-26,33605.4
1982,OTPU6758529,IFF INDIA FROZEN FOODS PRIVATE LIMITED,WAN HAI,TRANSWORLD-DADRI,03-03-26,09-03-26,33632
1987,OTPU6842352,IFF INDIA FROZEN FOODS PRIVATE LIMITED,WAN HAI,TRANSWORLD-DADRI,03-03-26,09-03-26,33712
2065,SEKU9160169,IFF INDIA FROZEN FOODS PRIVATE LIMITED,WAN HAI,TRANSWORLD-DADRI,02-03-26,09-03-26,33991.75
2067,SEGU9753555,IFF INDIA FROZEN FOODS PRIVATE LIMITED,WAN HAI,TRANSWORLD-DADRI,02-03-26,09-03-26,33632
2072,OTPU6197156,IFF INDIA FROZEN FOODS PRIVATE LIMITED,WAN HAI,TRANSWORLD-DADRI,02-03-26,09-03-26,33592
2084,OTPU6823666,IFF INDIA FROZEN FOODS PRIVATE LIMITED,WAN HAI,TRANSWORLD-DADRI,02-03-26,09-03-26,33670
401,ARKU5017199,IFF INDIA FROZEN FOODS PRIVATE LIMITED,ARKAS LINE,TRANSWORLD-DADRI,27-08-25,10-03-26,33732.8
1518,ARKU5017199,AL AMMAR FROZEN FOOD EXPORTS PVT LTD,ARKAS LINE,TRANSWORLD-DADRI,09-03-26,10-03-26,33632
1737,CGMU5563083,HMA AGRO INDUSTRIES LTD,CMA,TRANSWORLD-DADRI,06-03-26,10-03-26,33632
1738,CGMU5393881,HMA AGRO INDUSTRIES LTD,CMA,TRANSWORLD-DADRI,06-03-26,10-03-26,33642
1739,SEKU9134370,HMA AGRO INDUSTRIES LTD,CMA,TRANSWORLD-DADRI,06-03-26,10-03-26,33632
1742,CGMU5610903,HMA AGRO INDUSTRIES LTD,CMA,TRANSWORLD-DADRI,06-03-26,10-03-26,33345.4
1743,BMOU9660692,HMA AGRO INDUSTRIES LTD,CMA,TRANSWORLD-DADRI,06-03-26,10-03-26,33605.4
1744,CGMU5513159,HMA AGRO INDUSTRIES LTD,CMA,TRANSWORLD-DADRI,06-03-26,10-03-26,33632
1746,AMCU9314582,HMA AGRO INDUSTRIES LTD,CMA,TRANSWORLD-DADRI,06-03-26,10-03-26,33778
1749,CGMU5293075,HMA AGRO INDUSTRIES LTD,CMA,TRANSWORLD-DADRI,06-03-26,10-03-26,33892
1750,CGMU5183709,HMA AGRO INDUSTRIES LTD,CMA,TRANSWORLD-DADRI,06-03-26,10-03-26,33421.6
1751,CGMU5383501,HMA AGRO INDUSTRIES LTD,CMA,TRANSWORLD-DADRI,06-03-26,10-03-26,33716
1734,ARKU5027350,IFF INDIA FROZEN FOODS PRIVATE LIMITED,ARKAS LINE,TRANSWORLD-DADRI,06-03-26,11-03-26,33702
1736,ARKU5033646,IFF INDIA FROZEN FOODS PRIVATE LIMITED,ARKAS LINE,TRANSWORLD-DADRI,06-03-26,11-03-26,33780
1745,ARKU5000832,IFF INDIA FROZEN FOODS PRIVATE LIMITED,ARKAS LINE,TRANSWORLD-DADRI,06-03-26,11-03-26,33732.8
1754,GCXU8012042,IFF INDIA FROZEN FOODS PRIVATE LIMITED,ARKAS LINE,TRANSWORLD-DADRI,06-03-26,11-03-26,33646
1755,ARKU5035171,IFF INDIA FROZEN FOODS PRIVATE LIMITED,ARKAS LINE,TRANSWORLD-DADRI,06-03-26,11-03-26,33780
1756,ARKU5014570,IFF INDIA FROZEN FOODS PRIVATE LIMITED,ARKAS LINE,TRANSWORLD-DADRI,06-03-26,11-03-26,33345.4
1681,TXGU9004160,HMA AGRO INDUSTRIES LTD,CMA,TRANSWORLD-DADRI,07-03-26,11-03-26,33732.8
1826,CGMU5303548,AL HASSAN OVRESEAS  PVT LTD-UP,CMA,TRANSWORLD-DADRI,05-03-26,11-03-26,33160.5
1539,SZLU6009477,IFF INDIA FROZEN FOODS PRIVATE LIMITED,CMA,TRANSWORLD-DADRI,09-03-26,12-03-26,33632
1359,ARKU5011170,IFF INDIA FROZEN FOODS PRIVATE LIMITED,ARKAS LINE,TRANSWORLD-DADRI,12-03-26,13-03-26,33642
1369,ARKU5012263,IFF INDIA FROZEN FOODS PRIVATE LIMITED,ARKAS LINE,TRANSWORLD-DADRI,12-03-26,13-03-26,33702
1374,ARKU5011971,IFF INDIA FROZEN FOODS PRIVATE LIMITED,ARKAS LINE,TRANSWORLD-DADRI,12-03-26,13-03-26,33702
1416,EMCU5746730,AL AMMAR FROZEN FOOD EXPORTS PVT LTD,EVERGREEN,TRANSWORLD-DADRI,11-03-26,13-03-26,33632
1469,OOLU6261375,AL-NASIR EXPORTS PVT LTD (U.P),OOCL,TRANSWORLD-DADRI,10-03-26,13-03-26,33632
1732,SEGU9617604,IFF INDIA FROZEN FOODS PRIVATE LIMITED,WAN HAI,TRANSWORLD-DADRI,06-03-26,13-03-26,33452
1733,FSCU5927577,IFF INDIA FROZEN FOODS PRIVATE LIMITED,WAN HAI,TRANSWORLD-DADRI,06-03-26,13-03-26,33382
1735,FBIU5388319,HMA AGRO INDUSTRIES LTD,WAN HAI,TRANSWORLD-DADRI,06-03-26,13-03-26,33632
1740,FBIU5115335,IFF INDIA FROZEN FOODS PRIVATE LIMITED,WAN HAI,TRANSWORLD-DADRI,06-03-26,13-03-26,33692
1741,SEKU9077795,INTERNATIONAL AGRO FOODS,WAN HAI,TRANSWORLD-DADRI,06-03-26,13-03-26,33605.4
1753,SEGU9929500,IFF INDIA FROZEN FOODS PRIVATE LIMITED,WAN HAI,TRANSWORLD-DADRI,06-03-26,13-03-26,33632
1814,SEGU9748970,IFF INDIA FROZEN FOODS PRIVATE LIMITED,WAN HAI,TRANSWORLD-DADRI,05-03-26,13-03-26,33712
1817,SEGU9704761,IFF INDIA FROZEN FOODS PRIVATE LIMITED,WAN HAI,TRANSWORLD-DADRI,05-03-26,13-03-26,33991.75
1819,FSCU5700834,IFF INDIA FROZEN FOODS PRIVATE LIMITED,WAN HAI,TRANSWORLD-DADRI,05-03-26,13-03-26,33632
1820,SEGU9704170,IFF INDIA FROZEN FOODS PRIVATE LIMITED,WAN HAI,TRANSWORLD-DADRI,05-03-26,13-03-26,33592
1821,FBIU5297137,INTERNATIONAL AGRO FOODS,WAN HAI,TRANSWORLD-DADRI,05-03-26,13-03-26,33670
1823,SEGU9922043,INTERNATIONAL AGRO FOODS,WAN HAI,TRANSWORLD-DADRI,05-03-26,13-03-26,33732.8
1425,TRIU8980326,HMA AGRO INDUSTRIES LTD,CMA,TRANSWORLD-DADRI,11-03-26,15-03-26,33632
1370,UACU4753782,AL-NASIR EXPORTS PVT LTD (U.P),HAPAG,TRANSWORLD-DADRI,12-03-26,15-03-26,33632
1428,GESU9577298,AL-NASIR EXPORTS PVT LTD (U.P),HAPAG,TRANSWORLD-DADRI,11-03-26,15-03-26,33642
1472,HLBU9197826,AL AMMAR FROZEN FOOD EXPORTS PVT LTD,HAPAG,TRANSWORLD-DADRI,10-03-26,15-03-26,33632
1486,TTNU8191278,AL-NASIR EXPORTS PVT LTD (U.P),HAPAG,TRANSWORLD-DADRI,10-03-26,15-03-26,33345.4
1530,GESU9509288,AL-NASIR EXPORTS PVT LTD (U.P),HAPAG,TRANSWORLD-DADRI,09-03-26,15-03-26,33605.4
1532,UACU4761140,AL-NASIR EXPORTS PVT LTD (U.P),HAPAG,TRANSWORLD-DADRI,09-03-26,15-03-26,33632
1684,HLBU9007675,AL HASSAN OVRESEAS  PVT LTD-UP,HAPAG,TRANSWORLD-DADRI,07-03-26,15-03-26,33778
1685,UACU4797121,HMA AGRO INDUSTRIES LTD,HAPAG,TRANSWORLD-DADRI,07-03-26,15-03-26,33892
1747,BMOU9770935,AL-NASIR EXPORTS PVT LTD (U.P),HAPAG,TRANSWORLD-DADRI,06-03-26,15-03-26,33421.6
1361,OTPU6714032,IFF INDIA FROZEN FOODS PRIVATE LIMITED,UNIFEEDER,TRANSWORLD-DADRI,12-03-26,16-03-26,33716
1363,OTPU6713571,IFF INDIA FROZEN FOODS PRIVATE LIMITED,UNIFEEDER,TRANSWORLD-DADRI,12-03-26,16-03-26,33702
1365,SEGU9770450,IFF INDIA FROZEN FOODS PRIVATE LIMITED,UNIFEEDER,TRANSWORLD-DADRI,12-03-26,16-03-26,33780
1367,TEMU9164058,IFF INDIA FROZEN FOODS PRIVATE LIMITED,UNIFEEDER,TRANSWORLD-DADRI,12-03-26,16-03-26,33732.8
1372,SEGU9871389,IFF INDIA FROZEN FOODS PRIVATE LIMITED,UNIFEEDER,TRANSWORLD-DADRI,12-03-26,16-03-26,33646
1413,OTPU6714475,AL AMMAR FROZEN FOOD EXPORTS PVT LTD,UNIFEEDER,TRANSWORLD-DADRI,11-03-26,16-03-26,33780
1421,OTPU6519988,IFF INDIA FROZEN FOODS PRIVATE LIMITED,UNIFEEDER,TRANSWORLD-DADRI,11-03-26,16-03-26,33345.4
1422,OTPU6712981,AL AMMAR FROZEN FOOD EXPORTS PVT LTD,UNIFEEDER,TRANSWORLD-DADRI,11-03-26,16-03-26,33732.8
1426,OTPU6465367,IFF INDIA FROZEN FOODS PRIVATE LIMITED,UNIFEEDER,TRANSWORLD-DADRI,11-03-26,16-03-26,33160.5
1431,OTPU6465789,PURE FOODSTUFF PRIVATE LIMITED,UNIFEEDER,TRANSWORLD-DADRI,11-03-26,16-03-26,33632
1434,SEGU9636775,IFF INDIA FROZEN FOODS PRIVATE LIMITED,UNIFEEDER,TRANSWORLD-DADRI,11-03-26,16-03-26,33702
1473,OTPU6713397,PURE FOODSTUFF PRIVATE LIMITED,UNIFEEDER,TRANSWORLD-DADRI,10-03-26,16-03-26,33642
1474,OTPU6696900,MEEM AGRO FOODS PVT LTD,UNIFEEDER,TRANSWORLD-DADRI,10-03-26,16-03-26,33702
1479,OTPU6462835,MEEM AGRO FOODS PVT LTD,UNIFEEDER,TRANSWORLD-DADRI,10-03-26,16-03-26,33702
1485,OTPU6712723,PURE FOODSTUFF PRIVATE LIMITED,UNIFEEDER,TRANSWORLD-DADRI,10-03-26,16-03-26,33632
1287,CGMU5565907,MARHABA FROZEN FOODS,CMA,TRANSWORLD-DADRI,13-03-26,17-03-26,33632
1517,SEGU9613403,AL-NASIR EXPORTS PVT LTD (U.P),WAN HAI,TRANSWORLD-DADRI,09-03-26,17-03-26,33452
1520,SEGU9756050,AL-NASIR EXPORTS PVT LTD (U.P),WAN HAI,TRANSWORLD-DADRI,09-03-26,17-03-26,33382
1522,SEGU9949240,HMA AGRO INDUSTRIES LTD,WAN HAI,TRANSWORLD-DADRI,09-03-26,17-03-26,33632
1527,FBIU5386553,MIRHA EXPORTS PVT. LTD.(PUNJAB),WAN HAI,TRANSWORLD-DADRI,09-03-26,17-03-26,33692
1528,OTPU6244788,HMA AGRO INDUSTRIES LTD,WAN HAI,TRANSWORLD-DADRI,09-03-26,17-03-26,33605.4
1531,SEGU9929599,HMA AGRO INDUSTRIES LTD,WAN HAI,TRANSWORLD-DADRI,09-03-26,17-03-26,33632
1534,SEGU9924576,HMA AGRO INDUSTRIES LTD,WAN HAI,TRANSWORLD-DADRI,09-03-26,17-03-26,33712
1683,OTPU6824791,HMA AGRO INDUSTRIES LTD,WAN HAI,TRANSWORLD-DADRI,07-03-26,17-03-26,33991.75
1686,SEKU9365106,HMA AGRO INDUSTRIES LTD,WAN HAI,TRANSWORLD-DADRI,07-03-26,17-03-26,33632
1687,SEKU9362874,HMA AGRO INDUSTRIES LTD,WAN HAI,TRANSWORLD-DADRI,07-03-26,17-03-26,33592
1142,BMOU9742933,MARYA FROZEN AGRO FOOD PRODUCTS PVT LTD-POORAN JI-DELHI,CMA,TRANSWORLD-DADRI,16-03-26,18-03-26,33670
1155,SEGU9552566,AL AMMAR FROZEN FOOD EXPORTS PVT LTD,CMA,TRANSWORLD-DADRI,16-03-26,18-03-26,33732.8
1284,CGMU5292417,AL AMMAR FROZEN FOOD EXPORTS PVT LTD,CMA,TRANSWORLD-DADRI,13-03-26,18-03-26,33632
1366,TRIU8632151,ARS AGRO FOODS,CMA,TRANSWORLD-DADRI,12-03-26,18-03-26,33632
1273,TLLU1191417,AL AMMAR FROZEN FOOD EXPORTS PVT LTD,EVERGREEN,TRANSWORLD-DADRI,13-03-26,18-03-26,33642
1275,EMCU5680593,AL AMMAR FROZEN FOOD EXPORTS PVT LTD,EVERGREEN,TRANSWORLD-DADRI,13-03-26,18-03-26,33632
1278,EMCU5402484,MIRHA EXPORTS PVT. LTD.(PUNJAB),EVERGREEN,TRANSWORLD-DADRI,13-03-26,18-03-26,33345.4
1285,EMCU5730565,PURE FOODSTUFF PRIVATE LIMITED,EVERGREEN,TRANSWORLD-DADRI,13-03-26,18-03-26,33605.4
1292,EMCU5462098,HMA AGRO INDUSTRIES LTD,EVERGREEN,TRANSWORLD-DADRI,13-03-26,18-03-26,33632
1373,EMCU5644317,PURE FOODSTUFF PRIVATE LIMITED,EVERGREEN,TRANSWORLD-DADRI,12-03-26,18-03-26,33778
1433,EMCU5642802,AL AMMAR FROZEN FOOD EXPORTS PVT LTD,EVERGREEN,TRANSWORLD-DADRI,11-03-26,18-03-26,33892
1143,PMLU8903954,AL-NASIR EXPORTS PVT LTD (U.P),UNIFEEDER,TRANSWORLD-DADRI,16-03-26,18-03-26,33421.6
1150,OTPU6712683,AL-NASIR EXPORTS PVT LTD (U.P),UNIFEEDER,TRANSWORLD-DADRI,16-03-26,18-03-26,33716
1151,OTPU6519340,AL-NASIR EXPORTS PVT LTD (U.P),UNIFEEDER,TRANSWORLD-DADRI,16-03-26,18-03-26,33702
1156,TEMU9020030,RAYBAN FROZEN FOODS PVT.LTD,UNIFEEDER,TRANSWORLD-DADRI,16-03-26,18-03-26,33780
1415,FBIU5387816,HMA AGRO INDUSTRIES LTD,WAN HAI,TRANSWORLD-DADRI,11-03-26,18-03-26,33732.8
1430,SEGU9704421,HMA AGRO INDUSTRIES LTD,WAN HAI,TRANSWORLD-DADRI,11-03-26,18-03-26,33646
1470,FBIU5362398,HMA AGRO INDUSTRIES LTD,WAN HAI,TRANSWORLD-DADRI,10-03-26,18-03-26,33780
1475,OTPU6807032,HMA AGRO INDUSTRIES LTD,WAN HAI,TRANSWORLD-DADRI,10-03-26,18-03-26,33345.4
1480,SZLU9749775,HMA AGRO INDUSTRIES LTD,WAN HAI,TRANSWORLD-DADRI,10-03-26,18-03-26,33732.8
1487,SEGU9756528,INTERNATIONAL AGRO FOODS,WAN HAI,TRANSWORLD-DADRI,10-03-26,18-03-26,33160.5
1535,OTPU6850825,INTERNATIONAL AGRO FOODS,WAN HAI,TRANSWORLD-DADRI,09-03-26,18-03-26,33632
1018,TLLU1184697,HMA AGRO INDUSTRIES LTD,EVERGREEN,TRANSWORLD-DADRI,18-03-26,19-03-26,33702
1074,EMCU5692655,HMA AGRO INDUSTRIES LTD,EVERGREEN,TRANSWORLD-DADRI,17-03-26,19-03-26,33642
1025,GMOU9005695,AL-NASIR EXPORTS PVT LTD (U.P),GOLD STAR,TRANSWORLD-DADRI,18-03-26,19-03-26,33702
1148,SEGU9639666,AL-NASIR EXPORTS PVT LTD (U.P),KMTC,TRANSWORLD-DADRI,16-03-26,19-03-26,33702
1271,OTPU6226510,INTERNATIONAL AGRO FOODS,WAN HAI,TRANSWORLD-DADRI,13-03-26,19-03-26,33632
1272,OTPU6726692,HMA AGRO INDUSTRIES LTD,WAN HAI,TRANSWORLD-DADRI,13-03-26,19-03-26,33632
1276,OTPU6761380,RAYBAN FROZEN FOODS PVT.LTD,WAN HAI,TRANSWORLD-DADRI,13-03-26,19-03-26,33452
1279,SEGU9762109,AL-NASIR EXPORTS PVT LTD (U.P),WAN HAI,TRANSWORLD-DADRI,13-03-26,19-03-26,33382
1280,SEGU9747125,RAYBAN FROZEN FOODS PVT.LTD,WAN HAI,TRANSWORLD-DADRI,13-03-26,19-03-26,33632
1281,OTPU6772050,INTERNATIONAL AGRO FOODS,WAN HAI,TRANSWORLD-DADRI,13-03-26,19-03-26,33692
1282,SEGU9920499,INTERNATIONAL AGRO FOODS,WAN HAI,TRANSWORLD-DADRI,13-03-26,19-03-26,33605.4
1283,OTPU6847288,RAYBAN FROZEN FOODS PVT.LTD,WAN HAI,TRANSWORLD-DADRI,13-03-26,19-03-26,33632
1286,FBIU5361350,AL-NASIR EXPORTS PVT LTD (U.P),WAN HAI,TRANSWORLD-DADRI,13-03-26,19-03-26,33712
1288,OTPU6800716,AL-NASIR EXPORTS PVT LTD (U.P),WAN HAI,TRANSWORLD-DADRI,13-03-26,19-03-26,33991.75
1289,OTPU6245700,AL-NASIR EXPORTS PVT LTD (U.P),WAN HAI,TRANSWORLD-DADRI,13-03-26,19-03-26,33632
1290,OTPU6687507,RAYBAN FROZEN FOODS PVT.LTD,WAN HAI,TRANSWORLD-DADRI,13-03-26,19-03-26,33592
1291,FBIU5121596,RAYBAN FROZEN FOODS PVT.LTD,WAN HAI,TRANSWORLD-DADRI,13-03-26,19-03-26,33670
1353,FBIU5301920,HMA AGRO INDUSTRIES LTD,WAN HAI,TRANSWORLD-DADRI,12-03-26,19-03-26,33732.8
1354,OTPU6206052,INTERNATIONAL AGRO FOODS,WAN HAI,TRANSWORLD-DADRI,12-03-26,19-03-26,33632
1355,OTPU6821318,HMA AGRO INDUSTRIES LTD,WAN HAI,TRANSWORLD-DADRI,12-03-26,19-03-26,33632
1356,FBIU5395560,INTERNATIONAL AGRO FOODS,WAN HAI,TRANSWORLD-DADRI,12-03-26,19-03-26,33642
1357,FBIU5297029,IFF INDIA FROZEN FOODS PRIVATE LIMITED,WAN HAI,TRANSWORLD-DADRI,12-03-26,19-03-26,33632
1358,OTPU6821299,IFF INDIA FROZEN FOODS PRIVATE LIMITED,WAN HAI,TRANSWORLD-DADRI,12-03-26,19-03-26,33345.4
1360,SEKU9168215,HMA AGRO INDUSTRIES LTD,WAN HAI,TRANSWORLD-DADRI,12-03-26,19-03-26,33605.4
1362,OTPU6225556,PETAL EXPORTS,WAN HAI,TRANSWORLD-DADRI,12-03-26,19-03-26,33632
1364,OTPU6678254,IFF INDIA FROZEN FOODS PRIVATE LIMITED,WAN HAI,TRANSWORLD-DADRI,12-03-26,19-03-26,33778
1368,OTPU6848690,HMA AGRO INDUSTRIES LTD,WAN HAI,TRANSWORLD-DADRI,12-03-26,19-03-26,33892
1371,OTPU6756932,INTERNATIONAL AGRO FOODS,WAN HAI,TRANSWORLD-DADRI,12-03-26,19-03-26,33421.6
1423,FBIU5384205,RAYBAN FROZEN FOODS PVT.LTD,WAN HAI,TRANSWORLD-DADRI,11-03-26,19-03-26,33716
1432,WHSU2432524,MADHAVI IMPEX.,WAN HAI,TRANSWORLD-DADRI,11-03-26,19-03-26,33702
1477,SEKU9304266,RAYBAN FROZEN FOODS PVT.LTD,WAN HAI,TRANSWORLD-DADRI,10-03-26,19-03-26,33780
1521,OTPU6687404,AL-NASIR EXPORTS PVT LTD (U.P),WAN HAI,TRANSWORLD-DADRI,09-03-26,19-03-26,33732.8
953,EMCU5537788,HMA AGRO INDUSTRIES LTD,EVERGREEN,TRANSWORLD-DADRI,19-03-26,21-03-26,33646
1145,SEGU9566791,HMA AGRO INDUSTRIES LTD,WAN HAI,TRANSWORLD-DADRI,16-03-26,21-03-26,33780
1277,OTPU6247299,INTERNATIONAL AGRO FOODS,WAN HAI,TRANSWORLD-DADRI,13-03-26,21-03-26,33345.4
1414,FBIU5379810,INTERNATIONAL AGRO FOODS,WAN HAI,TRANSWORLD-DADRI,11-03-26,21-03-26,33732.8
1417,SEKU9168088,INTERNATIONAL AGRO FOODS,WAN HAI,TRANSWORLD-DADRI,11-03-26,21-03-26,33160.5
1418,OTPU6797989,INTERNATIONAL AGRO FOODS,WAN HAI,TRANSWORLD-DADRI,11-03-26,21-03-26,33632
1419,SEGU9927718,INTERNATIONAL AGRO FOODS,WAN HAI,TRANSWORLD-DADRI,11-03-26,21-03-26,33702
1427,SEGU9926732,HMA AGRO INDUSTRIES LTD,WAN HAI,TRANSWORLD-DADRI,11-03-26,21-03-26,33642
1429,SEKU9076572,HMA AGRO INDUSTRIES LTD,WAN HAI,TRANSWORLD-DADRI,11-03-26,21-03-26,33702
1516,SEKU9371156,HMA AGRO INDUSTRIES LTD,WAN HAI,TRANSWORLD-DADRI,09-03-26,21-03-26,33702
1523,SEGU9920800,INTERNATIONAL AGRO FOODS,WAN HAI,TRANSWORLD-DADRI,09-03-26,21-03-26,33632
1524,SEGU9858068,INTERNATIONAL AGRO FOODS,WAN HAI,TRANSWORLD-DADRI,09-03-26,21-03-26,33632
1533,OTPU6726898,HMA AGRO INDUSTRIES LTD,WAN HAI,TRANSWORLD-DADRI,09-03-26,21-03-26,33452
1536,SEGU9952496,INTERNATIONAL AGRO FOODS,WAN HAI,TRANSWORLD-DADRI,09-03-26,21-03-26,33382
1537,SEKU9192206,INTERNATIONAL AGRO FOODS,WAN HAI,TRANSWORLD-DADRI,09-03-26,21-03-26,33632
1538,FBIU5122360,INTERNATIONAL AGRO FOODS,WAN HAI,TRANSWORLD-DADRI,09-03-26,21-03-26,33692
868,CXRU1604567,KIRPA RAM DAIRY PRIVATE LIMITED,CORTEN,TRANSWORLD-DADRI,20-03-26,23-03-26,33605.4
1138,EMCU5700880,HMA AGRO INDUSTRIES LTD,EVERGREEN,TRANSWORLD-DADRI,16-03-26,23-03-26,33632
1139,EMCU5588321,HMA AGRO INDUSTRIES LTD,EVERGREEN,TRANSWORLD-DADRI,16-03-26,23-03-26,33712
1140,EMCU5707457,HMA AGRO INDUSTRIES LTD,EVERGREEN,TRANSWORLD-DADRI,16-03-26,23-03-26,33991.75
1157,EMCU5558965,AL AMMAR FROZEN FOOD EXPORTS PVT LTD,EVERGREEN,TRANSWORLD-DADRI,16-03-26,23-03-26,33632
1158,EMCU5615073,HMA AGRO INDUSTRIES LTD,EVERGREEN,TRANSWORLD-DADRI,16-03-26,23-03-26,33592
927,OOLU6456989,AL-NASIR EXPORTS PVT LTD (U.P),OOCL,TRANSWORLD-DADRI,19-03-26,23-03-26,33670
1072,OTPU6124740,AL HASSAN OVRESEAS  PVT LTD-UP,OOCL,TRANSWORLD-DADRI,17-03-26,23-03-26,33732.8
1075,OOLU6491974,AL-NASIR EXPORTS PVT LTD (U.P),OOCL,TRANSWORLD-DADRI,17-03-26,23-03-26,33632
1076,OOLU6440133,AL-NASIR EXPORTS PVT LTD (U.P),OOCL,TRANSWORLD-DADRI,17-03-26,23-03-26,33632
1144,OOLU6512296,AL-NASIR EXPORTS PVT LTD (U.P),OOCL,TRANSWORLD-DADRI,16-03-26,23-03-26,33642
1146,OOLU6338271,MIRHA EXPORTS PVT. LTD.(PUNJAB),OOCL,TRANSWORLD-DADRI,16-03-26,23-03-26,33632
1274,SEGU9807517,AL-NASIR EXPORTS PVT LTD (U.P),OOCL,TRANSWORLD-DADRI,13-03-26,23-03-26,33345.4
850,OTPU6204614,HMA AGRO INDUSTRIES LTD,WAN HAI,TRANSWORLD-DADRI,20-03-26,23-03-26,33605.4
852,OTPU6687636,AL-NASIR EXPORTS PVT LTD (U.P),WAN HAI,TRANSWORLD-DADRI,20-03-26,23-03-26,33632
854,SEGU9924529,HMA AGRO INDUSTRIES LTD,WAN HAI,TRANSWORLD-DADRI,20-03-26,23-03-26,33778
856,OTPU6826726,HMA AGRO INDUSTRIES LTD,WAN HAI,TRANSWORLD-DADRI,20-03-26,23-03-26,33892
857,SEKU9152250,HMA AGRO INDUSTRIES LTD,WAN HAI,TRANSWORLD-DADRI,20-03-26,23-03-26,33421.6
859,OTPU6807583,HMA AGRO INDUSTRIES LTD,WAN HAI,TRANSWORLD-DADRI,20-03-26,23-03-26,33716
926,SZLU9734857,IFF INDIA FROZEN FOODS PRIVATE LIMITED,WAN HAI,TRANSWORLD-DADRI,19-03-26,23-03-26,33702
930,SEKU9365940,IFF INDIA FROZEN FOODS PRIVATE LIMITED,WAN HAI,TRANSWORLD-DADRI,19-03-26,23-03-26,33780
937,FBIU5387626,IFF INDIA FROZEN FOODS PRIVATE LIMITED,WAN HAI,TRANSWORLD-DADRI,19-03-26,23-03-26,33732.8
938,FBIU5302151,IFF INDIA FROZEN FOODS PRIVATE LIMITED,WAN HAI,TRANSWORLD-DADRI,19-03-26,23-03-26,33646
946,SEGU9701037,IFF INDIA FROZEN FOODS PRIVATE LIMITED,WAN HAI,TRANSWORLD-DADRI,19-03-26,23-03-26,33780
948,FBIU5119557,IFF INDIA FROZEN FOODS PRIVATE LIMITED,WAN HAI,TRANSWORLD-DADRI,19-03-26,23-03-26,33345.4
956,FSCU5700135,IFF INDIA FROZEN FOODS PRIVATE LIMITED,WAN HAI,TRANSWORLD-DADRI,19-03-26,23-03-26,33732.8
959,OTPU6204419,HMA AGRO INDUSTRIES LTD,WAN HAI,TRANSWORLD-DADRI,19-03-26,23-03-26,33160.5
963,OTPU6824641,IFF INDIA FROZEN FOODS PRIVATE LIMITED,WAN HAI,TRANSWORLD-DADRI,19-03-26,23-03-26,33632
1029,OTPU6759680,AL-NASIR EXPORTS PVT LTD (U.P),WAN HAI,TRANSWORLD-DADRI,18-03-26,23-03-26,33702
1031,OTPU6246517,HMA AGRO INDUSTRIES LTD,WAN HAI,TRANSWORLD-DADRI,18-03-26,23-03-26,33642
1073,OTPU6797952,AL-NASIR EXPORTS PVT LTD (U.P),WAN HAI,TRANSWORLD-DADRI,17-03-26,23-03-26,33702
855,ARKU5008279,AL-NASIR EXPORTS PVT LTD (U.P),ARKAS LINE,TRANSWORLD-DADRI,20-03-26,24-03-26,33702
929,ARKU5033190,IFF INDIA FROZEN FOODS PRIVATE LIMITED,ARKAS LINE,TRANSWORLD-DADRI,19-03-26,24-03-26,33632
947,ARKU5028953,IFF INDIA FROZEN FOODS PRIVATE LIMITED,ARKAS LINE,TRANSWORLD-DADRI,19-03-26,24-03-26,33632
921,SEKU9011226,IFF INDIA FROZEN FOODS PRIVATE LIMITED,CMA,TRANSWORLD-DADRI,19-03-26,24-03-26,33452
950,CGMU5439107,IFF INDIA FROZEN FOODS PRIVATE LIMITED,CMA,TRANSWORLD-DADRI,19-03-26,24-03-26,33382
1153,SEGU9224253,HMA AGRO INDUSTRIES LTD,CMA,TRANSWORLD-DADRI,16-03-26,24-03-26,33632
1023,TRLU1654636,INTERNATIONAL AGRO FOODS,GOODRICH,TRANSWORLD-DADRI,18-03-26,24-03-26,33692
851,FBIU5116943,IFF INDIA FROZEN FOODS PRIVATE LIMITED,WAN HAI,TRANSWORLD-DADRI,20-03-26,24-03-26,33605.4
920,OTPU6193145,IFF INDIA FROZEN FOODS PRIVATE LIMITED,WAN HAI,TRANSWORLD-DADRI,19-03-26,24-03-26,33632
922,OTPU6754333,IFF INDIA FROZEN FOODS PRIVATE LIMITED,WAN HAI,TRANSWORLD-DADRI,19-03-26,24-03-26,33712
936,OTPU6686692,IFF INDIA FROZEN FOODS PRIVATE LIMITED,WAN HAI,TRANSWORLD-DADRI,19-03-26,24-03-26,33991.75
940,FSCU5934750,IFF INDIA FROZEN FOODS PRIVATE LIMITED,WAN HAI,TRANSWORLD-DADRI,19-03-26,24-03-26,33632
954,FBIU5393640,IFF INDIA FROZEN FOODS PRIVATE LIMITED,WAN HAI,TRANSWORLD-DADRI,19-03-26,24-03-26,33592
955,FBIU5398030,IFF INDIA FROZEN FOODS PRIVATE LIMITED,WAN HAI,TRANSWORLD-DADRI,19-03-26,24-03-26,33670
1515,SEGU9756220,IFF INDIA FROZEN FOODS PRIVATE LIMITED,WAN HAI,TRANSWORLD-DADRI,09-03-26,24-03-26,33732.8
1525,SZLU9733568,IFF INDIA FROZEN FOODS PRIVATE LIMITED,WAN HAI,TRANSWORLD-DADRI,09-03-26,24-03-26,33632
1526,SEGU9948536,IFF INDIA FROZEN FOODS PRIVATE LIMITED,WAN HAI,TRANSWORLD-DADRI,09-03-26,24-03-26,33632
1529,SEGU9617266,IFF INDIA FROZEN FOODS PRIVATE LIMITED,WAN HAI,TRANSWORLD-DADRI,09-03-26,24-03-26,33642
1682,FBIU5123829,IFF INDIA FROZEN FOODS PRIVATE LIMITED,WAN HAI,TRANSWORLD-DADRI,07-03-26,24-03-26,33632
867,OTPU6461675,MEEM AGRO FOODS PVT LTD,UNIFEEDER,TRANSWORLD-DADRI,20-03-26,25-03-26,33345.4
944,SEGU9730307,AL-NASIR EXPORTS PVT LTD (U.P),UNIFEEDER,TRANSWORLD-DADRI,19-03-26,25-03-26,33605.4
945,SEGU9728423,AL-NASIR EXPORTS PVT LTD (U.P),UNIFEEDER,TRANSWORLD-DADRI,19-03-26,25-03-26,33632
957,OTPU6518370,AL-NASIR EXPORTS PVT LTD (U.P),UNIFEEDER,TRANSWORLD-DADRI,19-03-26,25-03-26,33778
861,ARKU5011760,IFF INDIA FROZEN FOODS PRIVATE LIMITED,ARKAS LINE,TRANSWORLD-DADRI,20-03-26,26-03-26,33892
866,ARKU5015637,IFF INDIA FROZEN FOODS PRIVATE LIMITED,ARKAS LINE,TRANSWORLD-DADRI,20-03-26,26-03-26,33421.6
924,ARKU5000431,IFF INDIA FROZEN FOODS PRIVATE LIMITED,ARKAS LINE,TRANSWORLD-DADRI,19-03-26,26-03-26,33716
925,ARKU5034998,IFF INDIA FROZEN FOODS PRIVATE LIMITED,ARKAS LINE,TRANSWORLD-DADRI,19-03-26,26-03-26,33702
931,ARKU5018940,IFF INDIA FROZEN FOODS PRIVATE LIMITED,ARKAS LINE,TRANSWORLD-DADRI,19-03-26,26-03-26,33780
732,CGMU6904878,ARS AGRO FOODS,CMA,TRANSWORLD-DADRI,23-03-26,26-03-26,33732.8
734,CGMU5335437,ARS AGRO FOODS,CMA,TRANSWORLD-DADRI,23-03-26,26-03-26,33646
736,CGMU5393270,INTERNATIONAL AGRO FOODS,CMA,TRANSWORLD-DADRI,23-03-26,26-03-26,33780
1016,TTNU8625878,HMA AGRO INDUSTRIES LTD,CMA,TRANSWORLD-DADRI,18-03-26,26-03-26,33345.4
1030,CGMU5250010,INTERNATIONAL AGRO FOODS,CMA,TRANSWORLD-DADRI,18-03-26,26-03-26,33732.8
864,EMCU5683735,HMA AGRO INDUSTRIES LTD,EVERGREEN,TRANSWORLD-DADRI,20-03-26,26-03-26,33160.5
869,EMCU5748688,AL-NASIR EXPORTS PVT LTD (U.P),EVERGREEN,TRANSWORLD-DADRI,20-03-26,26-03-26,33632
932,EMCU5506452,AL-NASIR EXPORTS PVT LTD (U.P),EVERGREEN,TRANSWORLD-DADRI,19-03-26,26-03-26,33702
735,GMOU9011234,MIRHA EXPORTS PVT. LTD.(PUNJAB),GOLD STAR,TRANSWORLD-DADRI,23-03-26,26-03-26,33642
726,UACU4803775,WYTROCK GLOBAL PRIVATE LIMITED,HAPAG,TRANSWORLD-DADRI,23-03-26,26-03-26,33702
731,HLBU9008820,WYTROCK GLOBAL PRIVATE LIMITED,HAPAG,TRANSWORLD-DADRI,23-03-26,26-03-26,33702
737,FSCU5662143,WYTROCK GLOBAL PRIVATE LIMITED,HAPAG,TRANSWORLD-DADRI,23-03-26,26-03-26,33632
1019,TRIU8867752,AL-NASIR EXPORTS PVT LTD (U.P),HAPAG,TRANSWORLD-DADRI,18-03-26,26-03-26,33632
1149,HLBU6045901,HMA AGRO INDUSTRIES LTD,HAPAG,TRANSWORLD-DADRI,16-03-26,26-03-26,33452
1154,HLBU9836784,MEEM AGRO FOODS PVT LTD,HAPAG,TRANSWORLD-DADRI,16-03-26,26-03-26,33382
951,TRKU1100196,IFF INDIA FROZEN FOODS PRIVATE LIMITED,TURKON LINE,TRANSWORLD-DADRI,19-03-26,26-03-26,33632
952,CAXU5279648,IFF INDIA FROZEN FOODS PRIVATE LIMITED,TURKON LINE,TRANSWORLD-DADRI,19-03-26,26-03-26,33692
1026,ARKU5014482,AL AMMAR FROZEN FOOD EXPORTS PVT LTD,ARKAS LINE,TRANSWORLD-DADRI,18-03-26,28-03-26,33605.4
1027,ARKU5016973,AL AMMAR FROZEN FOOD EXPORTS PVT LTD,ARKAS LINE,TRANSWORLD-DADRI,18-03-26,28-03-26,33632
1028,ARKU5025403,AL AMMAR FROZEN FOOD EXPORTS PVT LTD,ARKAS LINE,TRANSWORLD-DADRI,18-03-26,28-03-26,33712
417,GMOU9040588,INTERNATIONAL AGRO FOODS,GOLD STAR,TRANSWORLD-DADRI,27-03-26,28-03-26,33991.75
594,TRLU1651914,AL AMMAR FROZEN FOOD EXPORTS PVT LTD,GOODRICH,TRANSWORLD-DADRI,25-03-26,28-03-26,33632
728,SEKU9167712,HMA AGRO INDUSTRIES LTD,WAN HAI,TRANSWORLD-DADRI,23-03-26,28-03-26,33592
740,OTPU6798666,HMA AGRO INDUSTRIES LTD,WAN HAI,TRANSWORLD-DADRI,23-03-26,28-03-26,33670
853,OTPU6761008,HMA AGRO INDUSTRIES LTD,WAN HAI,TRANSWORLD-DADRI,20-03-26,28-03-26,33732.8
939,FBIU5360374,IFF INDIA FROZEN FOODS PRIVATE LIMITED,WAN HAI,TRANSWORLD-DADRI,19-03-26,28-03-26,33632
949,SEGU9914752,IFF INDIA FROZEN FOODS PRIVATE LIMITED,WAN HAI,TRANSWORLD-DADRI,19-03-26,28-03-26,33632
962,SZLU9750164,IFF INDIA FROZEN FOODS PRIVATE LIMITED,WAN HAI,TRANSWORLD-DADRI,19-03-26,28-03-26,33642
1412,OTPU6827682,IFF INDIA FROZEN FOODS PRIVATE LIMITED,WAN HAI,TRANSWORLD-DADRI,11-03-26,28-03-26,33632
1420,OTPU6252295,IFF INDIA FROZEN FOODS PRIVATE LIMITED,WAN HAI,TRANSWORLD-DADRI,11-03-26,28-03-26,33345.4
1424,SEGU9927810,IFF INDIA FROZEN FOODS PRIVATE LIMITED,WAN HAI,TRANSWORLD-DADRI,11-03-26,28-03-26,33605.4
1471,OTPU6196329,IFF INDIA FROZEN FOODS PRIVATE LIMITED,WAN HAI,TRANSWORLD-DADRI,10-03-26,28-03-26,33632
1476,SEGU9921411,IFF INDIA FROZEN FOODS PRIVATE LIMITED,WAN HAI,TRANSWORLD-DADRI,10-03-26,28-03-26,33778
1482,FSCU5703345,IFF INDIA FROZEN FOODS PRIVATE LIMITED,WAN HAI,TRANSWORLD-DADRI,10-03-26,28-03-26,33892
1483,OTPU6850785,IFF INDIA FROZEN FOODS PRIVATE LIMITED,WAN HAI,TRANSWORLD-DADRI,10-03-26,28-03-26,33421.6
679,TTNU8877709,HMA AGRO INDUSTRIES LTD,CMA,TRANSWORLD-DADRI,24-03-26,30-03-26,33716
680,APRU6135817,HMA AGRO INDUSTRIES LTD,CMA,TRANSWORLD-DADRI,24-03-26,30-03-26,33702
682,CGMU5236157,HMA AGRO INDUSTRIES LTD,CMA,TRANSWORLD-DADRI,24-03-26,30-03-26,33780
683,TEMU9815910,HMA AGRO INDUSTRIES LTD,CMA,TRANSWORLD-DADRI,24-03-26,30-03-26,33732.8
684,CGMU5449804,HMA AGRO INDUSTRIES LTD,CMA,TRANSWORLD-DADRI,24-03-26,30-03-26,33646
685,TEMU9881790,AL-NASIR EXPORTS PVT LTD (U.P),CMA,TRANSWORLD-DADRI,24-03-26,30-03-26,33780
689,SEGU9960423,HMA AGRO INDUSTRIES LTD,CMA,TRANSWORLD-DADRI,24-03-26,30-03-26,33345.4
690,CGMU5346010,HMA AGRO INDUSTRIES LTD,CMA,TRANSWORLD-DADRI,24-03-26,30-03-26,33732.8
691,TRIU8968906,HMA AGRO INDUSTRIES LTD,CMA,TRANSWORLD-DADRI,24-03-26,30-03-26,33160.5
407,EMCU5455252,AL AMMAR FROZEN FOOD EXPORTS PVT LTD,EVERGREEN,TRANSWORLD-DADRI,27-03-26,30-03-26,33632
593,EMCU5578473,HMA AGRO INDUSTRIES LTD,EVERGREEN,TRANSWORLD-DADRI,25-03-26,30-03-26,33702
303,GMOU9020724,MIRHA EXPORTS PVT. LTD.(PUNJAB),GOLD STAR,TRANSWORLD-DADRI,28-03-26,30-03-26,33642
599,SEGU9640760,AL-NASIR EXPORTS PVT LTD (U.P),KMTC,TRANSWORLD-DADRI,25-03-26,30-03-26,33702
595,OOLU6510694,AL-NASIR EXPORTS PVT LTD (U.P),OOCL,TRANSWORLD-DADRI,25-03-26,30-03-26,33702
862,OTPU6126928,AL-NASIR EXPORTS PVT LTD (U.P),OOCL,TRANSWORLD-DADRI,20-03-26,30-03-26,33632
870,FBIU5662878,AL-NASIR EXPORTS PVT LTD (U.P),OOCL,TRANSWORLD-DADRI,20-03-26,30-03-26,33632
596,OTPU6808044,IFF INDIA FROZEN FOODS PRIVATE LIMITED,WAN HAI,TRANSWORLD-DADRI,25-03-26,30-03-26,33452
677,OTPU6776060,IFF INDIA FROZEN FOODS PRIVATE LIMITED,WAN HAI,TRANSWORLD-DADRI,24-03-26,30-03-26,33382
686,SEGU9950390,HMA AGRO INDUSTRIES LTD,WAN HAI,TRANSWORLD-DADRI,24-03-26,30-03-26,33632
687,SZLU9738683,HMA AGRO INDUSTRIES LTD,WAN HAI,TRANSWORLD-DADRI,24-03-26,30-03-26,33692
727,FBIU5119813,HMA AGRO INDUSTRIES LTD,WAN HAI,TRANSWORLD-DADRI,23-03-26,30-03-26,33605.4
729,OTPU6245450,HMA AGRO INDUSTRIES LTD,WAN HAI,TRANSWORLD-DADRI,23-03-26,30-03-26,33632
730,SZLU9749121,HMA AGRO INDUSTRIES LTD,WAN HAI,TRANSWORLD-DADRI,23-03-26,30-03-26,33712
741,SZLU9708890,HMA AGRO INDUSTRIES LTD,WAN HAI,TRANSWORLD-DADRI,23-03-26,30-03-26,33991.75
1217,FBIU5119813,INTERNATIONAL AGRO FOODS,WAN HAI,TRANSWORLD-DADRI,15-12-25,30-03-26,33632
72,AMCU9351987,IFF INDIA FROZEN FOODS PRIVATE LIMITED,CMA,TRANSWORLD-DADRI,30-03-26,31-03-26,33592
73,SEGU9484796,IFF INDIA FROZEN FOODS PRIVATE LIMITED,CMA,TRANSWORLD-DADRI,30-03-26,31-03-26,33670
297,CGMU5531208,HMA AGRO INDUSTRIES LTD,CMA,TRANSWORLD-DADRI,28-03-26,31-03-26,33732.8
298,SEKU9047810,IFF INDIA FROZEN FOODS PRIVATE LIMITED,CMA,TRANSWORLD-DADRI,28-03-26,31-03-26,33632
300,CGMU5544843,HMA AGRO INDUSTRIES LTD,CMA,TRANSWORLD-DADRI,28-03-26,31-03-26,33632
406,TEMU9868308,IFF INDIA FROZEN FOODS PRIVATE LIMITED,CMA,TRANSWORLD-DADRI,27-03-26,31-03-26,33642
408,CGMU5369062,IFF INDIA FROZEN FOODS PRIVATE LIMITED,CMA,TRANSWORLD-DADRI,27-03-26,31-03-26,33632
597,TTNU8630642,INTERNATIONAL AGRO FOODS,CMA,TRANSWORLD-DADRI,25-03-26,31-03-26,33345.4
598,SZLU9492985,AL-NASIR EXPORTS PVT LTD (U.P),CMA,TRANSWORLD-DADRI,25-03-26,31-03-26,33605.4
601,TTNU8918618,IFF INDIA FROZEN FOODS PRIVATE LIMITED,CMA,TRANSWORLD-DADRI,25-03-26,31-03-26,33632
302,EMCU5703343,INTERNATIONAL AGRO FOODS,EVERGREEN,TRANSWORLD-DADRI,28-03-26,31-03-26,33778
412,EMCU5675827,INTERNATIONAL AGRO FOODS,EVERGREEN,TRANSWORLD-DADRI,27-03-26,31-03-26,33892
83,TRLU1633649,IFF INDIA FROZEN FOODS PRIVATE LIMITED,GOODRICH,TRANSWORLD-DADRI,30-03-26,31-03-26,33421.6
409,HLBU9042737,AL-NASIR EXPORTS PVT LTD (U.P),HAPAG,TRANSWORLD-DADRI,27-03-26,31-03-26,33716
410,TRIU8144666,AL HASSAN OVRESEAS  PVT LTD-UP,HAPAG,TRANSWORLD-DADRI,27-03-26,31-03-26,33702
411,HLXU8797525,AL-NASIR EXPORTS PVT LTD (U.P),HAPAG,TRANSWORLD-DADRI,27-03-26,31-03-26,33780
681,TCLU1079029,AL AMMAR FROZEN FOOD EXPORTS PVT LTD,HAPAG,TRANSWORLD-DADRI,24-03-26,31-03-26,33732.8
70,SEKU9363628,AL-NASIR EXPORTS PVT LTD (U.P),WAN HAI,TRANSWORLD-DADRI,30-03-26,31-03-26,33646
81,SEGU9821500,AL-NASIR EXPORTS PVT LTD (U.P),WAN HAI,TRANSWORLD-DADRI,30-03-26,31-03-26,33780
82,SEKU9080000,IFF INDIA FROZEN FOODS PRIVATE LIMITED,WAN HAI,TRANSWORLD-DADRI,30-03-26,31-03-26,33345.4
84,OTPU6690901,HMA AGRO INDUSTRIES LTD,WAN HAI,TRANSWORLD-DADRI,30-03-26,31-03-26,33732.8
87,OTPU6684093,AL-NASIR EXPORTS PVT LTD (U.P),WAN HAI,TRANSWORLD-DADRI,30-03-26,31-03-26,33160.5
88,OTPU6756423,IFF INDIA FROZEN FOODS PRIVATE LIMITED,WAN HAI,TRANSWORLD-DADRI,30-03-26,31-03-26,33632
301,SEGU9920483,MIRHA EXPORTS PVT. LTD.(PUNJAB),WAN HAI,TRANSWORLD-DADRI,28-03-26,31-03-26,33702
304,FBIU5379235,IFF INDIA FROZEN FOODS PRIVATE LIMITED,WAN HAI,TRANSWORLD-DADRI,28-03-26,31-03-26,33642
404,SEGU9919230,IFF INDIA FROZEN FOODS PRIVATE LIMITED,WAN HAI,TRANSWORLD-DADRI,27-03-26,31-03-26,33702
405,OTPU6245640,IFF INDIA FROZEN FOODS PRIVATE LIMITED,WAN HAI,TRANSWORLD-DADRI,27-03-26,31-03-26,33702
414,SEKU9369328,IFF INDIA FROZEN FOODS PRIVATE LIMITED,WAN HAI,TRANSWORLD-DADRI,27-03-26,31-03-26,33632
416,SEGU9915276,AL-NASIR EXPORTS PVT LTD (U.P),WAN HAI,TRANSWORLD-DADRI,27-03-26,31-03-26,33632
296,ARKU5026349,IFF INDIA FROZEN FOODS PRIVATE LIMITED,ARKAS LINE,TRANSWORLD-DADRI,28-03-26,01-04-26,33452
299,ARKU5013737,IFF INDIA FROZEN FOODS PRIVATE LIMITED,ARKAS LINE,TRANSWORLD-DADRI,28-03-26,01-04-26,33382
413,ARKU5003662,IFF INDIA FROZEN FOODS PRIVATE LIMITED,ARKAS LINE,TRANSWORLD-DADRI,27-03-26,01-04-26,33632
71,CGMU5517220,RAYBAN FROZEN FOODS PVT.LTD,CMA,TRANSWORLD-DADRI,30-03-26,01-04-26,33692
74,SZLU9076859,RAYBAN FROZEN FOODS PVT.LTD,CMA,TRANSWORLD-DADRI,30-03-26,01-04-26,33605.4
77,TRIU8126596,RAYBAN FROZEN FOODS PVT.LTD,CMA,TRANSWORLD-DADRI,30-03-26,01-04-26,33632
78,TEMU9895664,AL HASSAN OVRESEAS  PVT LTD-UP,CMA,TRANSWORLD-DADRI,30-03-26,01-04-26,33712
85,TEMU9902721,IFF INDIA FROZEN FOODS PRIVATE LIMITED,CMA,TRANSWORLD-DADRI,30-03-26,01-04-26,33991.75
415,SEGU9416045,AL AMMAR FROZEN FOOD EXPORTS PVT LTD,CMA,TRANSWORLD-DADRI,27-03-26,01-04-26,33632
2184,TRIU8175081,IFF INDIA FROZEN FOODS PRIVATE LIMITED,CMA,TRANSWORLD-DADRI,01-04-26,03-04-26,33592
76,SEGU9399837,IFF INDIA FROZEN FOODS PRIVATE LIMITED,CORTEN,TRANSWORLD-DADRI,30-03-26,03-04-26,33670
79,BMOU9833606,IFF INDIA FROZEN FOODS PRIVATE LIMITED,CORTEN,TRANSWORLD-DADRI,30-03-26,03-04-26,33732.8
80,BMOU9835553,IFF INDIA FROZEN FOODS PRIVATE LIMITED,CORTEN,TRANSWORLD-DADRI,30-03-26,03-04-26,33632
86,SEGU9320998,IFF INDIA FROZEN FOODS PRIVATE LIMITED,CORTEN,TRANSWORLD-DADRI,30-03-26,03-04-26,33632
600,TTNU8194087,AL-NASIR EXPORTS PVT LTD (U.P),CORTEN,TRANSWORLD-DADRI,25-03-26,03-04-26,33642
2172,TTNU8244383,IFF INDIA FROZEN FOODS PRIVATE LIMITED,CORTEN,TRANSWORLD-DADRI,01-04-26,03-04-26,33632
2178,CXRU1211997,IFF INDIA FROZEN FOODS PRIVATE LIMITED,CORTEN,TRANSWORLD-DADRI,01-04-26,03-04-26,33345.4
2179,CXRU1231519,IFF INDIA FROZEN FOODS PRIVATE LIMITED,CORTEN,TRANSWORLD-DADRI,01-04-26,03-04-26,33605.4
2181,CXRU1219410,IFF INDIA FROZEN FOODS PRIVATE LIMITED,CORTEN,TRANSWORLD-DADRI,01-04-26,03-04-26,33632
2186,PCIU6067104,IFF INDIA FROZEN FOODS PRIVATE LIMITED,CORTEN,TRANSWORLD-DADRI,01-04-26,03-04-26,33778
2187,CXRU1220026,IFF INDIA FROZEN FOODS PRIVATE LIMITED,CORTEN,TRANSWORLD-DADRI,01-04-26,03-04-26,33892
89,ARKU5025152,IFF INDIA FROZEN FOODS PRIVATE LIMITED,ARKAS LINE,TRANSWORLD-DADRI,30-03-26,04-04-26,33421.6
2047,TCLU1099323,IFF INDIA FROZEN FOODS PRIVATE LIMITED,CMA,TRANSWORLD-DADRI,02-04-26,04-04-26,33716
2049,TRIU8920780,IFF INDIA FROZEN FOODS PRIVATE LIMITED,CMA,TRANSWORLD-DADRI,02-04-26,04-04-26,33702
2171,HLBU9743790,HMA AGRO INDUSTRIES LTD,HAPAG,TRANSWORLD-DADRI,01-04-26,04-04-26,33780
2180,CXRU1114641,AL HASSAN OVRESEAS  PVT LTD-UP,HAPAG,TRANSWORLD-DADRI,01-04-26,04-04-26,33732.8
2188,NIDU6501926,HMA AGRO INDUSTRIES LTD,HAPAG,TRANSWORLD-DADRI,01-04-26,04-04-26,33646
2053,EMCU5524559,HMA AGRO INDUSTRIES LTD,EVERGREEN,TRANSWORLD-DADRI,02-04-26,06-04-26,33780
2063,EMCU5646351,HMA AGRO INDUSTRIES LTD,EVERGREEN,TRANSWORLD-DADRI,02-04-26,06-04-26,33345.4
2176,EGSU5056354,HMA AGRO INDUSTRIES LTD,EVERGREEN,TRANSWORLD-DADRI,01-04-26,06-04-26,33732.8
2189,EMCU5606852,AL-NASIR EXPORTS PVT LTD (U.P),EVERGREEN,TRANSWORLD-DADRI,01-04-26,06-04-26,33160.5
1924,OOLU6280098,AL-NASIR EXPORTS PVT LTD (U.P),OOCL,TRANSWORLD-DADRI,04-04-26,07-04-26,33632
1916,SEGU9761910,IFF INDIA FROZEN FOODS PRIVATE LIMITED,WAN HAI,TRANSWORLD-DADRI,04-04-26,07-04-26,33702
1920,SEGU9932571,IFF INDIA FROZEN FOODS PRIVATE LIMITED,WAN HAI,TRANSWORLD-DADRI,04-04-26,07-04-26,33642
2058,FBIU0506790,MADHAVI IMPEX.,WAN HAI,TRANSWORLD-DADRI,02-04-26,07-04-26,33702
2059,FBIU5359434,IFF INDIA FROZEN FOODS PRIVATE LIMITED,WAN HAI,TRANSWORLD-DADRI,02-04-26,07-04-26,33702
2064,OTPU6225978,AL-NASIR EXPORTS PVT LTD (U.P),WAN HAI,TRANSWORLD-DADRI,02-04-26,07-04-26,33632
2166,SEGU9915548,IFF INDIA FROZEN FOODS PRIVATE LIMITED,WAN HAI,TRANSWORLD-DADRI,01-04-26,07-04-26,33632
2167,SEGU9751402,IFF INDIA FROZEN FOODS PRIVATE LIMITED,WAN HAI,TRANSWORLD-DADRI,01-04-26,07-04-26,33452
2168,OTPU6244432,HMA AGRO INDUSTRIES LTD,WAN HAI,TRANSWORLD-DADRI,01-04-26,07-04-26,33382
2169,OTPU6759124,HMA AGRO INDUSTRIES LTD,WAN HAI,TRANSWORLD-DADRI,01-04-26,07-04-26,33632
2174,SEGU9920971,MIRHA EXPORTS PVT. LTD.(PUNJAB),WAN HAI,TRANSWORLD-DADRI,01-04-26,07-04-26,33692
2190,SEGU9752116,IFF INDIA FROZEN FOODS PRIVATE LIMITED,WAN HAI,TRANSWORLD-DADRI,01-04-26,07-04-26,33605.4
2170,SEGU9174738,IFF INDIA FROZEN FOODS PRIVATE LIMITED,CMA,TRANSWORLD-DADRI,01-04-26,08-04-26,33632
1921,SEGU9484754,IFF INDIA FROZEN FOODS PRIVATE LIMITED,CORTEN,TRANSWORLD-DADRI,04-04-26,08-04-26,33712
1922,SEGU9398825,IFF INDIA FROZEN FOODS PRIVATE LIMITED,CORTEN,TRANSWORLD-DADRI,04-04-26,08-04-26,33991.75
1929,SEGU9349008,IFF INDIA FROZEN FOODS PRIVATE LIMITED,CORTEN,TRANSWORLD-DADRI,04-04-26,08-04-26,33632
1930,TTNU8163002,IFF INDIA FROZEN FOODS PRIVATE LIMITED,CORTEN,TRANSWORLD-DADRI,04-04-26,08-04-26,33592
1932,TRIU8924929,IFF INDIA FROZEN FOODS PRIVATE LIMITED,CORTEN,TRANSWORLD-DADRI,04-04-26,08-04-26,33670
1934,BMOU9836858,IFF INDIA FROZEN FOODS PRIVATE LIMITED,CORTEN,TRANSWORLD-DADRI,04-04-26,08-04-26,33732.8
592,SEGU9924766,IFF INDIA FROZEN FOODS PRIVATE LIMITED,WAN HAI,TRANSWORLD-DADRI,25-03-26,08-04-26,33632
678,SEGU9914367,HMA AGRO INDUSTRIES LTD,WAN HAI,TRANSWORLD-DADRI,24-03-26,08-04-26,33632
688,OTPU6818485,MARHABA FROZEN FOODS,WAN HAI,TRANSWORLD-DADRI,24-03-26,08-04-26,33642
733,FSCU5930800,PETAL EXPORTS,WAN HAI,TRANSWORLD-DADRI,23-03-26,08-04-26,33632
739,SEKU9080530,HMA AGRO INDUSTRIES LTD,WAN HAI,TRANSWORLD-DADRI,23-03-26,08-04-26,33345.4
858,OTPU6808511,AL-NASIR EXPORTS PVT LTD (U.P),WAN HAI,TRANSWORLD-DADRI,20-03-26,08-04-26,33605.4
860,FBIU5386548,IFF INDIA FROZEN FOODS PRIVATE LIMITED,WAN HAI,TRANSWORLD-DADRI,20-03-26,08-04-26,33632
863,FBIU5123120,HMA AGRO INDUSTRIES LTD,WAN HAI,TRANSWORLD-DADRI,20-03-26,08-04-26,33778
865,FBIU5302803,INTERNATIONAL AGRO FOODS,WAN HAI,TRANSWORLD-DADRI,20-03-26,08-04-26,33892
923,OTPU6686820,IFF INDIA FROZEN FOODS PRIVATE LIMITED,WAN HAI,TRANSWORLD-DADRI,19-03-26,08-04-26,33421.6
928,SEGU9924658,IFF INDIA FROZEN FOODS PRIVATE LIMITED,WAN HAI,TRANSWORLD-DADRI,19-03-26,08-04-26,33716
933,FBIU5303749,HMA AGRO INDUSTRIES LTD,WAN HAI,TRANSWORLD-DADRI,19-03-26,08-04-26,33702
934,SZLU9734311,HMA AGRO INDUSTRIES LTD,WAN HAI,TRANSWORLD-DADRI,19-03-26,08-04-26,33780
935,OTPU6811921,MARHABA FROZEN FOODS,WAN HAI,TRANSWORLD-DADRI,19-03-26,08-04-26,33732.8
941,SEGU9618149,HMA AGRO INDUSTRIES LTD,WAN HAI,TRANSWORLD-DADRI,19-03-26,08-04-26,33646
942,SEKU9176484,HMA AGRO INDUSTRIES LTD,WAN HAI,TRANSWORLD-DADRI,19-03-26,08-04-26,33780
943,OTPU6827337,HMA AGRO INDUSTRIES LTD,WAN HAI,TRANSWORLD-DADRI,19-03-26,08-04-26,33345.4
958,OTPU6808131,MARHABA FROZEN FOODS,WAN HAI,TRANSWORLD-DADRI,19-03-26,08-04-26,33732.8
960,OTPU6253780,IFF INDIA FROZEN FOODS PRIVATE LIMITED,WAN HAI,TRANSWORLD-DADRI,19-03-26,08-04-26,33160.5
961,FBIU5393418,MARHABA FROZEN FOODS,WAN HAI,TRANSWORLD-DADRI,19-03-26,08-04-26,33632
1017,FBIU5359521,HMA AGRO INDUSTRIES LTD,WAN HAI,TRANSWORLD-DADRI,18-03-26,08-04-26,33702
1020,FBIU5381720,HMA AGRO INDUSTRIES LTD,WAN HAI,TRANSWORLD-DADRI,18-03-26,08-04-26,33642
1021,OTPU6833978,HMA AGRO INDUSTRIES LTD,WAN HAI,TRANSWORLD-DADRI,18-03-26,08-04-26,33702
1022,OTPU6257527,HMA AGRO INDUSTRIES LTD,WAN HAI,TRANSWORLD-DADRI,18-03-26,08-04-26,33702
1024,OTPU6198337,INTERNATIONAL AGRO FOODS,WAN HAI,TRANSWORLD-DADRI,18-03-26,08-04-26,33632
1032,FBIU5119372,HMA AGRO INDUSTRIES LTD,WAN HAI,TRANSWORLD-DADRI,18-03-26,08-04-26,33632
1141,SEGU9856810,INTERNATIONAL AGRO FOODS,WAN HAI,TRANSWORLD-DADRI,16-03-26,08-04-26,33452
1147,SZLU9710557,AL-NASIR EXPORTS PVT LTD (U.P),WAN HAI,TRANSWORLD-DADRI,16-03-26,08-04-26,33382
105,FBIU5122714,HMA AGRO INDUSTRIES LTD,WAN HAI,TRANSWORLD-DADRI,30-01-26,05-02-26,33632
205,SEGU9929665,AL-NASIR EXPORTS PVT LTD (U.P),WAN HAI,TRANSWORLD-DADRI,29-01-26,05-02-26,33692
207,OTPU6685464,HMA AGRO INDUSTRIES LTD,WAN HAI,TRANSWORLD-DADRI,29-01-26,05-02-26,33605.4
210,SZLU9733491,IFF INDIA FROZEN FOODS PRIVATE LIMITED,WAN HAI,TRANSWORLD-DADRI,29-01-26,05-02-26,33632
213,OTPU6203011,IFF INDIA FROZEN FOODS PRIVATE LIMITED,WAN HAI,TRANSWORLD-DADRI,29-01-26,05-02-26,33712
314,FBIU5386949,IFF INDIA FROZEN FOODS PRIVATE LIMITED,WAN HAI,TRANSWORLD-DADRI,28-01-26,05-02-26,33991.75
317,SEKU9362658,AL-NASIR EXPORTS PVT LTD (U.P),WAN HAI,TRANSWORLD-DADRI,28-01-26,05-02-26,33632
319,SEGU9821011,IFF INDIA FROZEN FOODS PRIVATE LIMITED,WAN HAI,TRANSWORLD-DADRI,28-01-26,05-02-26,33592
328,SEGU9756256,AL-NASIR EXPORTS PVT LTD (U.P),WAN HAI,TRANSWORLD-DADRI,28-01-26,05-02-26,33670
1992,OTPU6203726,HMA AGRO INDUSTRIES LTD,WAN HAI,TRANSWORLD-DADRI,03-02-26,05-02-26,33732.8
1994,FBIU5297564,AL-NASIR EXPORTS PVT LTD (U.P),WAN HAI,TRANSWORLD-DADRI,03-02-26,05-02-26,33632
1995,OTPU6755896,AL-NASIR EXPORTS PVT LTD (U.P),WAN HAI,TRANSWORLD-DADRI,03-02-26,05-02-26,33632
2090,SEGU9701335,HMA AGRO INDUSTRIES LTD,WAN HAI,TRANSWORLD-DADRI,02-02-26,05-02-26,33642
2091,SEKU9299811,MIRHA EXPORTS PVT. LTD.(PUNJAB),WAN HAI,TRANSWORLD-DADRI,02-02-26,05-02-26,33632
2095,FBIU5388134,AL AAYAT FOOD EXPO PVT. LTD,WAN HAI,TRANSWORLD-DADRI,02-02-26,05-02-26,33345.4
714,FBIU5115551,AL-NASIR EXPORTS PVT LTD (U.P),WAN HAI,TRANSWORLD-DADRI,24-01-26,29-01-26,33605.4
785,OTPU6204656,AL AAYAT FOOD EXPO PVT. LTD,WAN HAI,TRANSWORLD-DADRI,23-01-26,29-01-26,33632
787,OTPU6201575,HMA AGRO INDUSTRIES LTD,WAN HAI,TRANSWORLD-DADRI,23-01-26,29-01-26,33778
789,OTPU6192935,AL-NASIR EXPORTS PVT LTD (U.P),WAN HAI,TRANSWORLD-DADRI,23-01-26,29-01-26,33892
827,SEGU9645798,HMA AGRO INDUSTRIES LTD,WAN HAI,TRANSWORLD-DADRI,21-01-26,29-01-26,33421.6
829,SEGU9914222,MIRHA EXPORTS PVT. LTD.(PUNJAB),WAN HAI,TRANSWORLD-DADRI,21-01-26,29-01-26,33716
832,SZLU9755504,HMA AGRO INDUSTRIES LTD,WAN HAI,TRANSWORLD-DADRI,21-01-26,29-01-26,33702
833,OTPU6829366,HMA AGRO INDUSTRIES LTD,WAN HAI,TRANSWORLD-DADRI,21-01-26,29-01-26,33780
30,SEGU9927410,HMA AGRO INDUSTRIES LTD,WAN HAI,TRANSWORLD-DADRI,30-12-25,31-01-26,33732.8
31,FBIU5362633,HMA AGRO INDUSTRIES LTD,WAN HAI,TRANSWORLD-DADRI,30-12-25,31-01-26,33646
110,SEGU9749703,IFF INDIA FROZEN FOODS PRIVATE LIMITED,WAN HAI,TRANSWORLD-DADRI,29-12-25,31-01-26,33780
116,OTPU6755725,AL-AALI EXPORTS PVT LTD-(UP),WAN HAI,TRANSWORLD-DADRI,29-12-25,31-01-26,33345.4
131,OTPU6810416,MEEM AGRO FOODS PVT LTD,WAN HAI,TRANSWORLD-DADRI,29-12-25,31-01-26,33732.8
140,FBIU5397711,IFF INDIA FROZEN FOODS PRIVATE LIMITED,WAN HAI,TRANSWORLD-DADRI,29-12-25,31-01-26,33160.5
