Sr.,Container No,Shipper,S/Line,CFS,Line Handover,TR Handover,VGM Wt.
1506,SEKU9371156,HMA AGRO INDUSTRIES LTD,WAN HAI,TRANSWORLD-DADRI,09-03-26,3-21-26,33632
1514,SEGU9920800,INTERNATIONAL AGRO FOODS,WAN HAI,TRANSWORLD-DADRI,09-03-26,3-21-26,33778
1515,SEGU9858068,INTERNATIONAL AGRO FOODS,WAN HAI,TRANSWORLD-DADRI,09-03-26,3-21-26,33892
1524,OTPU6726898,HMA AGRO INDUSTRIES LTD,WAN HAI,TRANSWORLD-DADRI,09-03-26,3-21-26,33421.6
1526,SEGU9952496,INTERNATIONAL AGRO FOODS,WAN HAI,TRANSWORLD-DADRI,09-03-26,3-21-26,33716
846,CXRU1604567,KIRPA RAM DAIRY PRIVATE LIMITED,CORTEN,TRANSWORLD-DADRI,20-03-26,3-23-26,33702
850,OTPU6204614,HMA AGRO INDUSTRIES LTD,WAN HAI,TRANSWORLD-DADRI,20-03-26,3-23-26,33780
853,SEGU9924529,HMA AGRO INDUSTRIES LTD,WAN HAI,TRANSWORLD-DADRI,20-03-26,3-23-26,33732.8
855,OTPU6687636,AL-NASIR EXPORTS PVT LTD (U.P),WAN HAI,TRANSWORLD-DADRI,20-03-26,3-23-26,33646
857,OTPU6826726,HMA AGRO INDUSTRIES LTD,WAN HAI,TRANSWORLD-DADRI,20-03-26,3-23-26,33780
858,SEKU9152250,HMA AGRO INDUSTRIES LTD,WAN HAI,TRANSWORLD-DADRI,20-03-26,3-23-26,33345.4
860,OTPU6807583,HMA AGRO INDUSTRIES LTD,WAN HAI,TRANSWORLD-DADRI,20-03-26,3-23-26,33732.8
913,FSCU5700135,IFF INDIA FROZEN FOODS PRIVATE LIMITED,WAN HAI,TRANSWORLD-DADRI,19-03-26,3-23-26,33160.5
916,OTPU6204419,HMA AGRO INDUSTRIES LTD,WAN HAI,TRANSWORLD-DADRI,19-03-26,3-23-26,33632
926,SEGU9701037,IFF INDIA FROZEN FOODS PRIVATE LIMITED,WAN HAI,TRANSWORLD-DADRI,19-03-26,3-23-26,33702
930,SZLU9734857,IFF INDIA FROZEN FOODS PRIVATE LIMITED,WAN HAI,TRANSWORLD-DADRI,19-03-26,3-23-26,33642
931,OOLU6456989,AL-NASIR EXPORTS PVT LTD (U.P),OOCL,TRANSWORLD-DADRI,19-03-26,3-23-26,33702
934,SEKU9365940,IFF INDIA FROZEN FOODS PRIVATE LIMITED,WAN HAI,TRANSWORLD-DADRI,19-03-26,3-23-26,33702
941,FBIU5387626,IFF INDIA FROZEN FOODS PRIVATE LIMITED,WAN HAI,TRANSWORLD-DADRI,19-03-26,3-23-26,33632
942,FBIU5302151,IFF INDIA FROZEN FOODS PRIVATE LIMITED,WAN HAI,TRANSWORLD-DADRI,19-03-26,3-23-26,33632
950,FBIU5119557,IFF INDIA FROZEN FOODS PRIVATE LIMITED,WAN HAI,TRANSWORLD-DADRI,19-03-26,3-23-26,33452
951,OTPU6824641,IFF INDIA FROZEN FOODS PRIVATE LIMITED,WAN HAI,TRANSWORLD-DADRI,19-03-26,3-23-26,33382
1012,OTPU6759680,AL-NASIR EXPORTS PVT LTD (U.P),WAN HAI,TRANSWORLD-DADRI,18-03-26,3-23-26,33632
1023,OTPU6246517,HMA AGRO INDUSTRIES LTD,WAN HAI,TRANSWORLD-DADRI,18-03-26,3-23-26,33692
1064,OTPU6124740,AL HASSAN OVRESEAS  PVT LTD-UP,OOCL,TRANSWORLD-DADRI,17-03-26,3-23-26,33605.4
1065,OOLU6491974,AL-NASIR EXPORTS PVT LTD (U.P),OOCL,TRANSWORLD-DADRI,17-03-26,3-23-26,33632
1066,OTPU6797952,AL-NASIR EXPORTS PVT LTD (U.P),WAN HAI,TRANSWORLD-DADRI,17-03-26,3-23-26,33712
1068,OOLU6440133,AL-NASIR EXPORTS PVT LTD (U.P),OOCL,TRANSWORLD-DADRI,17-03-26,3-23-26,33991.75
1130,EMCU5700880,HMA AGRO INDUSTRIES LTD,EVERGREEN,TRANSWORLD-DADRI,16-03-26,3-23-26,33632
1131,EMCU5588321,HMA AGRO INDUSTRIES LTD,EVERGREEN,TRANSWORLD-DADRI,16-03-26,3-23-26,33592
1132,EMCU5707457,HMA AGRO INDUSTRIES LTD,EVERGREEN,TRANSWORLD-DADRI,16-03-26,3-23-26,33670
1136,OOLU6512296,AL-NASIR EXPORTS PVT LTD (U.P),OOCL,TRANSWORLD-DADRI,16-03-26,3-23-26,33732.8
1138,OOLU6338271,MIRHA EXPORTS PVT. LTD.(PUNJAB),OOCL,TRANSWORLD-DADRI,16-03-26,3-23-26,33632
1148,EMCU5558965,AL AMMAR FROZEN FOOD EXPORTS PVT LTD,EVERGREEN,TRANSWORLD-DADRI,16-03-26,3-23-26,33632
1149,EMCU5615073,HMA AGRO INDUSTRIES LTD,EVERGREEN,TRANSWORLD-DADRI,16-03-26,3-23-26,33642
1268,SEGU9807517,AL-NASIR EXPORTS PVT LTD (U.P),OOCL,TRANSWORLD-DADRI,13-03-26,3-23-26,33632
849,FBIU5116943,IFF INDIA FROZEN FOODS PRIVATE LIMITED,WAN HAI,TRANSWORLD-DADRI,20-03-26,3-24-26,33345.4
856,ARKU5008279,AL-NASIR EXPORTS PVT LTD (U.P),ARKAS LINE,TRANSWORLD-DADRI,20-03-26,3-24-26,33605.4
912,FBIU5398030,IFF INDIA FROZEN FOODS PRIVATE LIMITED,WAN HAI,TRANSWORLD-DADRI,19-03-26,3-24-26,33632
917,OTPU6754333,IFF INDIA FROZEN FOODS PRIVATE LIMITED,WAN HAI,TRANSWORLD-DADRI,19-03-26,3-24-26,33778
920,FSCU5934750,IFF INDIA FROZEN FOODS PRIVATE LIMITED,WAN HAI,TRANSWORLD-DADRI,19-03-26,3-24-26,33892
927,ARKU5028953,IFF INDIA FROZEN FOODS PRIVATE LIMITED,ARKAS LINE,TRANSWORLD-DADRI,19-03-26,3-24-26,33421.6
933,ARKU5033190,IFF INDIA FROZEN FOODS PRIVATE LIMITED,ARKAS LINE,TRANSWORLD-DADRI,19-03-26,3-24-26,33716
940,OTPU6686692,IFF INDIA FROZEN FOODS PRIVATE LIMITED,WAN HAI,TRANSWORLD-DADRI,19-03-26,3-24-26,33702
944,FBIU5393640,IFF INDIA FROZEN FOODS PRIVATE LIMITED,WAN HAI,TRANSWORLD-DADRI,19-03-26,3-24-26,33780
948,CGMU5439107,IFF INDIA FROZEN FOODS PRIVATE LIMITED,CMA,TRANSWORLD-DADRI,19-03-26,3-24-26,33732.8
953,SEKU9011226,IFF INDIA FROZEN FOODS PRIVATE LIMITED,CMA,TRANSWORLD-DADRI,19-03-26,3-24-26,33646
954,OTPU6193145,IFF INDIA FROZEN FOODS PRIVATE LIMITED,WAN HAI,TRANSWORLD-DADRI,19-03-26,3-24-26,33780
1018,TRLU1654636,INTERNATIONAL AGRO FOODS,GOODRICH,TRANSWORLD-DADRI,18-03-26,3-24-26,33345.4
1147,SEGU9224253,HMA AGRO INDUSTRIES LTD,CMA,TRANSWORLD-DADRI,16-03-26,3-24-26,33732.8
1509,SEGU9756220,IFF INDIA FROZEN FOODS PRIVATE LIMITED,WAN HAI,TRANSWORLD-DADRI,09-03-26,3-24-26,33160.5
1516,SZLU9733568,IFF INDIA FROZEN FOODS PRIVATE LIMITED,WAN HAI,TRANSWORLD-DADRI,09-03-26,3-24-26,33632
1517,SEGU9948536,IFF INDIA FROZEN FOODS PRIVATE LIMITED,WAN HAI,TRANSWORLD-DADRI,09-03-26,3-24-26,33702
1520,SEGU9617266,IFF INDIA FROZEN FOODS PRIVATE LIMITED,WAN HAI,TRANSWORLD-DADRI,09-03-26,3-24-26,33642
1669,FBIU5123829,IFF INDIA FROZEN FOODS PRIVATE LIMITED,WAN HAI,TRANSWORLD-DADRI,07-03-26,3-24-26,33702
845,OTPU6461675,MEEM AGRO FOODS PVT LTD,UNIFEEDER,TRANSWORLD-DADRI,20-03-26,3-25-26,33702
914,OTPU6518370,AL-NASIR EXPORTS PVT LTD (U.P),UNIFEEDER,TRANSWORLD-DADRI,19-03-26,3-25-26,33632
924,SEGU9730307,AL-NASIR EXPORTS PVT LTD (U.P),UNIFEEDER,TRANSWORLD-DADRI,19-03-26,3-25-26,33632
925,SEGU9728423,AL-NASIR EXPORTS PVT LTD (U.P),UNIFEEDER,TRANSWORLD-DADRI,19-03-26,3-25-26,33452
724,GMOU9011234,MIRHA EXPORTS PVT. LTD.(PUNJAB),GOLD STAR,TRANSWORLD-DADRI,23-03-26,3-26-26,33382
725,CGMU5335437,ARS AGRO FOODS,CMA,TRANSWORLD-DADRI,23-03-26,3-26-26,33632
728,HLBU9008820,WYTROCK GLOBAL PRIVATE LIMITED,HAPAG,TRANSWORLD-DADRI,23-03-26,3-26-26,33692
730,CGMU5393270,INTERNATIONAL AGRO FOODS,CMA,TRANSWORLD-DADRI,23-03-26,3-26-26,33605.4
731,FSCU5662143,WYTROCK GLOBAL PRIVATE LIMITED,HAPAG,TRANSWORLD-DADRI,23-03-26,3-26-26,33632
732,UACU4803775,WYTROCK GLOBAL PRIVATE LIMITED,HAPAG,TRANSWORLD-DADRI,23-03-26,3-26-26,33712
734,CGMU6904878,ARS AGRO FOODS,CMA,TRANSWORLD-DADRI,23-03-26,3-26-26,33991.75
842,EMCU5683735,HMA AGRO INDUSTRIES LTD,EVERGREEN,TRANSWORLD-DADRI,20-03-26,3-26-26,33632
844,ARKU5015637,IFF INDIA FROZEN FOODS PRIVATE LIMITED,ARKAS LINE,TRANSWORLD-DADRI,20-03-26,3-26-26,33592
847,EMCU5748688,AL-NASIR EXPORTS PVT LTD (U.P),EVERGREEN,TRANSWORLD-DADRI,20-03-26,3-26-26,33670
862,ARKU5011760,IFF INDIA FROZEN FOODS PRIVATE LIMITED,ARKAS LINE,TRANSWORLD-DADRI,20-03-26,3-26-26,33732.8
928,ARKU5000431,IFF INDIA FROZEN FOODS PRIVATE LIMITED,ARKAS LINE,TRANSWORLD-DADRI,19-03-26,3-26-26,33632
929,ARKU5034998,IFF INDIA FROZEN FOODS PRIVATE LIMITED,ARKAS LINE,TRANSWORLD-DADRI,19-03-26,3-26-26,33632
935,ARKU5018940,IFF INDIA FROZEN FOODS PRIVATE LIMITED,ARKAS LINE,TRANSWORLD-DADRI,19-03-26,3-26-26,33642
936,EMCU5506452,AL-NASIR EXPORTS PVT LTD (U.P),EVERGREEN,TRANSWORLD-DADRI,19-03-26,3-26-26,33632
946,CAXU5279648,IFF INDIA FROZEN FOODS PRIVATE LIMITED,TURKON LINE,TRANSWORLD-DADRI,19-03-26,3-26-26,33345.4
947,TRKU1100196,IFF INDIA FROZEN FOODS PRIVATE LIMITED,TURKON LINE,TRANSWORLD-DADRI,19-03-26,3-26-26,33605.4
1011,TTNU8625878,HMA AGRO INDUSTRIES LTD,CMA,TRANSWORLD-DADRI,18-03-26,3-26-26,33632
1013,CGMU5250010,INTERNATIONAL AGRO FOODS,CMA,TRANSWORLD-DADRI,18-03-26,3-26-26,33778
1014,TRIU8867752,AL-NASIR EXPORTS PVT LTD (U.P),HAPAG,TRANSWORLD-DADRI,18-03-26,3-26-26,33892
1139,HLBU9836784,MEEM AGRO FOODS PVT LTD,HAPAG,TRANSWORLD-DADRI,16-03-26,3-26-26,33421.6
1144,HLBU6045901,HMA AGRO INDUSTRIES LTD,HAPAG,TRANSWORLD-DADRI,16-03-26,3-26-26,33716
408,GMOU9040588,INTERNATIONAL AGRO FOODS,GOLD STAR,TRANSWORLD-DADRI,27-03-26,3-28-26,33702
594,TRLU1651914,AL AMMAR FROZEN FOOD EXPORTS PVT LTD,GOODRICH,TRANSWORLD-DADRI,25-03-26,3-28-26,33780
729,OTPU6798666,HMA AGRO INDUSTRIES LTD,WAN HAI,TRANSWORLD-DADRI,23-03-26,3-28-26,33732.8
733,SEKU9167712,HMA AGRO INDUSTRIES LTD,WAN HAI,TRANSWORLD-DADRI,23-03-26,3-28-26,33646
854,OTPU6761008,HMA AGRO INDUSTRIES LTD,WAN HAI,TRANSWORLD-DADRI,20-03-26,3-28-26,33780
919,FBIU5360374,IFF INDIA FROZEN FOODS PRIVATE LIMITED,WAN HAI,TRANSWORLD-DADRI,19-03-26,3-28-26,33345.4
949,SEGU9914752,IFF INDIA FROZEN FOODS PRIVATE LIMITED,WAN HAI,TRANSWORLD-DADRI,19-03-26,3-28-26,33732.8
952,SZLU9750164,IFF INDIA FROZEN FOODS PRIVATE LIMITED,WAN HAI,TRANSWORLD-DADRI,19-03-26,3-28-26,33160.5
1021,ARKU5014482,AL AMMAR FROZEN FOOD EXPORTS PVT LTD,ARKAS LINE,TRANSWORLD-DADRI,18-03-26,3-28-26,33632
1022,ARKU5016973,AL AMMAR FROZEN FOOD EXPORTS PVT LTD,ARKAS LINE,TRANSWORLD-DADRI,18-03-26,3-28-26,33702
1024,ARKU5025403,AL AMMAR FROZEN FOOD EXPORTS PVT LTD,ARKAS LINE,TRANSWORLD-DADRI,18-03-26,3-28-26,33642
1402,OTPU6827682,IFF INDIA FROZEN FOODS PRIVATE LIMITED,WAN HAI,TRANSWORLD-DADRI,11-03-26,3-28-26,33702
1406,OTPU6252295,IFF INDIA FROZEN FOODS PRIVATE LIMITED,WAN HAI,TRANSWORLD-DADRI,11-03-26,3-28-26,33702
1410,SEGU9927810,IFF INDIA FROZEN FOODS PRIVATE LIMITED,WAN HAI,TRANSWORLD-DADRI,11-03-26,3-28-26,33632
1464,OTPU6196329,IFF INDIA FROZEN FOODS PRIVATE LIMITED,WAN HAI,TRANSWORLD-DADRI,10-03-26,3-28-26,33632
1467,FSCU5703345,IFF INDIA FROZEN FOODS PRIVATE LIMITED,WAN HAI,TRANSWORLD-DADRI,10-03-26,3-28-26,33452
1468,OTPU6850785,IFF INDIA FROZEN FOODS PRIVATE LIMITED,WAN HAI,TRANSWORLD-DADRI,10-03-26,3-28-26,33382
1472,SEGU9921411,IFF INDIA FROZEN FOODS PRIVATE LIMITED,WAN HAI,TRANSWORLD-DADRI,10-03-26,3-28-26,33632
295,GMOU9020724,MIRHA EXPORTS PVT. LTD.(PUNJAB),GOLD STAR,TRANSWORLD-DADRI,28-03-26,3-30-26,33692
401,EMCU5455252,AL AMMAR FROZEN FOOD EXPORTS PVT LTD,EVERGREEN,TRANSWORLD-DADRI,27-03-26,3-30-26,33605.4
589,SEGU9640760,AL-NASIR EXPORTS PVT LTD (U.P),KMTC,TRANSWORLD-DADRI,25-03-26,3-30-26,33632
591,OTPU6808044,IFF INDIA FROZEN FOODS PRIVATE LIMITED,WAN HAI,TRANSWORLD-DADRI,25-03-26,3-30-26,33712
592,OOLU6510694,AL-NASIR EXPORTS PVT LTD (U.P),OOCL,TRANSWORLD-DADRI,25-03-26,3-30-26,33991.75
596,EMCU5578473,HMA AGRO INDUSTRIES LTD,EVERGREEN,TRANSWORLD-DADRI,25-03-26,3-30-26,33632
672,OTPU6776060,IFF INDIA FROZEN FOODS PRIVATE LIMITED,WAN HAI,TRANSWORLD-DADRI,24-03-26,3-30-26,33592
674,TTNU8877709,HMA AGRO INDUSTRIES LTD,CMA,TRANSWORLD-DADRI,24-03-26,3-30-26,33670
675,APRU6135817,HMA AGRO INDUSTRIES LTD,CMA,TRANSWORLD-DADRI,24-03-26,3-30-26,33732.8
676,SEGU9950390,HMA AGRO INDUSTRIES LTD,WAN HAI,TRANSWORLD-DADRI,24-03-26,3-30-26,33632
677,SZLU9738683,HMA AGRO INDUSTRIES LTD,WAN HAI,TRANSWORLD-DADRI,24-03-26,3-30-26,33632
679,CGMU5236157,HMA AGRO INDUSTRIES LTD,CMA,TRANSWORLD-DADRI,24-03-26,3-30-26,33642
680,TEMU9815910,HMA AGRO INDUSTRIES LTD,CMA,TRANSWORLD-DADRI,24-03-26,3-30-26,33632
681,CGMU5449804,HMA AGRO INDUSTRIES LTD,CMA,TRANSWORLD-DADRI,24-03-26,3-30-26,33345.4
682,TEMU9881790,AL-NASIR EXPORTS PVT LTD (U.P),CMA,TRANSWORLD-DADRI,24-03-26,3-30-26,33605.4
683,SEGU9960423,HMA AGRO INDUSTRIES LTD,CMA,TRANSWORLD-DADRI,24-03-26,3-30-26,33632
684,CGMU5346010,HMA AGRO INDUSTRIES LTD,CMA,TRANSWORLD-DADRI,24-03-26,3-30-26,33778
686,TRIU8968906,HMA AGRO INDUSTRIES LTD,CMA,TRANSWORLD-DADRI,24-03-26,3-30-26,33892
721,SZLU9749121,HMA AGRO INDUSTRIES LTD,WAN HAI,TRANSWORLD-DADRI,23-03-26,3-30-26,33421.6
722,SZLU9708890,HMA AGRO INDUSTRIES LTD,WAN HAI,TRANSWORLD-DADRI,23-03-26,3-30-26,33716
727,OTPU6245450,HMA AGRO INDUSTRIES LTD,WAN HAI,TRANSWORLD-DADRI,23-03-26,3-30-26,33702
848,FBIU5662878,AL-NASIR EXPORTS PVT LTD (U.P),OOCL,TRANSWORLD-DADRI,20-03-26,3-30-26,33780
851,OTPU6126928,AL-NASIR EXPORTS PVT LTD (U.P),OOCL,TRANSWORLD-DADRI,20-03-26,3-30-26,33732.8
69,SEKU9363628,AL-NASIR EXPORTS PVT LTD (U.P),WAN HAI,TRANSWORLD-DADRI,30-03-26,3-31-26,33646
71,AMCU9351987,IFF INDIA FROZEN FOODS PRIVATE LIMITED,CMA,TRANSWORLD-DADRI,30-03-26,3-31-26,33780
72,SEGU9484796,IFF INDIA FROZEN FOODS PRIVATE LIMITED,CMA,TRANSWORLD-DADRI,30-03-26,3-31-26,33345.4
80,SEGU9821500,AL-NASIR EXPORTS PVT LTD (U.P),WAN HAI,TRANSWORLD-DADRI,30-03-26,3-31-26,33732.8
81,SEKU9080000,IFF INDIA FROZEN FOODS PRIVATE LIMITED,WAN HAI,TRANSWORLD-DADRI,30-03-26,3-31-26,33160.5
82,TRLU1633649,IFF INDIA FROZEN FOODS PRIVATE LIMITED,GOODRICH,TRANSWORLD-DADRI,30-03-26,3-31-26,33632
83,OTPU6690901,HMA AGRO INDUSTRIES LTD,WAN HAI,TRANSWORLD-DADRI,30-03-26,3-31-26,33702
86,OTPU6684093,AL-NASIR EXPORTS PVT LTD (U.P),WAN HAI,TRANSWORLD-DADRI,30-03-26,3-31-26,33642
87,OTPU6756423,IFF INDIA FROZEN FOODS PRIVATE LIMITED,WAN HAI,TRANSWORLD-DADRI,30-03-26,3-31-26,33702
294,CGMU5531208,HMA AGRO INDUSTRIES LTD,CMA,TRANSWORLD-DADRI,28-03-26,3-31-26,33702
296,FBIU5379235,IFF INDIA FROZEN FOODS PRIVATE LIMITED,WAN HAI,TRANSWORLD-DADRI,28-03-26,3-31-26,33632
298,EMCU5703343,INTERNATIONAL AGRO FOODS,EVERGREEN,TRANSWORLD-DADRI,28-03-26,3-31-26,33632
299,SEKU9047810,IFF INDIA FROZEN FOODS PRIVATE LIMITED,CMA,TRANSWORLD-DADRI,28-03-26,3-31-26,33452
300,CGMU5544843,HMA AGRO INDUSTRIES LTD,CMA,TRANSWORLD-DADRI,28-03-26,3-31-26,33382
301,SEGU9920483,MIRHA EXPORTS PVT. LTD.(PUNJAB),WAN HAI,TRANSWORLD-DADRI,28-03-26,3-31-26,33632
399,HLBU9042737,AL-NASIR EXPORTS PVT LTD (U.P),HAPAG,TRANSWORLD-DADRI,27-03-26,3-31-26,33692
400,EMCU5675827,INTERNATIONAL AGRO FOODS,EVERGREEN,TRANSWORLD-DADRI,27-03-26,3-31-26,33605.4
402,CGMU5369062,IFF INDIA FROZEN FOODS PRIVATE LIMITED,CMA,TRANSWORLD-DADRI,27-03-26,3-31-26,33632
405,TEMU9868308,IFF INDIA FROZEN FOODS PRIVATE LIMITED,CMA,TRANSWORLD-DADRI,27-03-26,3-31-26,33712
406,TRIU8144666,AL HASSAN OVRESEAS  PVT LTD-UP,HAPAG,TRANSWORLD-DADRI,27-03-26,3-31-26,33991.75
407,SEGU9915276,AL-NASIR EXPORTS PVT LTD (U.P),WAN HAI,TRANSWORLD-DADRI,27-03-26,3-31-26,33632
409,HLXU8797525,AL-NASIR EXPORTS PVT LTD (U.P),HAPAG,TRANSWORLD-DADRI,27-03-26,3-31-26,33592
410,SEGU9919230,IFF INDIA FROZEN FOODS PRIVATE LIMITED,WAN HAI,TRANSWORLD-DADRI,27-03-26,3-31-26,33670
411,SEKU9369328,IFF INDIA FROZEN FOODS PRIVATE LIMITED,WAN HAI,TRANSWORLD-DADRI,27-03-26,3-31-26,33732.8
412,OTPU6245640,IFF INDIA FROZEN FOODS PRIVATE LIMITED,WAN HAI,TRANSWORLD-DADRI,27-03-26,3-31-26,33632
587,TTNU8630642,INTERNATIONAL AGRO FOODS,CMA,TRANSWORLD-DADRI,25-03-26,3-31-26,33632
588,SZLU9492985,AL-NASIR EXPORTS PVT LTD (U.P),CMA,TRANSWORLD-DADRI,25-03-26,3-31-26,33642
595,TTNU8918618,IFF INDIA FROZEN FOODS PRIVATE LIMITED,CMA,TRANSWORLD-DADRI,25-03-26,3-31-26,33632
678,TCLU1079029,AL AMMAR FROZEN FOOD EXPORTS PVT LTD,HAPAG,TRANSWORLD-DADRI,24-03-26,3-31-26,33345.4
70,CGMU5517220,RAYBAN FROZEN FOODS PVT.LTD,CMA,TRANSWORLD-DADRI,30-03-26,4-1-26,33605.4
73,SZLU9076859,RAYBAN FROZEN FOODS PVT.LTD,CMA,TRANSWORLD-DADRI,30-03-26,4-1-26,33632
76,TRIU8126596,RAYBAN FROZEN FOODS PVT.LTD,CMA,TRANSWORLD-DADRI,30-03-26,4-1-26,33778
77,TEMU9895664,AL HASSAN OVRESEAS  PVT LTD-UP,CMA,TRANSWORLD-DADRI,30-03-26,4-1-26,33892
84,TEMU9902721,IFF INDIA FROZEN FOODS PRIVATE LIMITED,CMA,TRANSWORLD-DADRI,30-03-26,4-1-26,33421.6
293,ARKU5026349,IFF INDIA FROZEN FOODS PRIVATE LIMITED,ARKAS LINE,TRANSWORLD-DADRI,28-03-26,4-1-26,33716
297,ARKU5013737,IFF INDIA FROZEN FOODS PRIVATE LIMITED,ARKAS LINE,TRANSWORLD-DADRI,28-03-26,4-1-26,33702
403,SEGU9416045,AL AMMAR FROZEN FOOD EXPORTS PVT LTD,CMA,TRANSWORLD-DADRI,27-03-26,4-1-26,33780
404,ARKU5003662,IFF INDIA FROZEN FOODS PRIVATE LIMITED,ARKAS LINE,TRANSWORLD-DADRI,27-03-26,4-1-26,33732.8
75,SEGU9399837,IFF INDIA FROZEN FOODS PRIVATE LIMITED,CORTEN,TRANSWORLD-DADRI,30-03-26,4-3-26,33646
78,BMOU9833606,IFF INDIA FROZEN FOODS PRIVATE LIMITED,CORTEN,TRANSWORLD-DADRI,30-03-26,4-3-26,33780
79,BMOU9835553,IFF INDIA FROZEN FOODS PRIVATE LIMITED,CORTEN,TRANSWORLD-DADRI,30-03-26,4-3-26,33345.4
85,SEGU9320998,IFF INDIA FROZEN FOODS PRIVATE LIMITED,CORTEN,TRANSWORLD-DADRI,30-03-26,4-3-26,33732.8
593,TTNU8194087,AL-NASIR EXPORTS PVT LTD (U.P),CORTEN,TRANSWORLD-DADRI,25-03-26,4-3-26,33160.5
2153,TTNU8244383,IFF INDIA FROZEN FOODS PRIVATE LIMITED,CORTEN,TRANSWORLD-DADRI,01-04-26,4-3-26,33632
2158,CXRU1211997,IFF INDIA FROZEN FOODS PRIVATE LIMITED,CORTEN,TRANSWORLD-DADRI,01-04-26,4-3-26,33702
2159,CXRU1231519,IFF INDIA FROZEN FOODS PRIVATE LIMITED,CORTEN,TRANSWORLD-DADRI,01-04-26,4-3-26,33642
2161,CXRU1219410,IFF INDIA FROZEN FOODS PRIVATE LIMITED,CORTEN,TRANSWORLD-DADRI,01-04-26,4-3-26,33702
2164,TRIU8175081,IFF INDIA FROZEN FOODS PRIVATE LIMITED,CMA,TRANSWORLD-DADRI,01-04-26,4-3-26,33702
2166,PCIU6067104,IFF INDIA FROZEN FOODS PRIVATE LIMITED,CORTEN,TRANSWORLD-DADRI,01-04-26,4-3-26,33632
2167,CXRU1220026,IFF INDIA FROZEN FOODS PRIVATE LIMITED,CORTEN,TRANSWORLD-DADRI,01-04-26,4-3-26,33632
88,ARKU5025152,IFF INDIA FROZEN FOODS PRIVATE LIMITED,ARKAS LINE,TRANSWORLD-DADRI,30-03-26,4-4-26,33452
2042,TRIU8920780,IFF INDIA FROZEN FOODS PRIVATE LIMITED,CMA,TRANSWORLD-DADRI,02-04-26,4-4-26,33382
2044,TCLU1099323,IFF INDIA FROZEN FOODS PRIVATE LIMITED,CMA,TRANSWORLD-DADRI,02-04-26,4-4-26,33632
2152,HLBU9743790,HMA AGRO INDUSTRIES LTD,HAPAG,TRANSWORLD-DADRI,01-04-26,4-4-26,33692
2160,CXRU1114641,AL HASSAN OVRESEAS  PVT LTD-UP,HAPAG,TRANSWORLD-DADRI,01-04-26,4-4-26,33605.4
2168,NIDU6501926,HMA AGRO INDUSTRIES LTD,HAPAG,TRANSWORLD-DADRI,01-04-26,4-4-26,33632
2028,EMCU5646351,HMA AGRO INDUSTRIES LTD,EVERGREEN,TRANSWORLD-DADRI,02-04-26,4-6-26,33712
2038,EMCU5524559,HMA AGRO INDUSTRIES LTD,EVERGREEN,TRANSWORLD-DADRI,02-04-26,4-6-26,33991.75
2157,EGSU5056354,HMA AGRO INDUSTRIES LTD,EVERGREEN,TRANSWORLD-DADRI,01-04-26,4-6-26,33632
2169,EMCU5606852,AL-NASIR EXPORTS PVT LTD (U.P),EVERGREEN,TRANSWORLD-DADRI,01-04-26,4-6-26,33592
1897,SEGU9932571,IFF INDIA FROZEN FOODS PRIVATE LIMITED,WAN HAI,TRANSWORLD-DADRI,04-04-26,4-7-26,33670
1901,SEGU9761910,IFF INDIA FROZEN FOODS PRIVATE LIMITED,WAN HAI,TRANSWORLD-DADRI,04-04-26,4-7-26,33732.8
1906,OOLU6280098,AL-NASIR EXPORTS PVT LTD (U.P),OOCL,TRANSWORLD-DADRI,04-04-26,4-7-26,33632
2029,OTPU6225978,AL-NASIR EXPORTS PVT LTD (U.P),WAN HAI,TRANSWORLD-DADRI,02-04-26,4-7-26,33632
2032,FBIU5359434,IFF INDIA FROZEN FOODS PRIVATE LIMITED,WAN HAI,TRANSWORLD-DADRI,02-04-26,4-7-26,33642
2033,FBIU0506790,MADHAVI IMPEX.,WAN HAI,TRANSWORLD-DADRI,02-04-26,4-7-26,33632
2147,SEGU9915548,IFF INDIA FROZEN FOODS PRIVATE LIMITED,WAN HAI,TRANSWORLD-DADRI,01-04-26,4-7-26,33345.4
2148,SEGU9751402,IFF INDIA FROZEN FOODS PRIVATE LIMITED,WAN HAI,TRANSWORLD-DADRI,01-04-26,4-7-26,33605.4
2149,OTPU6244432,HMA AGRO INDUSTRIES LTD,WAN HAI,TRANSWORLD-DADRI,01-04-26,4-7-26,33632
2150,OTPU6759124,HMA AGRO INDUSTRIES LTD,WAN HAI,TRANSWORLD-DADRI,01-04-26,4-7-26,33778
2155,SEGU9920971,MIRHA EXPORTS PVT. LTD.(PUNJAB),WAN HAI,TRANSWORLD-DADRI,01-04-26,4-7-26,33892
2170,SEGU9752116,IFF INDIA FROZEN FOODS PRIVATE LIMITED,WAN HAI,TRANSWORLD-DADRI,01-04-26,4-7-26,33421.6
590,SEGU9924766,IFF INDIA FROZEN FOODS PRIVATE LIMITED,WAN HAI,TRANSWORLD-DADRI,25-03-26,4-8-26,33716
673,OTPU6818485,MARHABA FROZEN FOODS,WAN HAI,TRANSWORLD-DADRI,24-03-26,4-8-26,33702
685,SEGU9914367,HMA AGRO INDUSTRIES LTD,WAN HAI,TRANSWORLD-DADRI,24-03-26,4-8-26,33780
723,SEKU9080530,HMA AGRO INDUSTRIES LTD,WAN HAI,TRANSWORLD-DADRI,23-03-26,4-8-26,33732.8
726,FSCU5930800,PETAL EXPORTS,WAN HAI,TRANSWORLD-DADRI,23-03-26,4-8-26,33646
843,FBIU5302803,INTERNATIONAL AGRO FOODS,WAN HAI,TRANSWORLD-DADRI,20-03-26,4-8-26,33780
852,FBIU5123120,HMA AGRO INDUSTRIES LTD,WAN HAI,TRANSWORLD-DADRI,20-03-26,4-8-26,33345.4
859,OTPU6808511,AL-NASIR EXPORTS PVT LTD (U.P),WAN HAI,TRANSWORLD-DADRI,20-03-26,4-8-26,33732.8
861,FBIU5386548,IFF INDIA FROZEN FOODS PRIVATE LIMITED,WAN HAI,TRANSWORLD-DADRI,20-03-26,4-8-26,33160.5
915,OTPU6808131,MARHABA FROZEN FOODS,WAN HAI,TRANSWORLD-DADRI,19-03-26,4-8-26,33632
918,FBIU5393418,MARHABA FROZEN FOODS,WAN HAI,TRANSWORLD-DADRI,19-03-26,4-8-26,33702
921,SEGU9618149,HMA AGRO INDUSTRIES LTD,WAN HAI,TRANSWORLD-DADRI,19-03-26,4-8-26,33642
922,SEKU9176484,HMA AGRO INDUSTRIES LTD,WAN HAI,TRANSWORLD-DADRI,19-03-26,4-8-26,33702
923,OTPU6827337,HMA AGRO INDUSTRIES LTD,WAN HAI,TRANSWORLD-DADRI,19-03-26,4-8-26,33702
932,SEGU9924658,IFF INDIA FROZEN FOODS PRIVATE LIMITED,WAN HAI,TRANSWORLD-DADRI,19-03-26,4-8-26,33632
937,FBIU5303749,HMA AGRO INDUSTRIES LTD,WAN HAI,TRANSWORLD-DADRI,19-03-26,4-8-26,33632
938,SZLU9734311,HMA AGRO INDUSTRIES LTD,WAN HAI,TRANSWORLD-DADRI,19-03-26,4-8-26,33452
939,OTPU6811921,MARHABA FROZEN FOODS,WAN HAI,TRANSWORLD-DADRI,19-03-26,4-8-26,33382
943,OTPU6686820,IFF INDIA FROZEN FOODS PRIVATE LIMITED,WAN HAI,TRANSWORLD-DADRI,19-03-26,4-8-26,33632
955,OTPU6253780,IFF INDIA FROZEN FOODS PRIVATE LIMITED,WAN HAI,TRANSWORLD-DADRI,19-03-26,4-8-26,33692
1008,FBIU5359521,HMA AGRO INDUSTRIES LTD,WAN HAI,TRANSWORLD-DADRI,18-03-26,4-8-26,33605.4
1010,FBIU5119372,HMA AGRO INDUSTRIES LTD,WAN HAI,TRANSWORLD-DADRI,18-03-26,4-8-26,33632
1015,FBIU5381720,HMA AGRO INDUSTRIES LTD,WAN HAI,TRANSWORLD-DADRI,18-03-26,4-8-26,33712
1016,OTPU6833978,HMA AGRO INDUSTRIES LTD,WAN HAI,TRANSWORLD-DADRI,18-03-26,4-8-26,33991.75
1017,OTPU6257527,HMA AGRO INDUSTRIES LTD,WAN HAI,TRANSWORLD-DADRI,18-03-26,4-8-26,33632
1019,OTPU6198337,INTERNATIONAL AGRO FOODS,WAN HAI,TRANSWORLD-DADRI,18-03-26,4-8-26,33592
1133,SEGU9856810,INTERNATIONAL AGRO FOODS,WAN HAI,TRANSWORLD-DADRI,16-03-26,4-8-26,33670
1142,SZLU9710557,AL-NASIR EXPORTS PVT LTD (U.P),WAN HAI,TRANSWORLD-DADRI,16-03-26,4-8-26,33732.8
1898,SEGU9484754,IFF INDIA FROZEN FOODS PRIVATE LIMITED,CORTEN,TRANSWORLD-DADRI,04-04-26,4-8-26,33632
1899,SEGU9398825,IFF INDIA FROZEN FOODS PRIVATE LIMITED,CORTEN,TRANSWORLD-DADRI,04-04-26,4-8-26,33632
1911,SEGU9349008,IFF INDIA FROZEN FOODS PRIVATE LIMITED,CORTEN,TRANSWORLD-DADRI,04-04-26,4-8-26,33642
1912,TTNU8163002,IFF INDIA FROZEN FOODS PRIVATE LIMITED,CORTEN,TRANSWORLD-DADRI,04-04-26,4-8-26,33632
1913,TRIU8924929,IFF INDIA FROZEN FOODS PRIVATE LIMITED,CORTEN,TRANSWORLD-DADRI,04-04-26,4-8-26,33345.4
1915,BMOU9836858,IFF INDIA FROZEN FOODS PRIVATE LIMITED,CORTEN,TRANSWORLD-DADRI,04-04-26,4-8-26,33605.4
2151,SEGU9174738,IFF INDIA FROZEN FOODS PRIVATE LIMITED,CMA,TRANSWORLD-DADRI,01-04-26,4-8-26,33632
103,FBIU5122714,HMA AGRO INDUSTRIES LTD,WAN HAI,TRANSWORLD-DADRI,30-01-26,5-5-26,33778
202,SZLU9733491,IFF INDIA FROZEN FOODS PRIVATE LIMITED,WAN HAI,TRANSWORLD-DADRI,29-01-26,5-5-26,33892
205,OTPU6685464,HMA AGRO INDUSTRIES LTD,WAN HAI,TRANSWORLD-DADRI,29-01-26,5-5-26,33421.6
210,OTPU6203011,IFF INDIA FROZEN FOODS PRIVATE LIMITED,WAN HAI,TRANSWORLD-DADRI,29-01-26,5-5-26,33716
213,SEGU9929665,AL-NASIR EXPORTS PVT LTD (U.P),WAN HAI,TRANSWORLD-DADRI,29-01-26,5-5-26,33702
310,SEKU9362658,AL-NASIR EXPORTS PVT LTD (U.P),WAN HAI,TRANSWORLD-DADRI,28-01-26,5-5-26,33780
317,SEGU9821011,IFF INDIA FROZEN FOODS PRIVATE LIMITED,WAN HAI,TRANSWORLD-DADRI,28-01-26,5-5-26,33732.8
319,SEGU9756256,AL-NASIR EXPORTS PVT LTD (U.P),WAN HAI,TRANSWORLD-DADRI,28-01-26,5-5-26,33646
326,FBIU5386949,IFF INDIA FROZEN FOODS PRIVATE LIMITED,WAN HAI,TRANSWORLD-DADRI,28-01-26,5-5-26,33780
1973,FBIU5297564,AL-NASIR EXPORTS PVT LTD (U.P),WAN HAI,TRANSWORLD-DADRI,03-02-26,5-5-26,33345.4
1974,OTPU6203726,HMA AGRO INDUSTRIES LTD,WAN HAI,TRANSWORLD-DADRI,03-02-26,5-5-26,33732.8
1977,OTPU6755896,AL-NASIR EXPORTS PVT LTD (U.P),WAN HAI,TRANSWORLD-DADRI,03-02-26,5-5-26,33160.5
2070,FBIU5388134,AL AAYAT FOOD EXPO PVT. LTD,WAN HAI,TRANSWORLD-DADRI,02-02-26,5-5-26,33632
2074,SEKU9299811,MIRHA EXPORTS PVT. LTD.(PUNJAB),WAN HAI,TRANSWORLD-DADRI,02-02-26,5-5-26,33702
2075,SEGU9701335,HMA AGRO INDUSTRIES LTD,WAN HAI,TRANSWORLD-DADRI,02-02-26,5-5-26,33642
706,FBIU5115551,AL-NASIR EXPORTS PVT LTD (U.P),WAN HAI,TRANSWORLD-DADRI,24-01-26,12-29-26,33702
766,OTPU6201575,HMA AGRO INDUSTRIES LTD,WAN HAI,TRANSWORLD-DADRI,23-01-26,12-29-26,33702
768,OTPU6204656,AL AAYAT FOOD EXPO PVT. LTD,WAN HAI,TRANSWORLD-DADRI,23-01-26,12-29-26,33632
770,OTPU6192935,AL-NASIR EXPORTS PVT LTD (U.P),WAN HAI,TRANSWORLD-DADRI,23-01-26,12-29-26,33632
820,SEGU9914222,MIRHA EXPORTS PVT. LTD.(PUNJAB),WAN HAI,TRANSWORLD-DADRI,21-01-26,12-29-26,33452
823,SEGU9645798,HMA AGRO INDUSTRIES LTD,WAN HAI,TRANSWORLD-DADRI,21-01-26,12-29-26,33382
824,SZLU9755504,HMA AGRO INDUSTRIES LTD,WAN HAI,TRANSWORLD-DADRI,21-01-26,12-29-26,33632
825,OTPU6829366,HMA AGRO INDUSTRIES LTD,WAN HAI,TRANSWORLD-DADRI,21-01-26,12-29-26,33692
30,SEGU9927410,HMA AGRO INDUSTRIES LTD,WAN HAI,TRANSWORLD-DADRI,30-12-25,12-31-26,33605.4
31,FBIU5362633,HMA AGRO INDUSTRIES LTD,WAN HAI,TRANSWORLD-DADRI,30-12-25,12-31-26,33632
109,SEGU9749703,IFF INDIA FROZEN FOODS PRIVATE LIMITED,WAN HAI,TRANSWORLD-DADRI,29-12-25,12-31-26,33712
110,OTPU6810416,MEEM AGRO FOODS PVT LTD,WAN HAI,TRANSWORLD-DADRI,29-12-25,12-31-26,33991.75
115,OTPU6755725,AL-AALI EXPORTS PVT LTD-(UP),WAN HAI,TRANSWORLD-DADRI,29-12-25,12-31-26,33632
129,FBIU5397711,IFF INDIA FROZEN FOODS PRIVATE LIMITED,WAN HAI,TRANSWORLD-DADRI,29-12-25,12-31-26,33592
1466,TTNU8108936,INTERNATIONAL AGRO FOODS,MSC,TRANSWORLD-DADRI,10-03-26,3-12-26,33670
516,MEDU9042165,INTERNATIONAL AGRO FOODS,MSC,TRANSWORLD-DADRI,26-02-26,2-28-26,33732.8
303,HLBU9075197,PURE FOODSTUFF PRIVATE LIMITED,HAPAG,TRANSWORLD-DADRI,28-02-26,3-2-26,33632
1570,FBIU5395576,AL-NASIR EXPORTS PVT LTD (U.P),WAN HAI,TRANSWORLD-DADRI,09-01-26,1-11-26,33632
1621,FBIU5386379,AL-NASIR EXPORTS PVT LTD (U.P),WAN HAI,TRANSWORLD-DADRI,08-01-26,1-10-26,33642
463,CRLU1398348,IFF INDIA FROZEN FOODS PRIVATE LIMITED,GOODRICH,TRANSWORLD-DADRI,26-12-25,12-28-25,33632
16,RLTU2055264,HMA AGRO INDUSTRIES LTD,LEGEND,TRANSWORLD-DADRI,31-07-25,8-2-25,33345.4
17,LEGU1222509,HMA AGRO INDUSTRIES LTD,LEGEND,TRANSWORLD-DADRI,31-07-25,8-2-25,33605.4
18,RLTU2042821,HMA AGRO INDUSTRIES LTD,LEGEND,TRANSWORLD-DADRI,31-07-25,8-2-25,33632
36,OTPU6199138,INTERNATIONAL AGRO FOODS,WAN HAI,TRANSWORLD-DADRI,30-10-25,11-1-25,33778
37,SEKU9150854,HMA AGRO INDUSTRIES LTD,WAN HAI,TRANSWORLD-DADRI,30-10-25,11-1-25,33892
38,TRIU8269724,IFF INDIA FROZEN FOODS PRIVATE LIMITED,GOODRICH,TRANSWORLD-DADRI,30-10-25,11-1-25,33421.6
39,TRIU8839431,IFF INDIA FROZEN FOODS PRIVATE LIMITED,GOODRICH,TRANSWORLD-DADRI,30-10-25,11-1-25,33716
40,SEKU9166866,INTERNATIONAL AGRO FOODS,WAN HAI,TRANSWORLD-DADRI,30-10-25,11-1-25,33702
41,HLBU9927673,IFF INDIA FROZEN FOODS PRIVATE LIMITED,HAPAG,TRANSWORLD-DADRI,30-10-25,11-1-25,33780
42,OTPU6256686,HMA AGRO INDUSTRIES LTD,WAN HAI,TRANSWORLD-DADRI,30-10-25,11-1-25,33732.8
43,SEKU9343046,HMA AGRO INDUSTRIES LTD,WAN HAI,TRANSWORLD-DADRI,30-10-25,11-1-25,33646
44,TTNU8639383,HMA AGRO INDUSTRIES LTD,CMA,TRANSWORLD-DADRI,30-10-25,11-1-25,33780
45,SEGU9921670,HMA AGRO INDUSTRIES LTD,WAN HAI,TRANSWORLD-DADRI,30-10-25,11-1-25,33345.4
46,OTPU6216702,IFF INDIA FROZEN FOODS PRIVATE LIMITED,EVERGREEN,TRANSWORLD-DADRI,30-08-25,9-1-25,33732.8
47,OTPU6254111,IFF INDIA FROZEN FOODS PRIVATE LIMITED,WAN HAI,TRANSWORLD-DADRI,30-08-25,9-1-25,33160.5
48,EMCU5723340,MIRHA EXPORTS PVT. LTD.(PUNJAB),EVERGREEN,TRANSWORLD-DADRI,30-08-25,9-1-25,33632
49,ARKU5029902,IFF INDIA FROZEN FOODS PRIVATE LIMITED,ARKAS LINE,TRANSWORLD-DADRI,30-08-25,9-1-25,33702
50,TTNU8465189,IFF INDIA FROZEN FOODS PRIVATE LIMITED,CMA,TRANSWORLD-DADRI,30-08-25,9-1-25,33642
51,HLBU6020312,INTERNATIONAL AGRO FOODS,HAPAG,TRANSWORLD-DADRI,30-08-25,9-1-25,33702
52,OTPU6216657,HMA AGRO INDUSTRIES LTD,EVERGREEN,TRANSWORLD-DADRI,30-08-25,9-1-25,33702
53,FSCU5984392,IFF INDIA FROZEN FOODS PRIVATE LIMITED,OOCL,TRANSWORLD-DADRI,30-08-25,9-1-25,33632
54,ARKU5001525,IFF INDIA FROZEN FOODS PRIVATE LIMITED,ARKAS LINE,TRANSWORLD-DADRI,30-08-25,9-1-25,33632
55,ARKU5012659,AL AMMAR FROZEN FOOD EXPORTS PVT LTD,ARKAS LINE,TRANSWORLD-DADRI,30-07-25,8-1-25,33452
56,ARKU5017692,AL AMMAR FROZEN FOOD EXPORTS PVT LTD,ARKAS LINE,TRANSWORLD-DADRI,30-07-25,8-1-25,33382
57,SEKU9192593,IFF INDIA FROZEN FOODS PRIVATE LIMITED,WAN HAI,TRANSWORLD-DADRI,30-07-25,8-1-25,33632
58,SZLU9737239,AL-NASIR EXPORTS PVT LTD (U.P),WAN HAI,TRANSWORLD-DADRI,30-07-25,8-1-25,33692
59,ARKU5016356,AL AMMAR FROZEN FOOD EXPORTS PVT LTD,ARKAS LINE,TRANSWORLD-DADRI,30-07-25,8-1-25,33605.4
60,EMCU5481919,AL AMMAR FROZEN FOOD EXPORTS PVT LTD,EVERGREEN,TRANSWORLD-DADRI,30-07-25,8-1-25,33632
61,GRMU5181086,PRAX IMPEX PRIVATE LIMITED,GOODRICH,TRANSWORLD-DADRI,30-07-25,8-1-25,33712
62,SEKU9157041,IFF INDIA FROZEN FOODS PRIVATE LIMITED,WAN HAI,TRANSWORLD-DADRI,30-07-25,8-1-25,33991.75
63,ARKU5005990,AL AMMAR FROZEN FOOD EXPORTS PVT LTD,ARKAS LINE,TRANSWORLD-DADRI,30-07-25,8-1-25,33632
64,OTPU6676945,IFF INDIA FROZEN FOODS PRIVATE LIMITED,WAN HAI,TRANSWORLD-DADRI,30-07-25,8-1-25,33592
65,ARKU5004669,AL-NASIR EXPORTS PVT LTD (U.P),ARKAS LINE,TRANSWORLD-DADRI,30-07-25,8-1-25,33670
66,GRMU4507239,PRAX IMPEX PRIVATE LIMITED,GOODRICH,TRANSWORLD-DADRI,30-07-25,8-1-25,33732.8
67,GRMU4130058,PRAX IMPEX PRIVATE LIMITED,GOODRICH,TRANSWORLD-DADRI,30-07-25,8-1-25,33632
68,OOLU6241960,IFF INDIA FROZEN FOODS PRIVATE LIMITED,OOCL,TRANSWORLD-DADRI,30-07-25,8-1-25,33632
74,GMOU8877097,INTERNATIONAL AGRO FOODS,GOLD STAR,TRANSWORLD-DADRI,30-03-26,4-1-26,33642
140,TTNU8304564,HMA AGRO INDUSTRIES LTD,CMA,TRANSWORLD-DADRI,29-11-25,12-1-25,33632
141,ARKU5031427,IFF INDIA FROZEN FOODS PRIVATE LIMITED,ARKAS LINE,TRANSWORLD-DADRI,29-11-25,12-1-25,33345.4
142,ARKU5030858,IFF INDIA FROZEN FOODS PRIVATE LIMITED,ARKAS LINE,TRANSWORLD-DADRI,29-11-25,12-1-25,33605.4
143,TCLU1324023,HMA AGRO INDUSTRIES LTD,CMA,TRANSWORLD-DADRI,29-11-25,12-1-25,33632
144,CGMU5680916,IFF INDIA FROZEN FOODS PRIVATE LIMITED,CMA,TRANSWORLD-DADRI,29-11-25,12-1-25,33778
145,TEMU9267729,HMA AGRO INDUSTRIES LTD,CMA,TRANSWORLD-DADRI,29-11-25,12-1-25,33892
146,ARKU5028064,IFF INDIA FROZEN FOODS PRIVATE LIMITED,ARKAS LINE,TRANSWORLD-DADRI,29-11-25,12-1-25,33421.6
147,TTNU8961574,HMA AGRO INDUSTRIES LTD,CMA,TRANSWORLD-DADRI,29-11-25,12-1-25,33716
148,TCLU1336003,AL AMMAR FROZEN FOOD EXPORTS PVT LTD,CMA,TRANSWORLD-DADRI,29-11-25,12-1-25,33702
149,SEGU9924920,IFF INDIA FROZEN FOODS PRIVATE LIMITED,WAN HAI,TRANSWORLD-DADRI,29-11-25,12-1-25,33780
150,CXRU1359243,HMA AGRO INDUSTRIES LTD,CMA,TRANSWORLD-DADRI,29-11-25,12-1-25,33732.8
151,TTNU8239279,HMA AGRO INDUSTRIES LTD,CMA,TRANSWORLD-DADRI,29-11-25,12-1-25,33646
152,SILU7012716,HMA AGRO INDUSTRIES LTD,CMA,TRANSWORLD-DADRI,29-10-25,10-31-25,33780
153,SEKU9159996,MIRHA EXPORTS PVT. LTD.(PUNJAB),WAN HAI,TRANSWORLD-DADRI,29-10-25,10-31-25,33345.4
154,CAIU5588687,HMA AGRO INDUSTRIES LTD,CMA,TRANSWORLD-DADRI,29-10-25,10-31-25,33732.8
155,MORU5814877,IFF INDIA FROZEN FOODS PRIVATE LIMITED,GOODRICH,TRANSWORLD-DADRI,29-10-25,10-31-25,33160.5
156,TRIU8852557,IFF INDIA FROZEN FOODS PRIVATE LIMITED,GOODRICH,TRANSWORLD-DADRI,29-10-25,10-31-25,33632
157,TEMU9185662,AL-AALI EXPORTS PVT LTD-(UP),OCEAN,TRANSWORLD-DADRI,29-10-25,10-31-25,33702
158,ONEU9326714,AL-NASIR EXPORTS PVT LTD (U.P),OCEAN,TRANSWORLD-DADRI,29-10-25,10-31-25,33642
159,CGMU5326564,AL-NASIR EXPORTS PVT LTD (U.P),CMA,TRANSWORLD-DADRI,29-10-25,10-31-25,33702
160,EMCU5689800,HMA AGRO INDUSTRIES LTD,EVERGREEN,TRANSWORLD-DADRI,29-10-25,10-31-25,33702
161,CGMU5232296,HMA AGRO INDUSTRIES LTD,CMA,TRANSWORLD-DADRI,29-10-25,10-31-25,33632
162,TTNU8958502,HMA AGRO INDUSTRIES LTD,CMA,TRANSWORLD-DADRI,29-10-25,10-31-25,33632
163,TLLU1070945,HMA AGRO INDUSTRIES LTD,CMA,TRANSWORLD-DADRI,29-10-25,10-31-25,33452
164,FSCU5752062,HMA AGRO INDUSTRIES LTD,OCEAN,TRANSWORLD-DADRI,29-10-25,10-31-25,33382
165,TTNU8890249,HMA AGRO INDUSTRIES LTD,CMA,TRANSWORLD-DADRI,29-10-25,10-31-25,33632
166,FBIU5263203,HMA AGRO INDUSTRIES LTD,OCEAN,TRANSWORLD-DADRI,29-10-25,10-31-25,33692
167,SEGU9554830,HMA AGRO INDUSTRIES LTD,CMA,TRANSWORLD-DADRI,29-10-25,10-31-25,33605.4
168,CGMU5465282,HMA AGRO INDUSTRIES LTD,CMA,TRANSWORLD-DADRI,29-10-25,10-31-25,33632
169,SEGU9537556,HMA AGRO INDUSTRIES LTD,CMA,TRANSWORLD-DADRI,29-10-25,10-31-25,33712
170,FBIU5123562,HMA AGRO INDUSTRIES LTD,WAN HAI,TRANSWORLD-DADRI,29-08-25,8-31-25,33991.75
171,ARKU5024460,PURE FOODSTUFF PRIVATE LIMITED,ARKAS LINE,TRANSWORLD-DADRI,29-08-25,8-31-25,33632
172,TEMU9076506,HMA AGRO INDUSTRIES LTD,CMA,TRANSWORLD-DADRI,29-08-25,8-31-25,33592
173,OTPU6213806,AL AMMAR FROZEN FOOD EXPORTS PVT LTD,EVERGREEN,TRANSWORLD-DADRI,29-08-25,8-31-25,33670
174,OTPU6679728,HMA AGRO INDUSTRIES LTD,WAN HAI,TRANSWORLD-DADRI,29-08-25,8-31-25,33732.8
175,CGMU9339261,AL HASSAN OVRESEAS  PVT LTD-UP,CMA,TRANSWORLD-DADRI,29-08-25,8-31-25,33632
176,EMCU5709906,AL AMMAR FROZEN FOOD EXPORTS PVT LTD,EVERGREEN,TRANSWORLD-DADRI,29-08-25,8-31-25,33632
177,ARKU5011020,PURE FOODSTUFF PRIVATE LIMITED,ARKAS LINE,TRANSWORLD-DADRI,29-08-25,8-31-25,33642
178,OTPU6759470,IFF INDIA FROZEN FOODS PRIVATE LIMITED,WAN HAI,TRANSWORLD-DADRI,29-08-25,8-31-25,33632
179,OTPU6774659,HMA AGRO INDUSTRIES LTD,WAN HAI,TRANSWORLD-DADRI,29-08-25,8-31-25,33345.4
180,FSCU5935905,HMA AGRO INDUSTRIES LTD,WAN HAI,TRANSWORLD-DADRI,29-08-25,8-31-25,33605.4
181,SEGU9858279,HMA AGRO INDUSTRIES LTD,WAN HAI,TRANSWORLD-DADRI,29-08-25,8-31-25,33632
182,SEGU9932416,INTERNATIONAL AGRO FOODS,WAN HAI,TRANSWORLD-DADRI,29-08-25,8-31-25,33778
183,SEKU9162731,IFF INDIA FROZEN FOODS PRIVATE LIMITED,WAN HAI,TRANSWORLD-DADRI,29-08-25,8-31-25,33892
184,EMCU5684372,IFF INDIA FROZEN FOODS PRIVATE LIMITED,EVERGREEN,TRANSWORLD-DADRI,29-08-25,8-31-25,33421.6
185,OTPU6676884,RAYBAN FROZEN FOODS PVT.LTD,WAN HAI,TRANSWORLD-DADRI,29-07-25,7-31-25,33716
186,EMCU5743259,AL AAYAT FOOD EXPO PVT. LTD,EVERGREEN,TRANSWORLD-DADRI,29-07-25,7-31-25,33702
187,SEKU9363485,AL-NASIR EXPORTS PVT LTD (U.P),WAN HAI,TRANSWORLD-DADRI,29-07-25,7-31-25,33780
188,SEKU9084536,IFF INDIA FROZEN FOODS PRIVATE LIMITED,WAN HAI,TRANSWORLD-DADRI,29-07-25,7-31-25,33732.8
189,CGMU5097540,HMA AGRO INDUSTRIES LTD,CMA,TRANSWORLD-DADRI,29-07-25,7-31-25,33646
190,SEGU9702347,AL-NASIR EXPORTS PVT LTD (U.P),WAN HAI,TRANSWORLD-DADRI,29-07-25,7-31-25,33780
191,CXRU1619823,HMA AGRO INDUSTRIES LTD,CMA,TRANSWORLD-DADRI,29-07-25,7-31-25,33345.4
192,SEGU9637220,AL-NASIR EXPORTS PVT LTD (U.P),WAN HAI,TRANSWORLD-DADRI,29-07-25,7-31-25,33732.8
193,TEMU9422152,HMA AGRO INDUSTRIES LTD,CMA,TRANSWORLD-DADRI,29-07-25,7-31-25,33160.5
194,TTNU8280694,HMA AGRO INDUSTRIES LTD,CMA,TRANSWORLD-DADRI,29-07-25,7-31-25,33632
195,HLXU8764985,IFF INDIA FROZEN FOODS PRIVATE LIMITED,HAPAG,TRANSWORLD-DADRI,29-07-25,7-31-25,33702
196,TRIU8071786,HMA AGRO INDUSTRIES LTD,CMA,TRANSWORLD-DADRI,29-07-25,7-31-25,33642
197,GESU9585420,HMA AGRO INDUSTRIES LTD,CMA,TRANSWORLD-DADRI,29-07-25,7-31-25,33702
198,TEMU9333749,AL AMMAR FROZEN FOOD EXPORTS PVT LTD,HAPAG,TRANSWORLD-DADRI,29-07-25,7-31-25,33702
199,CGMU5192547,HMA AGRO INDUSTRIES LTD,CMA,TRANSWORLD-DADRI,29-07-25,7-31-25,33632
200,TCLU1132165,HMA AGRO INDUSTRIES LTD,CMA,TRANSWORLD-DADRI,29-07-25,7-31-25,33632
201,EMCU5699789,HMA AGRO INDUSTRIES LTD,EVERGREEN,TRANSWORLD-DADRI,29-07-25,7-31-25,33452
214,FBIU5381145,AL-NASIR EXPORTS PVT LTD (U.P),WAN HAI,TRANSWORLD-DADRI,28-11-25,11-30-25,33382
215,EGSU5083318,HMA AGRO INDUSTRIES LTD,EVERGREEN,TRANSWORLD-DADRI,28-11-25,11-30-25,33632
216,TTNU8603502,PETAL EXPORTS,CMA,TRANSWORLD-DADRI,28-11-25,11-30-25,33692
217,OTPU6677540,IFF INDIA FROZEN FOODS PRIVATE LIMITED,WAN HAI,TRANSWORLD-DADRI,28-11-25,11-30-25,33605.4
218,SEKU9300954,IFF INDIA FROZEN FOODS PRIVATE LIMITED,WAN HAI,TRANSWORLD-DADRI,28-11-25,11-30-25,33632
219,SEKU9191370,IFF INDIA FROZEN FOODS PRIVATE LIMITED,WAN HAI,TRANSWORLD-DADRI,28-11-25,11-30-25,33712
220,EGSU5057026,HMA AGRO INDUSTRIES LTD,EVERGREEN,TRANSWORLD-DADRI,28-11-25,11-30-25,33991.75
221,SZLU9238477,HMA AGRO INDUSTRIES LTD,KMTC,TRANSWORLD-DADRI,28-11-25,11-30-25,33632
222,FBIU5118801,IFF INDIA FROZEN FOODS PRIVATE LIMITED,WAN HAI,TRANSWORLD-DADRI,28-11-25,11-30-25,33592
223,TRIU8985328,IFF INDIA FROZEN FOODS PRIVATE LIMITED,JODAC SHIPPING LINE PVT LTD,TRANSWORLD-DADRI,28-11-25,11-30-25,33670
224,FBIU5567042,HMA AGRO INDUSTRIES LTD,KMTC,TRANSWORLD-DADRI,28-11-25,11-30-25,33732.8
225,HLBU9149134,IFF INDIA FROZEN FOODS PRIVATE LIMITED,HAPAG,TRANSWORLD-DADRI,28-11-25,11-30-25,33632
226,OTPU6257023,AL AAYAT FOOD EXPO PVT. LTD,WAN HAI,TRANSWORLD-DADRI,28-11-25,11-30-25,33632
227,FBIU5303266,AL-AALI EXPORTS PVT LTD-(UP),WAN HAI,TRANSWORLD-DADRI,28-11-25,11-30-25,33642
228,SEGU9916101,IFF INDIA FROZEN FOODS PRIVATE LIMITED,WAN HAI,TRANSWORLD-DADRI,28-11-25,11-30-25,33632
229,OOLU6459524,MEEM AGRO FOODS PVT LTD,OOCL,TRANSWORLD-DADRI,28-11-25,11-30-25,33345.4
230,ONEU9309297,AL-NASIR EXPORTS PVT LTD (U.P),OCEAN,TRANSWORLD-DADRI,28-10-25,10-30-25,33605.4
231,FBIU5293912,AL-NASIR EXPORTS PVT LTD (U.P),WAN HAI,TRANSWORLD-DADRI,28-10-25,10-30-25,33632
232,ONEU9333890,AL-NASIR EXPORTS PVT LTD (U.P),OCEAN,TRANSWORLD-DADRI,28-10-25,10-30-25,33778
233,OTPU6202761,INTERNATIONAL AGRO FOODS,WAN HAI,TRANSWORLD-DADRI,28-10-25,10-30-25,33892
234,TLLU1209244,AL-AALI EXPORTS PVT LTD-(UP),OCEAN,TRANSWORLD-DADRI,28-10-25,10-30-25,33421.6
235,SEGU9928247,INTERNATIONAL AGRO FOODS,WAN HAI,TRANSWORLD-DADRI,28-10-25,10-30-25,33716
236,OTPU6205518,INTERNATIONAL AGRO FOODS,WAN HAI,TRANSWORLD-DADRI,28-10-25,10-30-25,33702
237,ARKU5011930,IFF INDIA FROZEN FOODS PRIVATE LIMITED,ARKAS LINE,TRANSWORLD-DADRI,28-10-25,10-30-25,33780
238,ARKU5030570,IFF INDIA FROZEN FOODS PRIVATE LIMITED,ARKAS LINE,TRANSWORLD-DADRI,28-10-25,10-30-25,33732.8
239,FSCU5823757,AL-AALI EXPORTS PVT LTD-(UP),OCEAN,TRANSWORLD-DADRI,28-10-25,10-30-25,33646
240,EMCU5549156,AL AMMAR FROZEN FOOD EXPORTS PVT LTD,EVERGREEN,TRANSWORLD-DADRI,28-10-25,10-30-25,33780
241,CXRU1122441,HMA AGRO INDUSTRIES LTD,CMA,TRANSWORLD-DADRI,28-10-25,10-30-25,33345.4
242,EMCU5468970,AL-NASIR EXPORTS PVT LTD (U.P),EVERGREEN,TRANSWORLD-DADRI,28-10-25,10-30-25,33732.8
243,EMCU5643244,AL AMMAR FROZEN FOOD EXPORTS PVT LTD,EVERGREEN,TRANSWORLD-DADRI,28-10-25,10-30-25,33160.5
244,ARKU5035736,IFF INDIA FROZEN FOODS PRIVATE LIMITED,ARKAS LINE,TRANSWORLD-DADRI,28-10-25,10-30-25,33632
245,ONEU9025027,ANAA TRADERS,OCEAN,TRANSWORLD-DADRI,28-10-25,10-30-25,33702
246,CGMU5353024,HMA AGRO INDUSTRIES LTD,CMA,TRANSWORLD-DADRI,28-10-25,10-30-25,33642
247,OTPU6676605,INTERNATIONAL AGRO FOODS,WAN HAI,TRANSWORLD-DADRI,28-10-25,10-30-25,33702
248,SEGU9057990,HMA AGRO INDUSTRIES LTD,CMA,TRANSWORLD-DADRI,28-10-25,10-30-25,33702
249,CGMU5262095,HMA AGRO INDUSTRIES LTD,CMA,TRANSWORLD-DADRI,28-10-25,10-30-25,33632
250,EMCU5426402,HMA AGRO INDUSTRIES LTD,EVERGREEN,TRANSWORLD-DADRI,28-10-25,10-30-25,33632
251,SEGU9925443,INTERNATIONAL AGRO FOODS,WAN HAI,TRANSWORLD-DADRI,28-10-25,10-30-25,33452
252,OTPU6759762,HMA AGRO INDUSTRIES LTD,WAN HAI,TRANSWORLD-DADRI,28-10-25,10-30-25,33382
253,CXRU1044035,IFF INDIA FROZEN FOODS PRIVATE LIMITED,HAPAG,TRANSWORLD-DADRI,28-10-25,10-30-25,33632
254,CAIU5695520,HMA AGRO INDUSTRIES LTD,CMA,TRANSWORLD-DADRI,28-10-25,10-30-25,33692
255,EMCU5730987,HMA AGRO INDUSTRIES LTD,EVERGREEN,TRANSWORLD-DADRI,28-08-25,8-30-25,33605.4
256,OTPU6225896,INTERNATIONAL AGRO FOODS,WAN HAI,TRANSWORLD-DADRI,28-08-25,8-30-25,33632
257,CXRU1359433,HMA AGRO INDUSTRIES LTD,CMA,TRANSWORLD-DADRI,28-08-25,8-30-25,33712
258,TRIU8359350,PRAX IMPEX PRIVATE LIMITED,GOODRICH,TRANSWORLD-DADRI,28-08-25,8-30-25,33991.75
259,ARKU5029250,AL AMMAR FROZEN FOOD EXPORTS PVT LTD,ARKAS LINE,TRANSWORLD-DADRI,28-08-25,8-30-25,33632
260,OTPU6686650,HMA AGRO INDUSTRIES LTD,WAN HAI,TRANSWORLD-DADRI,28-08-25,8-30-25,33592
261,ARKU5019720,AL AMMAR FROZEN FOOD EXPORTS PVT LTD,ARKAS LINE,TRANSWORLD-DADRI,28-08-25,8-30-25,33670
262,FSCU5930740,AL HASSAN OVRESEAS  PVT LTD-UP,WAN HAI,TRANSWORLD-DADRI,28-08-25,8-30-25,33732.8
263,FBIU5395895,HMA AGRO INDUSTRIES LTD,WAN HAI,TRANSWORLD-DADRI,28-08-25,8-30-25,33632
264,FBIU5362588,AL AAYAT FOOD EXPO PVT. LTD,WAN HAI,TRANSWORLD-DADRI,28-08-25,8-30-25,33632
265,APRU5098935,PRAX IMPEX PRIVATE LIMITED,GOODRICH,TRANSWORLD-DADRI,28-08-25,8-30-25,33642
266,OOLU6452617,AL AMMAR FROZEN FOOD EXPORTS PVT LTD,OOCL,TRANSWORLD-DADRI,28-08-25,8-30-25,33632
267,OOLU6294614,AL AMMAR FROZEN FOOD EXPORTS PVT LTD,OOCL,TRANSWORLD-DADRI,28-08-25,8-30-25,33345.4
268,EMCU5717033,AL AMMAR FROZEN FOOD EXPORTS PVT LTD,EVERGREEN,TRANSWORLD-DADRI,28-08-25,8-30-25,33605.4
269,ARKU5015529,IFF INDIA FROZEN FOODS PRIVATE LIMITED,ARKAS LINE,TRANSWORLD-DADRI,28-08-25,8-30-25,33632
270,SEGU9951817,HMA AGRO INDUSTRIES LTD,WAN HAI,TRANSWORLD-DADRI,28-08-25,8-30-25,33778
271,CGMU5383780,AL AAYAT FOOD EXPO PVT. LTD,CMA,TRANSWORLD-DADRI,28-08-25,8-30-25,33892
272,EMCU5703847,HMA AGRO INDUSTRIES LTD,EVERGREEN,TRANSWORLD-DADRI,28-08-25,8-30-25,33421.6
273,SEKU9167857,AL AAYAT FOOD EXPO PVT. LTD,WAN HAI,TRANSWORLD-DADRI,28-08-25,8-30-25,33716
274,EMCU5672371,AL AMMAR FROZEN FOOD EXPORTS PVT LTD,EVERGREEN,TRANSWORLD-DADRI,28-08-25,8-30-25,33702
275,FBIU5379997,HMA AGRO INDUSTRIES LTD,WAN HAI,TRANSWORLD-DADRI,28-08-25,8-30-25,33780
276,TLLU1184043,AL AMMAR FROZEN FOOD EXPORTS PVT LTD,EVERGREEN,TRANSWORLD-DADRI,28-08-25,8-30-25,33732.8
277,TRIU8246565,PRAX IMPEX PRIVATE LIMITED,GOODRICH,TRANSWORLD-DADRI,28-08-25,8-30-25,33646
278,EXFU5637054,HMA AGRO INDUSTRIES LTD,GOODRICH,TRANSWORLD-DADRI,28-07-25,7-30-25,33780
279,SEGU9930727,AL-NASIR EXPORTS PVT LTD (U.P),WAN HAI,TRANSWORLD-DADRI,28-07-25,7-30-25,33345.4
280,HLBU9198910,PURE FOODSTUFF PRIVATE LIMITED,HAPAG,TRANSWORLD-DADRI,28-07-25,7-30-25,33732.8
281,FBIU5297121,AL-NASIR EXPORTS PVT LTD (U.P),WAN HAI,TRANSWORLD-DADRI,28-07-25,7-30-25,33160.5
282,EXFU0718277,HMA AGRO INDUSTRIES LTD,GOODRICH,TRANSWORLD-DADRI,28-07-25,7-30-25,33632
283,CXTU1098492,HMA AGRO INDUSTRIES LTD,GOODRICH,TRANSWORLD-DADRI,28-07-25,7-30-25,33702
284,OTPU6226465,IFF INDIA FROZEN FOODS PRIVATE LIMITED,WAN HAI,TRANSWORLD-DADRI,28-07-25,7-30-25,33642
285,SEGU9930429,IFF INDIA FROZEN FOODS PRIVATE LIMITED,WAN HAI,TRANSWORLD-DADRI,28-07-25,7-30-25,33702
286,GRMU9184946,HMA AGRO INDUSTRIES LTD,GOODRICH,TRANSWORLD-DADRI,28-07-25,7-30-25,33702
287,FBIU5382856,AL-NASIR EXPORTS PVT LTD (U.P),WAN HAI,TRANSWORLD-DADRI,28-07-25,7-30-25,33632
288,FBIU5385259,AL AAYAT FOOD EXPO PVT. LTD,WAN HAI,TRANSWORLD-DADRI,28-07-25,7-30-25,33632
289,EMCU5690020,AL AAYAT FOOD EXPO PVT. LTD,EVERGREEN,TRANSWORLD-DADRI,28-07-25,7-30-25,33452
290,OTPU6217740,AL AAYAT FOOD EXPO PVT. LTD,EVERGREEN,TRANSWORLD-DADRI,28-07-25,7-30-25,33382
291,OOLU6451565,AL AMMAR FROZEN FOOD EXPORTS PVT LTD,OOCL,TRANSWORLD-DADRI,28-07-25,7-30-25,33632
292,EXFU5506521,HMA AGRO INDUSTRIES LTD,GOODRICH,TRANSWORLD-DADRI,28-07-25,7-30-25,33692
330,OTPU6667774,AL-AALI EXPORTS PVT LTD-(UP),WAN HAI,TRANSWORLD-DADRI,27-12-25,12-29-25,33605.4
334,GCXU8013310,ARS AGRO FOODS,ARKAS LINE,TRANSWORLD-DADRI,27-12-25,12-29-25,33632
347,SEKU9304224,IFF INDIA FROZEN FOODS PRIVATE LIMITED,WAN HAI,TRANSWORLD-DADRI,27-12-25,12-29-25,33712
348,SEKU9109629,IFF INDIA FROZEN FOODS PRIVATE LIMITED,WAN HAI,TRANSWORLD-DADRI,27-11-25,11-29-25,33991.75
349,CGMU5557882,AL-NASIR EXPORTS PVT LTD (U.P),CMA,TRANSWORLD-DADRI,27-11-25,11-29-25,33632
350,SEKU9077840,IFF INDIA FROZEN FOODS PRIVATE LIMITED,WAN HAI,TRANSWORLD-DADRI,27-11-25,11-29-25,33592
351,SZLU9368594,HMA AGRO INDUSTRIES LTD,KMTC,TRANSWORLD-DADRI,27-11-25,11-29-25,33670
352,OTPU6660907,HMA AGRO INDUSTRIES LTD,KMTC,TRANSWORLD-DADRI,27-11-25,11-29-25,33732.8
353,TTNU8265956,HMA AGRO INDUSTRIES LTD,CMA,TRANSWORLD-DADRI,27-11-25,11-29-25,33632
354,TTNU8753204,IFF INDIA FROZEN FOODS PRIVATE LIMITED,OCEAN,TRANSWORLD-DADRI,27-11-25,11-29-25,33632
355,SZLU9748845,IFF INDIA FROZEN FOODS PRIVATE LIMITED,WAN HAI,TRANSWORLD-DADRI,27-11-25,11-29-25,33642
356,OOLU6507664,IFF INDIA FROZEN FOODS PRIVATE LIMITED,OOCL,TRANSWORLD-DADRI,27-11-25,11-29-25,33632
357,CGMU5067102,IFF INDIA FROZEN FOODS PRIVATE LIMITED,CMA,TRANSWORLD-DADRI,27-11-25,11-29-25,33345.4
358,FBIU5261387,RAYBAN FROZEN FOODS PVT.LTD,OCEAN,TRANSWORLD-DADRI,27-11-25,11-29-25,33605.4
359,CGMU5328443,HMA AGRO INDUSTRIES LTD,CMA,TRANSWORLD-DADRI,27-11-25,11-29-25,33632
360,CXRU1280961,HMA AGRO INDUSTRIES LTD,CMA,TRANSWORLD-DADRI,27-11-25,11-29-25,33778
361,SEGU9923158,IFF INDIA FROZEN FOODS PRIVATE LIMITED,WAN HAI,TRANSWORLD-DADRI,27-11-25,11-29-25,33892
362,SEKU9371290,IFF INDIA FROZEN FOODS PRIVATE LIMITED,WAN HAI,TRANSWORLD-DADRI,27-11-25,11-29-25,33421.6
363,SZLU9710270,AL-AALI EXPORTS PVT LTD-(UP),WAN HAI,TRANSWORLD-DADRI,27-11-25,11-29-25,33716
364,SEGU9719308,HMA AGRO INDUSTRIES LTD,KMTC,TRANSWORLD-DADRI,27-11-25,11-29-25,33702
365,ARKU5023397,ARS AGRO FOODS,ARKAS LINE,TRANSWORLD-DADRI,27-11-25,11-29-25,33780
366,OOLU6260960,AL-NASIR EXPORTS PVT LTD (U.P),OOCL,TRANSWORLD-DADRI,27-11-25,11-29-25,33732.8
367,TTNU8375608,HMA AGRO INDUSTRIES LTD,CMA,TRANSWORLD-DADRI,27-11-25,11-29-25,33646
368,CGMU5061594,AL-NASIR EXPORTS PVT LTD (U.P),CMA,TRANSWORLD-DADRI,27-11-25,11-29-25,33780
369,SEKU9299299,MIRHA EXPORTS PVT. LTD.(PUNJAB),WAN HAI,TRANSWORLD-DADRI,27-11-25,11-29-25,33345.4
370,HLBU9303656,TEGH AGRO FOODS PRIVATE LIMITED,HAPAG,TRANSWORLD-DADRI,27-10-25,10-29-25,33732.8
371,SEKU9080443,MIRHA EXPORTS PVT. LTD.(PUNJAB),WAN HAI,TRANSWORLD-DADRI,27-10-25,10-29-25,33160.5
372,FBIU5302640,AL-NASIR EXPORTS PVT LTD (U.P),WAN HAI,TRANSWORLD-DADRI,27-10-25,10-29-25,33632
373,OTPU6678784,AL-AALI EXPORTS PVT LTD-(UP),WAN HAI,TRANSWORLD-DADRI,27-10-25,10-29-25,33702
374,OTPU6195410,HMA AGRO INDUSTRIES LTD,WAN HAI,TRANSWORLD-DADRI,27-10-25,10-29-25,33642
375,TTNU8232063,HMA AGRO INDUSTRIES LTD,CMA,TRANSWORLD-DADRI,27-10-25,10-29-25,33702
376,EMCU5690652,MIRHA EXPORTS PVT. LTD.(PUNJAB),EVERGREEN,TRANSWORLD-DADRI,27-10-25,10-29-25,33702
377,SEGU9240737,AL-NASIR EXPORTS PVT LTD (U.P),CMA,TRANSWORLD-DADRI,27-10-25,10-29-25,33632
378,ONEU9003985,MIRHA EXPORTS PVT. LTD.(PUNJAB),OCEAN,TRANSWORLD-DADRI,27-10-25,10-29-25,33632
379,OTPU6681710,HMA AGRO INDUSTRIES LTD,WAN HAI,TRANSWORLD-DADRI,27-10-25,10-29-25,33452
380,SEKU9245630,HMA AGRO INDUSTRIES LTD,CMA,TRANSWORLD-DADRI,27-10-25,10-29-25,33382
381,HLBU6114197,IFF INDIA FROZEN FOODS PRIVATE LIMITED,HAPAG,TRANSWORLD-DADRI,27-10-25,10-29-25,33632
382,CGMU9379691,HMA AGRO INDUSTRIES LTD,CMA,TRANSWORLD-DADRI,27-10-25,10-29-25,33692
383,EMCU5548890,AL-NASIR EXPORTS PVT LTD (U.P),EVERGREEN,TRANSWORLD-DADRI,27-08-25,8-29-25,33605.4
384,SEGU9703596,INTERNATIONAL AGRO FOODS,WAN HAI,TRANSWORLD-DADRI,27-08-25,8-29-25,33632
385,FBIU5294101,HMA AGRO INDUSTRIES LTD,WAN HAI,TRANSWORLD-DADRI,27-08-25,8-29-25,33712
386,OTPU6211594,IFF INDIA FROZEN FOODS PRIVATE LIMITED,EVERGREEN,TRANSWORLD-DADRI,27-08-25,8-29-25,33991.75
387,EMCU5631984,HMA AGRO INDUSTRIES LTD,EVERGREEN,TRANSWORLD-DADRI,27-08-25,8-29-25,33632
388,EMCU5718997,AL AMMAR FROZEN FOOD EXPORTS PVT LTD,EVERGREEN,TRANSWORLD-DADRI,27-08-25,8-29-25,33592
389,SEKU9111204,AL-NASIR EXPORTS PVT LTD (U.P),WAN HAI,TRANSWORLD-DADRI,27-08-25,8-29-25,33670
390,EMCU5386402,AL AMMAR FROZEN FOOD EXPORTS PVT LTD,EVERGREEN,TRANSWORLD-DADRI,27-08-25,8-29-25,33732.8
391,EMCU5663019,IFF INDIA FROZEN FOODS PRIVATE LIMITED,EVERGREEN,TRANSWORLD-DADRI,27-08-25,8-29-25,33632
392,EMCU5626611,HMA AGRO INDUSTRIES LTD,EVERGREEN,TRANSWORLD-DADRI,27-08-25,8-29-25,33632
393,OTPU6202308,HMA AGRO INDUSTRIES LTD,WAN HAI,TRANSWORLD-DADRI,27-08-25,8-29-25,33642
394,FBIU5361555,HMA AGRO INDUSTRIES LTD,WAN HAI,TRANSWORLD-DADRI,27-08-25,8-29-25,33632
395,OTPU6216338,AL AMMAR FROZEN FOOD EXPORTS PVT LTD,EVERGREEN,TRANSWORLD-DADRI,27-08-25,8-29-25,33345.4
396,CAIU5660288,AL AMMAR FROZEN FOOD EXPORTS PVT LTD,CMA,TRANSWORLD-DADRI,27-08-25,8-29-25,33605.4
397,ARKU5026225,IFF INDIA FROZEN FOODS PRIVATE LIMITED,ARKAS LINE,TRANSWORLD-DADRI,27-08-25,8-29-25,33632
398,SEKU9175826,MIRHA EXPORTS PVT. LTD.(PUNJAB),WAN HAI,TRANSWORLD-DADRI,27-07-25,7-29-25,33778
443,ARKU5033245,IFF INDIA FROZEN FOODS PRIVATE LIMITED,ARKAS LINE,TRANSWORLD-DADRI,26-12-25,12-28-25,33892
444,EMCU5652349,AL-NASIR EXPORTS PVT LTD (U.P),EVERGREEN,TRANSWORLD-DADRI,26-12-25,12-28-25,33421.6
445,SEKU9185341,IFF INDIA FROZEN FOODS PRIVATE LIMITED,WAN HAI,TRANSWORLD-DADRI,26-12-25,12-28-25,33716
446,EGSU5028500,AL AMMAR FROZEN FOOD EXPORTS PVT LTD,EVERGREEN,TRANSWORLD-DADRI,26-12-25,12-28-25,33702
451,EMCU5732260,AL AMMAR FROZEN FOOD EXPORTS PVT LTD,EVERGREEN,TRANSWORLD-DADRI,26-12-25,12-28-25,33780
452,EMCU5605223,AL AMMAR FROZEN FOOD EXPORTS PVT LTD,EVERGREEN,TRANSWORLD-DADRI,26-12-25,12-28-25,33732.8
459,EGSU5101108,AL-NASIR EXPORTS PVT LTD (U.P),EVERGREEN,TRANSWORLD-DADRI,26-12-25,12-28-25,33646
461,ARKU5023993,IFF INDIA FROZEN FOODS PRIVATE LIMITED,ARKAS LINE,TRANSWORLD-DADRI,26-12-25,12-28-25,33780
462,FBIU5122165,IFF INDIA FROZEN FOODS PRIVATE LIMITED,WAN HAI,TRANSWORLD-DADRI,26-12-25,12-28-25,33345.4
466,EMCU5589708,HMA AGRO INDUSTRIES LTD,EVERGREEN,TRANSWORLD-DADRI,26-12-25,12-28-25,33732.8
467,EMCU5713655,HMA AGRO INDUSTRIES LTD,EVERGREEN,TRANSWORLD-DADRI,26-12-25,12-28-25,33160.5
470,FSCU5707248,AL-AALI EXPORTS PVT LTD-(UP),WAN HAI,TRANSWORLD-DADRI,26-12-25,12-28-25,33632
472,SEGU9929182,AL-AALI EXPORTS PVT LTD-(UP),WAN HAI,TRANSWORLD-DADRI,26-11-25,11-28-25,33702
473,EMCU5590020,AL-NASIR EXPORTS PVT LTD (U.P),EVERGREEN,TRANSWORLD-DADRI,26-11-25,11-28-25,33642
474,EMCU5390850,HMA AGRO INDUSTRIES LTD,EVERGREEN,TRANSWORLD-DADRI,26-11-25,11-28-25,33702
475,OTPU6799533,IFF INDIA FROZEN FOODS PRIVATE LIMITED,WAN HAI,TRANSWORLD-DADRI,26-11-25,11-28-25,33702
476,CXRU1183196,AL HASSAN OVRESEAS  PVT LTD-UP,OCEAN,TRANSWORLD-DADRI,26-11-25,11-28-25,33632
477,EMCU5418726,HMA AGRO INDUSTRIES LTD,EVERGREEN,TRANSWORLD-DADRI,26-11-25,11-28-25,33632
478,EGSU5081953,HMA AGRO INDUSTRIES LTD,EVERGREEN,TRANSWORLD-DADRI,26-11-25,11-28-25,33452
479,HLBU9337050,IFF INDIA FROZEN FOODS PRIVATE LIMITED,HAPAG,TRANSWORLD-DADRI,26-11-25,11-28-25,33382
480,OTPU6776380,IFF INDIA FROZEN FOODS PRIVATE LIMITED,WAN HAI,TRANSWORLD-DADRI,26-11-25,11-28-25,33632
481,SZLU9708415,IFF INDIA FROZEN FOODS PRIVATE LIMITED,WAN HAI,TRANSWORLD-DADRI,26-11-25,11-28-25,33692
482,SEKU9083463,IFF INDIA FROZEN FOODS PRIVATE LIMITED,WAN HAI,TRANSWORLD-DADRI,26-11-25,11-28-25,33605.4
483,EGSU5041122,HMA AGRO INDUSTRIES LTD,EVERGREEN,TRANSWORLD-DADRI,26-11-25,11-28-25,33632
484,CGMU5310254,HMA AGRO INDUSTRIES LTD,CMA,TRANSWORLD-DADRI,26-08-25,8-28-25,33712
485,FBIU5565970,AL AMMAR FROZEN FOOD EXPORTS PVT LTD,KMTC,TRANSWORLD-DADRI,26-08-25,8-28-25,33991.75
486,OTPU6684940,AL-NASIR EXPORTS PVT LTD (U.P),WAN HAI,TRANSWORLD-DADRI,26-08-25,8-28-25,33632
487,FBIU5303353,ANAA TRADERS,WAN HAI,TRANSWORLD-DADRI,26-08-25,8-28-25,33592
488,EMCU5743006,INTERNATIONAL AGRO FOODS,EVERGREEN,TRANSWORLD-DADRI,26-08-25,8-28-25,33670
489,OTPU6199863,AL-NASIR EXPORTS PVT LTD (U.P),WAN HAI,TRANSWORLD-DADRI,26-08-25,8-28-25,33732.8
490,EGSU5049782,INTERNATIONAL AGRO FOODS,EVERGREEN,TRANSWORLD-DADRI,26-08-25,8-28-25,33632
491,TEMU9105501,PRAX IMPEX PRIVATE LIMITED,GOODRICH,TRANSWORLD-DADRI,26-07-25,7-28-25,33632
492,TTNU8020172,PRAX IMPEX PRIVATE LIMITED,GOODRICH,TRANSWORLD-DADRI,26-07-25,7-28-25,33642
493,CXRU1310198,IFF INDIA FROZEN FOODS PRIVATE LIMITED,HAPAG,TRANSWORLD-DADRI,26-07-25,7-28-25,33632
494,SEKU9341470,IFF INDIA FROZEN FOODS PRIVATE LIMITED,WAN HAI,TRANSWORLD-DADRI,26-07-25,7-28-25,33345.4
495,CRLU1399370,IFF INDIA FROZEN FOODS PRIVATE LIMITED,TURKON LINE,TRANSWORLD-DADRI,26-07-25,7-28-25,33605.4
496,KKFU6711719,PRAX IMPEX PRIVATE LIMITED,GOODRICH,TRANSWORLD-DADRI,26-07-25,7-28-25,33632
497,TRIU6632260,PURE FOODSTUFF PRIVATE LIMITED,GOODRICH,TRANSWORLD-DADRI,26-07-25,7-28-25,33778
523,TCLU1331594,HMA AGRO INDUSTRIES LTD,CMA,TRANSWORLD-DADRI,25-11-25,11-27-25,33892
524,CGMU5292818,AL-NASIR EXPORTS PVT LTD (U.P),CMA,TRANSWORLD-DADRI,25-11-25,11-27-25,33421.6
525,HLXU8787018,AL AMMAR FROZEN FOOD EXPORTS PVT LTD,HAPAG,TRANSWORLD-DADRI,25-11-25,11-27-25,33716
526,EMCU5421442,AL-NASIR EXPORTS PVT LTD (U.P),EVERGREEN,TRANSWORLD-DADRI,25-11-25,11-27-25,33702
527,ARKU5002901,IFF INDIA FROZEN FOODS PRIVATE LIMITED,ARKAS LINE,TRANSWORLD-DADRI,25-11-25,11-27-25,33780
528,TRLU1628621,IFF INDIA FROZEN FOODS PRIVATE LIMITED,JODAC SHIPPING LINE PVT LTD,TRANSWORLD-DADRI,25-11-25,11-27-25,33732.8
529,ONEU9033399,AL-AALI EXPORTS PVT LTD-(UP),OCEAN,TRANSWORLD-DADRI,25-11-25,11-27-25,33646
530,CGMU5464408,AL-NASIR EXPORTS PVT LTD (U.P),CMA,TRANSWORLD-DADRI,25-11-25,11-27-25,33780
531,SEGU9887620,IFF INDIA FROZEN FOODS PRIVATE LIMITED,WAN HAI,TRANSWORLD-DADRI,25-11-25,11-27-25,33345.4
532,EGSU5051120,IFF INDIA FROZEN FOODS PRIVATE LIMITED,EVERGREEN,TRANSWORLD-DADRI,25-11-25,11-27-25,33732.8
533,SZLU9872270,MARHABA FROZEN FOODS,CMA,TRANSWORLD-DADRI,25-11-25,11-27-25,33160.5
534,SEKU9186055,HMA AGRO INDUSTRIES LTD,WAN HAI,TRANSWORLD-DADRI,25-11-25,11-27-25,33632
535,SEGU9945500,AL-NASIR EXPORTS PVT LTD (U.P),WAN HAI,TRANSWORLD-DADRI,25-11-25,11-27-25,33702
536,EMCU5637880,HMA AGRO INDUSTRIES LTD,EVERGREEN,TRANSWORLD-DADRI,25-11-25,11-27-25,33642
537,CGMU6521436,MARHABA FROZEN FOODS,CMA,TRANSWORLD-DADRI,25-11-25,11-27-25,33702
538,SEGU9317401,HMA AGRO INDUSTRIES LTD,CMA,TRANSWORLD-DADRI,25-11-25,11-27-25,33702
539,ARKU5018560,IFF INDIA FROZEN FOODS PRIVATE LIMITED,ARKAS LINE,TRANSWORLD-DADRI,25-10-25,10-27-25,33632
540,ARKU5031999,IFF INDIA FROZEN FOODS PRIVATE LIMITED,ARKAS LINE,TRANSWORLD-DADRI,25-10-25,10-27-25,33632
541,FSCU5817327,HMA AGRO INDUSTRIES LTD,OCEAN,TRANSWORLD-DADRI,25-10-25,10-27-25,33452
542,HLBU6167710,IFF INDIA FROZEN FOODS PRIVATE LIMITED,HAPAG,TRANSWORLD-DADRI,25-10-25,10-27-25,33382
543,TTNU8511556,AL AAYAT FOOD EXPO PVT. LTD,CMA,TRANSWORLD-DADRI,25-10-25,10-27-25,33632
544,HLBU9932026,IFF INDIA FROZEN FOODS PRIVATE LIMITED,HAPAG,TRANSWORLD-DADRI,25-10-25,10-27-25,33692
545,ARKU5029991,IFF INDIA FROZEN FOODS PRIVATE LIMITED,ARKAS LINE,TRANSWORLD-DADRI,25-10-25,10-27-25,33605.4
546,HLBU6012385,IFF INDIA FROZEN FOODS PRIVATE LIMITED,HAPAG,TRANSWORLD-DADRI,25-10-25,10-27-25,33632
547,TTNU8467176,HMA AGRO INDUSTRIES LTD,CMA,TRANSWORLD-DADRI,25-10-25,10-27-25,33712
548,ARKU5035192,IFF INDIA FROZEN FOODS PRIVATE LIMITED,ARKAS LINE,TRANSWORLD-DADRI,25-10-25,10-27-25,33991.75
549,ARKU5007457,IFF INDIA FROZEN FOODS PRIVATE LIMITED,ARKAS LINE,TRANSWORLD-DADRI,25-10-25,10-27-25,33632
550,ARKU5029100,IFF INDIA FROZEN FOODS PRIVATE LIMITED,ARKAS LINE,TRANSWORLD-DADRI,25-10-25,10-27-25,33592
551,HLBU9310700,IFF INDIA FROZEN FOODS PRIVATE LIMITED,HAPAG,TRANSWORLD-DADRI,25-10-25,10-27-25,33670
552,ONEU9231202,HMA AGRO INDUSTRIES LTD,OCEAN,TRANSWORLD-DADRI,25-10-25,10-27-25,33732.8
553,EMCU5373241,AL AMMAR FROZEN FOOD EXPORTS PVT LTD,EVERGREEN,TRANSWORLD-DADRI,25-08-25,8-27-25,33632
554,FBIU5561194,MIRHA EXPORTS PVT. LTD.(PUNJAB),KMTC,TRANSWORLD-DADRI,25-08-25,8-27-25,33632
555,EMCU5686734,IFF INDIA FROZEN FOODS PRIVATE LIMITED,EVERGREEN,TRANSWORLD-DADRI,25-08-25,8-27-25,33642
556,SEKU9185357,AL-NASIR EXPORTS PVT LTD (U.P),WAN HAI,TRANSWORLD-DADRI,25-08-25,8-27-25,33632
557,CGMU5255970,IFF INDIA FROZEN FOODS PRIVATE LIMITED,CMA,TRANSWORLD-DADRI,25-08-25,8-27-25,33345.4
558,OTPU6678423,AL-NASIR EXPORTS PVT LTD (U.P),WAN HAI,TRANSWORLD-DADRI,25-08-25,8-27-25,33605.4
559,OTPU6250137,AL-NASIR EXPORTS PVT LTD (U.P),WAN HAI,TRANSWORLD-DADRI,25-08-25,8-27-25,33632
560,TEMU9417536,HMA AGRO INDUSTRIES LTD,CMA,TRANSWORLD-DADRI,25-08-25,8-27-25,33778
561,CGMU5185110,IFF INDIA FROZEN FOODS PRIVATE LIMITED,CMA,TRANSWORLD-DADRI,25-08-25,8-27-25,33892
562,OTPU6193844,AL-NASIR EXPORTS PVT LTD (U.P),WAN HAI,TRANSWORLD-DADRI,25-08-25,8-27-25,33421.6
563,EMCU5628506,INTERNATIONAL AGRO FOODS,EVERGREEN,TRANSWORLD-DADRI,25-08-25,8-27-25,33716
564,SEGU9953759,HMA AGRO INDUSTRIES LTD,WAN HAI,TRANSWORLD-DADRI,25-08-25,8-27-25,33702
565,ARKU5018256,IFF INDIA FROZEN FOODS PRIVATE LIMITED,ARKAS LINE,TRANSWORLD-DADRI,25-08-25,8-27-25,33780
566,OTPU6725232,IFF INDIA FROZEN FOODS PRIVATE LIMITED,WAN HAI,TRANSWORLD-DADRI,25-08-25,8-27-25,33732.8
567,SEKU9168703,IFF INDIA FROZEN FOODS PRIVATE LIMITED,WAN HAI,TRANSWORLD-DADRI,25-08-25,8-27-25,33646
568,OTPU6225052,IFF INDIA FROZEN FOODS PRIVATE LIMITED,WAN HAI,TRANSWORLD-DADRI,25-08-25,8-27-25,33780
569,CGMU5248707,HMA AGRO INDUSTRIES LTD,CMA,TRANSWORLD-DADRI,25-08-25,8-27-25,33345.4
570,EMCU5686190,IFF INDIA FROZEN FOODS PRIVATE LIMITED,EVERGREEN,TRANSWORLD-DADRI,25-08-25,8-27-25,33732.8
571,CGMU5168520,AL AAYAT FOOD EXPO PVT. LTD,CMA,TRANSWORLD-DADRI,25-08-25,8-27-25,33160.5
572,TTNU8092228,INTERNATIONAL AGRO FOODS,CMA,TRANSWORLD-DADRI,25-08-25,8-27-25,33632
573,EMCU5550368,AL AMMAR FROZEN FOOD EXPORTS PVT LTD,EVERGREEN,TRANSWORLD-DADRI,25-08-25,8-27-25,33702
574,SEGU9748055,IFF INDIA FROZEN FOODS PRIVATE LIMITED,WAN HAI,TRANSWORLD-DADRI,25-07-25,7-27-25,33642
575,SEGU9645859,IFF INDIA FROZEN FOODS PRIVATE LIMITED,WAN HAI,TRANSWORLD-DADRI,25-07-25,7-27-25,33702
576,TTNU8674893,RAYBAN FROZEN FOODS PVT.LTD,OOCL,TRANSWORLD-DADRI,25-07-25,7-27-25,33702
577,LEGU1001940,HMA AGRO INDUSTRIES LTD,LEGEND,TRANSWORLD-DADRI,25-07-25,7-27-25,33632
578,TIFU1006692,HMA AGRO INDUSTRIES LTD,LEGEND,TRANSWORLD-DADRI,25-07-25,7-27-25,33632
579,LEGU1201379,HMA AGRO INDUSTRIES LTD,LEGEND,TRANSWORLD-DADRI,25-07-25,7-27-25,33452
580,HLXU8793094,IFF INDIA FROZEN FOODS PRIVATE LIMITED,HAPAG,TRANSWORLD-DADRI,25-07-25,7-27-25,33382
581,RLTU2109611,HMA AGRO INDUSTRIES LTD,LEGEND,TRANSWORLD-DADRI,25-07-25,7-27-25,33632
582,LEGU1227820,HMA AGRO INDUSTRIES LTD,LEGEND,TRANSWORLD-DADRI,25-07-25,7-27-25,33692
583,OOLU6288530,AL AMMAR FROZEN FOOD EXPORTS PVT LTD,OOCL,TRANSWORLD-DADRI,25-07-25,7-27-25,33605.4
584,SEKU9079000,IFF INDIA FROZEN FOODS PRIVATE LIMITED,WAN HAI,TRANSWORLD-DADRI,25-07-25,7-27-25,33632
585,UACU4742828,IFF INDIA FROZEN FOODS PRIVATE LIMITED,HAPAG,TRANSWORLD-DADRI,25-07-25,7-27-25,33712
586,TEMU9049481,PURE FOODSTUFF PRIVATE LIMITED,HAPAG,TRANSWORLD-DADRI,25-07-25,7-27-25,33991.75
610,ARKU5010023,IFF INDIA FROZEN FOODS PRIVATE LIMITED,ARKAS LINE,TRANSWORLD-DADRI,24-12-25,12-26-25,33632
611,CGMU9379557,HMA AGRO INDUSTRIES LTD,CMA,TRANSWORLD-DADRI,24-12-25,12-26-25,33592
612,ARKU5004381,IFF INDIA FROZEN FOODS PRIVATE LIMITED,ARKAS LINE,TRANSWORLD-DADRI,24-12-25,12-26-25,33670
613,EMCU5589591,AL AMMAR FROZEN FOOD EXPORTS PVT LTD,EVERGREEN,TRANSWORLD-DADRI,24-12-25,12-26-25,33732.8
614,UAEU1255757,IFF INDIA FROZEN FOODS PRIVATE LIMITED,HAPAG,TRANSWORLD-DADRI,24-12-25,12-26-25,33632
615,CGMU5308133,MIRHA EXPORTS PVT. LTD.(PUNJAB),CMA,TRANSWORLD-DADRI,24-12-25,12-26-25,33632
616,SEGU9914460,IFF INDIA FROZEN FOODS PRIVATE LIMITED,WAN HAI,TRANSWORLD-DADRI,24-12-25,12-26-25,33642
617,SEKU9083041,INTERNATIONAL AGRO FOODS,WAN HAI,TRANSWORLD-DADRI,24-12-25,12-26-25,33632
618,CGMU5321161,HMA AGRO INDUSTRIES LTD,CMA,TRANSWORLD-DADRI,24-12-25,12-26-25,33345.4
619,SEGU9336356,IFF INDIA FROZEN FOODS PRIVATE LIMITED,CMA,TRANSWORLD-DADRI,24-12-25,12-26-25,33605.4
620,CGMU5176551,HMA AGRO INDUSTRIES LTD,CMA,TRANSWORLD-DADRI,24-12-25,12-26-25,33632
621,CGMU6550687,MIRHA EXPORTS PVT. LTD.(PUNJAB),CMA,TRANSWORLD-DADRI,24-12-25,12-26-25,33778
622,CGMU9407793,AL HASSAN OVRESEAS  PVT LTD-UP,CMA,TRANSWORLD-DADRI,24-12-25,12-26-25,33892
623,EMCU5609996,HMA AGRO INDUSTRIES LTD,EVERGREEN,TRANSWORLD-DADRI,24-12-25,12-26-25,33421.6
624,TTNU8772122,AL-AALI EXPORTS PVT LTD-(UP),OCEAN,TRANSWORLD-DADRI,24-11-25,11-26-25,33716
625,FBIU5326132,HMA AGRO INDUSTRIES LTD,WAN HAI,TRANSWORLD-DADRI,24-11-25,11-26-25,33702
626,EMCU5621950,HMA AGRO INDUSTRIES LTD,EVERGREEN,TRANSWORLD-DADRI,24-11-25,11-26-25,33780
627,TLLU1058636,AL-NASIR EXPORTS PVT LTD (U.P),CMA,TRANSWORLD-DADRI,24-11-25,11-26-25,33732.8
628,SEKU9161967,HMA AGRO INDUSTRIES LTD,WAN HAI,TRANSWORLD-DADRI,24-11-25,11-26-25,33646
629,SEKU9300928,IFF INDIA FROZEN FOODS PRIVATE LIMITED,WAN HAI,TRANSWORLD-DADRI,24-11-25,11-26-25,33780
630,TLLU1110652,IFF INDIA FROZEN FOODS PRIVATE LIMITED,OCEAN,TRANSWORLD-DADRI,24-11-25,11-26-25,33345.4
631,ONEU9222577,AL-NASIR EXPORTS PVT LTD (U.P),OCEAN,TRANSWORLD-DADRI,24-11-25,11-26-25,33732.8
632,EMCU5570810,AL-NASIR EXPORTS PVT LTD (U.P),EVERGREEN,TRANSWORLD-DADRI,24-11-25,11-26-25,33160.5
633,SEGU9748918,AL-NASIR EXPORTS PVT LTD (U.P),WAN HAI,TRANSWORLD-DADRI,24-11-25,11-26-25,33632
634,EMCU5668010,HMA AGRO INDUSTRIES LTD,EVERGREEN,TRANSWORLD-DADRI,24-11-25,11-26-25,33702
635,EMCU5520609,HMA AGRO INDUSTRIES LTD,EVERGREEN,TRANSWORLD-DADRI,24-11-25,11-26-25,33642
636,FBIU5363835,AL-NASIR EXPORTS PVT LTD (U.P),WAN HAI,TRANSWORLD-DADRI,24-11-25,11-26-25,33702
637,FBIU5387610,INTERNATIONAL AGRO FOODS,WAN HAI,TRANSWORLD-DADRI,24-11-25,11-26-25,33702
638,SEKU9084515,IFF INDIA FROZEN FOODS PRIVATE LIMITED,WAN HAI,TRANSWORLD-DADRI,24-11-25,11-26-25,33632
639,EMCU5509913,HMA AGRO INDUSTRIES LTD,EVERGREEN,TRANSWORLD-DADRI,24-11-25,11-26-25,33632
640,EMCU5540396,HMA AGRO INDUSTRIES LTD,EVERGREEN,TRANSWORLD-DADRI,24-11-25,11-26-25,33452
641,EMCU5597051,HMA AGRO INDUSTRIES LTD,EVERGREEN,TRANSWORLD-DADRI,24-11-25,11-26-25,33382
642,SILU7002512,HMA AGRO INDUSTRIES LTD,CMA,TRANSWORLD-DADRI,24-11-25,11-26-25,33632
643,EMCU5612541,AL AMMAR FROZEN FOOD EXPORTS PVT LTD,EVERGREEN,TRANSWORLD-DADRI,24-11-25,11-26-25,33692
644,TEMU9481089,AL-NASIR EXPORTS PVT LTD (U.P),CMA,TRANSWORLD-DADRI,24-11-25,11-26-25,33605.4
645,SEGU9536190,AL-NASIR EXPORTS PVT LTD (U.P),CMA,TRANSWORLD-DADRI,24-11-25,11-26-25,33632
646,CGMU5060290,AL-NASIR EXPORTS PVT LTD (U.P),CMA,TRANSWORLD-DADRI,24-11-25,11-26-25,33712
647,EMCU5603473,INTERNATIONAL AGRO FOODS,EVERGREEN,TRANSWORLD-DADRI,24-11-25,11-26-25,33991.75
648,SEGU9945476,HMA AGRO INDUSTRIES LTD,WAN HAI,TRANSWORLD-DADRI,24-11-25,11-26-25,33632
649,SEKU9040646,AL-NASIR EXPORTS PVT LTD (U.P),KMTC,TRANSWORLD-DADRI,24-11-25,11-26-25,33592
650,OTPU6213827,AL AMMAR FROZEN FOOD EXPORTS PVT LTD,EVERGREEN,TRANSWORLD-DADRI,24-11-25,11-26-25,33670
651,EMCU5532174,INTERNATIONAL AGRO FOODS,EVERGREEN,TRANSWORLD-DADRI,24-11-25,11-26-25,33732.8
652,ARKU5031474,IFF INDIA FROZEN FOODS PRIVATE LIMITED,ARKAS LINE,TRANSWORLD-DADRI,24-10-25,10-26-25,33632
653,FBIU5129621,AL-NASIR EXPORTS PVT LTD (U.P),CMA,TRANSWORLD-DADRI,24-10-25,10-26-25,33632
654,CGMU8006950,INTERNATIONAL AGRO FOODS,CMA,TRANSWORLD-DADRI,24-10-25,10-26-25,33642
655,EMCU5542887,AL AMMAR FROZEN FOOD EXPORTS PVT LTD,EVERGREEN,TRANSWORLD-DADRI,24-10-25,10-26-25,33632
656,FSCU5697685,AL AAYAT FOOD EXPO PVT. LTD,WAN HAI,TRANSWORLD-DADRI,24-10-25,10-26-25,33345.4
657,SZLU9931579,MIRHA EXPORTS PVT. LTD.(PUNJAB),CMA,TRANSWORLD-DADRI,24-10-25,10-26-25,33605.4
658,SEGU9760003,AL-NASIR EXPORTS PVT LTD (U.P),WAN HAI,TRANSWORLD-DADRI,24-10-25,10-26-25,33632
659,HLBU9920940,IFF INDIA FROZEN FOODS PRIVATE LIMITED,HAPAG,TRANSWORLD-DADRI,24-10-25,10-26-25,33778
660,ARKU5023870,IFF INDIA FROZEN FOODS PRIVATE LIMITED,ARKAS LINE,TRANSWORLD-DADRI,24-10-25,10-26-25,33892
661,SEGU9061480,RAYBAN FROZEN FOODS PVT.LTD,OCEAN,TRANSWORLD-DADRI,24-10-25,10-26-25,33421.6
662,SEGU9641745,AL AAYAT FOOD EXPO PVT. LTD,WAN HAI,TRANSWORLD-DADRI,24-10-25,10-26-25,33716
663,CAAU4018012,RAYBAN FROZEN FOODS PVT.LTD,OCEAN,TRANSWORLD-DADRI,24-10-25,10-26-25,33702
664,TCLU1265300,AL-NASIR EXPORTS PVT LTD (U.P),CMA,TRANSWORLD-DADRI,24-10-25,10-26-25,33780
665,ARKU5008432,AL-NASIR EXPORTS PVT LTD (U.P),ARKAS LINE,TRANSWORLD-DADRI,24-07-25,7-26-25,33732.8
666,CGMU9343868,IFF INDIA FROZEN FOODS PRIVATE LIMITED,CMA,TRANSWORLD-DADRI,24-07-25,7-26-25,33646
667,TCLU1146338,IFF INDIA FROZEN FOODS PRIVATE LIMITED,CMA,TRANSWORLD-DADRI,24-07-25,7-26-25,33780
668,SEGU9953445,IFF INDIA FROZEN FOODS PRIVATE LIMITED,WAN HAI,TRANSWORLD-DADRI,24-07-25,7-26-25,33345.4
669,SEKU9084686,ARS AGRO FOODS,WAN HAI,TRANSWORLD-DADRI,24-07-25,7-26-25,33732.8
670,TTNU8238610,HMA AGRO INDUSTRIES LTD,CMA,TRANSWORLD-DADRI,24-07-25,7-26-25,33160.5
671,CGMU5159744,IFF INDIA FROZEN FOODS PRIVATE LIMITED,CMA,TRANSWORLD-DADRI,24-07-25,7-26-25,33632
711,ARKU5023967,IFF INDIA FROZEN FOODS PRIVATE LIMITED,ARKAS LINE,TRANSWORLD-DADRI,23-12-25,12-25-25,33702
713,SEKU9150448,INTERNATIONAL AGRO FOODS,WAN HAI,TRANSWORLD-DADRI,23-12-25,12-25-25,33642
714,ARKU5008427,IFF INDIA FROZEN FOODS PRIVATE LIMITED,ARKAS LINE,TRANSWORLD-DADRI,23-12-25,12-25-25,33702
715,EMCU5668221,AL-NASIR EXPORTS PVT LTD (U.P),EVERGREEN,TRANSWORLD-DADRI,23-12-25,12-25-25,33702
716,ARKU5016171,IFF INDIA FROZEN FOODS PRIVATE LIMITED,ARKAS LINE,TRANSWORLD-DADRI,23-12-25,12-25-25,33632
717,SEGU9148019,HMA AGRO INDUSTRIES LTD,CMA,TRANSWORLD-DADRI,23-12-25,12-25-25,33632
718,EMCU5635552,AL AMMAR FROZEN FOOD EXPORTS PVT LTD,EVERGREEN,TRANSWORLD-DADRI,23-12-25,12-25-25,33452
719,SZLU9564112,AL-NASIR EXPORTS PVT LTD (U.P),SAMUDERA,TRANSWORLD-DADRI,23-12-25,12-25-25,33382
720,ARKU5003641,IFF INDIA FROZEN FOODS PRIVATE LIMITED,ARKAS LINE,TRANSWORLD-DADRI,23-12-25,12-25-25,33632
783,CGMU5147492,HMA AGRO INDUSTRIES LTD,CMA,TRANSWORLD-DADRI,22-12-25,12-24-25,33692
784,TRIU8234754,PRAX IMPEX PRIVATE LIMITED,GOODRICH,TRANSWORLD-DADRI,22-12-25,12-24-25,33605.4
785,KKFU6988690,PRAX IMPEX PRIVATE LIMITED,GOODRICH,TRANSWORLD-DADRI,22-12-25,12-24-25,33632
786,TRIU8420070,PRAX IMPEX PRIVATE LIMITED,GOODRICH,TRANSWORLD-DADRI,22-12-25,12-24-25,33712
787,CGMU5144322,HMA AGRO INDUSTRIES LTD,CMA,TRANSWORLD-DADRI,22-12-25,12-24-25,33991.75
788,CXRU1591460,HMA AGRO INDUSTRIES LTD,CMA,TRANSWORLD-DADRI,22-12-25,12-24-25,33632
790,TCLU1331552,HMA AGRO INDUSTRIES LTD,CMA,TRANSWORLD-DADRI,22-12-25,12-24-25,33592
791,EMCU5581923,AL AMMAR FROZEN FOOD EXPORTS PVT LTD,EVERGREEN,TRANSWORLD-DADRI,22-12-25,12-24-25,33670
792,SEGU9355952,HMA AGRO INDUSTRIES LTD,CMA,TRANSWORLD-DADRI,22-12-25,12-24-25,33732.8
793,EMCU5701762,MIRHA EXPORTS PVT. LTD.(PUNJAB),EVERGREEN,TRANSWORLD-DADRI,22-12-25,12-24-25,33632
794,TRIU8875172,MIRHA EXPORTS PVT. LTD.(PUNJAB),NAVIO,TRANSWORLD-DADRI,22-12-25,12-24-25,33632
795,SZLU9749292,HMA AGRO INDUSTRIES LTD,WAN HAI,TRANSWORLD-DADRI,22-12-25,12-24-25,33642
796,SEGU9511340,HMA AGRO INDUSTRIES LTD,CMA,TRANSWORLD-DADRI,22-12-25,12-24-25,33632
797,EMCU5429314,AL AMMAR FROZEN FOOD EXPORTS PVT LTD,EVERGREEN,TRANSWORLD-DADRI,22-12-25,12-24-25,33345.4
798,SEGU9400352,HMA AGRO INDUSTRIES LTD,CMA,TRANSWORLD-DADRI,22-12-25,12-24-25,33605.4
799,EMCU5702352,AL AMMAR FROZEN FOOD EXPORTS PVT LTD,EVERGREEN,TRANSWORLD-DADRI,22-12-25,12-24-25,33632
800,SEKU9079925,AL-NASIR EXPORTS PVT LTD (U.P),WAN HAI,TRANSWORLD-DADRI,22-12-25,12-24-25,33778
826,TTNU8916533,HMA AGRO INDUSTRIES LTD,CMA,TRANSWORLD-DADRI,20-12-25,12-22-25,33892
827,TRIU8338152,MARHABA FROZEN FOODS,GOODRICH,TRANSWORLD-DADRI,20-12-25,12-22-25,33421.6
828,OTPU6195791,INTERNATIONAL AGRO FOODS,WAN HAI,TRANSWORLD-DADRI,20-12-25,12-22-25,33716
829,CGMU5424370,HMA AGRO INDUSTRIES LTD,CMA,TRANSWORLD-DADRI,20-12-25,12-22-25,33702
830,TCLU1328775,INTERNATIONAL AGRO FOODS,CMA,TRANSWORLD-DADRI,20-12-25,12-22-25,33780
831,CGMU5359439,HMA AGRO INDUSTRIES LTD,CMA,TRANSWORLD-DADRI,20-12-25,12-22-25,33732.8
832,TTNU8288606,HMA AGRO INDUSTRIES LTD,CMA,TRANSWORLD-DADRI,20-12-25,12-22-25,33646
833,CXRU1609300,HMA AGRO INDUSTRIES LTD,CMA,TRANSWORLD-DADRI,20-12-25,12-22-25,33780
834,CRXU6937650,MARHABA FROZEN FOODS,GOODRICH,TRANSWORLD-DADRI,20-12-25,12-22-25,33345.4
835,FSCU5710133,HMA AGRO INDUSTRIES LTD,CMA,TRANSWORLD-DADRI,20-12-25,12-22-25,33732.8
836,SEGU9543899,MEATGEEKS PROTEINS PRIVATE LIMITED-(UP),CMA,TRANSWORLD-DADRI,20-12-25,12-22-25,33160.5
837,SZLU9677171,HMA AGRO INDUSTRIES LTD,CMA,TRANSWORLD-DADRI,20-12-25,12-22-25,33632
838,SZLU9657961,HMA AGRO INDUSTRIES LTD,CMA,TRANSWORLD-DADRI,20-12-25,12-22-25,33702
839,HLBU9318701,IFF INDIA FROZEN FOODS PRIVATE LIMITED,HAPAG,TRANSWORLD-DADRI,20-12-25,12-22-25,33642
840,TTNU8345028,MARHABA FROZEN FOODS,GOODRICH,TRANSWORLD-DADRI,20-12-25,12-22-25,33702
841,CXRU1605711,HMA AGRO INDUSTRIES LTD,CMA,TRANSWORLD-DADRI,20-12-25,12-22-25,33702
901,SEKU9361918,IFF INDIA FROZEN FOODS PRIVATE LIMITED,WAN HAI,TRANSWORLD-DADRI,19-12-25,12-21-25,33632
902,CGMU5160560,HMA AGRO INDUSTRIES LTD,CMA,TRANSWORLD-DADRI,19-12-25,12-21-25,33632
903,EMCU5449141,AL AMMAR FROZEN FOOD EXPORTS PVT LTD,EVERGREEN,TRANSWORLD-DADRI,19-12-25,12-21-25,33452
904,CGMU5104417,HMA AGRO INDUSTRIES LTD,CMA,TRANSWORLD-DADRI,19-12-25,12-21-25,33382
905,UAEU1235030,IFF INDIA FROZEN FOODS PRIVATE LIMITED,HAPAG,TRANSWORLD-DADRI,19-12-25,12-21-25,33632
906,CAIU5556099,HMA AGRO INDUSTRIES LTD,CMA,TRANSWORLD-DADRI,19-12-25,12-21-25,33692
907,ONEU9121340,AL AAYAT FOOD EXPO PVT. LTD,OCEAN,TRANSWORLD-DADRI,19-12-25,12-21-25,33605.4
908,TCLU1338808,AL-NASIR EXPORTS PVT LTD (U.P),CMA,TRANSWORLD-DADRI,19-12-25,12-21-25,33632
909,SEKU9348644,INTERNATIONAL AGRO FOODS,WAN HAI,TRANSWORLD-DADRI,19-12-25,12-21-25,33712
910,TLLU1187968,AL AMMAR FROZEN FOOD EXPORTS PVT LTD,EVERGREEN,TRANSWORLD-DADRI,19-12-25,12-21-25,33991.75
911,SEGU9855602,AL MARWA FOOD EXPORT,WAN HAI,TRANSWORLD-DADRI,19-12-25,12-21-25,33632
995,CGMU5243773,MEATGEEKS PROTEINS PRIVATE LIMITED-(UP),CMA,TRANSWORLD-DADRI,18-12-25,12-20-25,33592
996,ARKU5027303,IFF INDIA FROZEN FOODS PRIVATE LIMITED,ARKAS LINE,TRANSWORLD-DADRI,18-12-25,12-20-25,33670
997,SZLU9707050,AL-NASIR EXPORTS PVT LTD (U.P),WAN HAI,TRANSWORLD-DADRI,18-12-25,12-20-25,33732.8
998,HLBU9034665,IFF INDIA FROZEN FOODS PRIVATE LIMITED,HAPAG,TRANSWORLD-DADRI,18-12-25,12-20-25,33632
999,SZLU9536912,AL-NASIR EXPORTS PVT LTD (U.P),SAMUDERA,TRANSWORLD-DADRI,18-12-25,12-20-25,33632
1000,CGMU5132614,AL-NASIR EXPORTS PVT LTD (U.P),CMA,TRANSWORLD-DADRI,18-12-25,12-20-25,33642
1001,ONEU9091630,AL AAYAT FOOD EXPO PVT. LTD,OCEAN,TRANSWORLD-DADRI,18-12-25,12-20-25,33632
1002,FBIU5393927,AL-NASIR EXPORTS PVT LTD (U.P),WAN HAI,TRANSWORLD-DADRI,18-12-25,12-20-25,33345.4
1003,ARKU5009655,IFF INDIA FROZEN FOODS PRIVATE LIMITED,ARKAS LINE,TRANSWORLD-DADRI,18-12-25,12-20-25,33605.4
1004,SEGU9617008,IFF INDIA FROZEN FOODS PRIVATE LIMITED,WAN HAI,TRANSWORLD-DADRI,18-12-25,12-20-25,33632
1005,HLBU9104063,IFF INDIA FROZEN FOODS PRIVATE LIMITED,HAPAG,TRANSWORLD-DADRI,18-12-25,12-20-25,33778
1006,TTNU8957445,MIRHA EXPORTS PVT. LTD.(PUNJAB),CMA,TRANSWORLD-DADRI,18-12-25,12-20-25,33892
1007,OTPU6816604,IFF INDIA FROZEN FOODS PRIVATE LIMITED,WAN HAI,TRANSWORLD-DADRI,18-12-25,12-20-25,33421.6
1046,FBIU5382075,INTERNATIONAL AGRO FOODS,WAN HAI,TRANSWORLD-DADRI,17-12-25,12-19-25,33716
1047,ARKU5016248,IFF INDIA FROZEN FOODS PRIVATE LIMITED,ARKAS LINE,TRANSWORLD-DADRI,17-12-25,12-19-25,33702
1048,SZLU9562090,AL-NASIR EXPORTS PVT LTD (U.P),SAMUDERA,TRANSWORLD-DADRI,17-12-25,12-19-25,33780
1049,EMCU5756750,AL AMMAR FROZEN FOOD EXPORTS PVT LTD,EVERGREEN,TRANSWORLD-DADRI,17-12-25,12-19-25,33732.8
1050,FBIU5385032,AL HASSAN OVRESEAS  PVT LTD-UP,WAN HAI,TRANSWORLD-DADRI,17-12-25,12-19-25,33646
1051,TTNU8264604,MARHABA FROZEN FOODS,CMA,TRANSWORLD-DADRI,17-12-25,12-19-25,33780
1052,CGMU9392754,MARHABA FROZEN FOODS,CMA,TRANSWORLD-DADRI,17-12-25,12-19-25,33345.4
1053,SEGU9754741,AL HASSAN OVRESEAS  PVT LTD-UP,WAN HAI,TRANSWORLD-DADRI,17-12-25,12-19-25,33732.8
1054,SZLU9854600,IFF INDIA FROZEN FOODS PRIVATE LIMITED,CMA,TRANSWORLD-DADRI,17-12-25,12-19-25,33160.5
1055,SZLU9876574,IFF INDIA FROZEN FOODS PRIVATE LIMITED,CMA,TRANSWORLD-DADRI,17-12-25,12-19-25,33632
1056,SZLU9747730,RAYBAN FROZEN FOODS PVT.LTD,WAN HAI,TRANSWORLD-DADRI,17-12-25,12-19-25,33702
1057,SEGU9887981,INTERNATIONAL AGRO FOODS,WAN HAI,TRANSWORLD-DADRI,17-12-25,12-19-25,33642
1058,OTPU6684107,AL-NASIR EXPORTS PVT LTD (U.P),WAN HAI,TRANSWORLD-DADRI,17-12-25,12-19-25,33702
1059,ARKU5012197,IFF INDIA FROZEN FOODS PRIVATE LIMITED,ARKAS LINE,TRANSWORLD-DADRI,17-12-25,12-19-25,33702
1060,CBHU8491197,AL HASSAN OVRESEAS  PVT LTD-UP,WINASIA MARITIME,TRANSWORLD-DADRI,17-12-25,12-19-25,33632
1061,OTPU6201699,HMA AGRO INDUSTRIES LTD,WAN HAI,TRANSWORLD-DADRI,17-12-25,12-19-25,33632
1062,FBIU5220177,HMA AGRO INDUSTRIES LTD,CMA,TRANSWORLD-DADRI,17-12-25,12-19-25,33452
1063,OTPU6245850,IFF INDIA FROZEN FOODS PRIVATE LIMITED,WAN HAI,TRANSWORLD-DADRI,17-12-25,12-19-25,33382
1108,SEKU9164992,HMA AGRO INDUSTRIES LTD,WAN HAI,TRANSWORLD-DADRI,16-12-25,12-18-25,33632
1109,ARKU5025419,IFF INDIA FROZEN FOODS PRIVATE LIMITED,ARKAS LINE,TRANSWORLD-DADRI,16-12-25,12-18-25,33692
1110,SEGU9931641,HMA AGRO INDUSTRIES LTD,WAN HAI,TRANSWORLD-DADRI,16-12-25,12-18-25,33605.4
1111,CXRU1383255,MARHABA FROZEN FOODS,CMA,TRANSWORLD-DADRI,16-12-25,12-18-25,33632
1112,SEKU9345060,INTERNATIONAL AGRO FOODS,WAN HAI,TRANSWORLD-DADRI,16-12-25,12-18-25,33712
1113,SZLU9746647,HMA AGRO INDUSTRIES LTD,WAN HAI,TRANSWORLD-DADRI,16-12-25,12-18-25,33991.75
1114,TCLU1224765,IFF INDIA FROZEN FOODS PRIVATE LIMITED,GOODRICH,TRANSWORLD-DADRI,16-12-25,12-18-25,33632
1115,GESU9578648,IFF INDIA FROZEN FOODS PRIVATE LIMITED,HAPAG,TRANSWORLD-DADRI,16-12-25,12-18-25,33592
1116,ARKU5014219,IFF INDIA FROZEN FOODS PRIVATE LIMITED,ARKAS LINE,TRANSWORLD-DADRI,16-12-25,12-18-25,33670
1117,SEGU9950940,HMA AGRO INDUSTRIES LTD,WAN HAI,TRANSWORLD-DADRI,16-12-25,12-18-25,33732.8
1118,HLBU9154423,IFF INDIA FROZEN FOODS PRIVATE LIMITED,HAPAG,TRANSWORLD-DADRI,16-12-25,12-18-25,33632
1119,SZLU9529770,AL-NASIR EXPORTS PVT LTD (U.P),SAMUDERA,TRANSWORLD-DADRI,16-12-25,12-18-25,33632
1120,CGMU5096899,MARHABA FROZEN FOODS,CMA,TRANSWORLD-DADRI,16-12-25,12-18-25,33642
1121,OTPU6665088,HMA AGRO INDUSTRIES LTD,SAMUDERA,TRANSWORLD-DADRI,16-12-25,12-18-25,33632
1122,SEGU9921350,HMA AGRO INDUSTRIES LTD,WAN HAI,TRANSWORLD-DADRI,16-12-25,12-18-25,33345.4
1123,OTPU6682974,HMA AGRO INDUSTRIES LTD,WAN HAI,TRANSWORLD-DADRI,16-12-25,12-18-25,33605.4
1124,SZLU9553798,HMA AGRO INDUSTRIES LTD,SAMUDERA,TRANSWORLD-DADRI,16-12-25,12-18-25,33632
1125,SEGU9822614,AL-NASIR EXPORTS PVT LTD (U.P),WAN HAI,TRANSWORLD-DADRI,16-12-25,12-18-25,33778
1126,SEKU9189516,MIRHA EXPORTS PVT. LTD.(PUNJAB),WAN HAI,TRANSWORLD-DADRI,16-12-25,12-18-25,33892
1127,SZLU9537225,HMA AGRO INDUSTRIES LTD,SAMUDERA,TRANSWORLD-DADRI,16-12-25,12-18-25,33421.6
1128,EMCU5657042,IFF INDIA FROZEN FOODS PRIVATE LIMITED,EVERGREEN,TRANSWORLD-DADRI,16-12-25,12-18-25,33716
1129,AMCU9397627,RAYBAN FROZEN FOODS PVT.LTD,CMA,TRANSWORLD-DADRI,16-12-25,12-18-25,33702
1192,ARKU5011890,IFF INDIA FROZEN FOODS PRIVATE LIMITED,ARKAS LINE,TRANSWORLD-DADRI,15-12-25,12-17-25,33780
1193,SEGU9508136,IFF INDIA FROZEN FOODS PRIVATE LIMITED,CMA,TRANSWORLD-DADRI,15-12-25,12-17-25,33732.8
1194,SEKU9084140,INTERNATIONAL AGRO FOODS,WAN HAI,TRANSWORLD-DADRI,15-12-25,12-17-25,33646
1195,TCLU1183820,IFF INDIA FROZEN FOODS PRIVATE LIMITED,HAPAG,TRANSWORLD-DADRI,15-12-25,12-17-25,33780
1196,SZLU9752167,INTERNATIONAL AGRO FOODS,WAN HAI,TRANSWORLD-DADRI,15-12-25,12-17-25,33345.4
1197,TTNU8637380,AL-NASIR EXPORTS PVT LTD (U.P),CMA,TRANSWORLD-DADRI,15-12-25,12-17-25,33732.8
1198,EMCU5497875,HMA AGRO INDUSTRIES LTD,EVERGREEN,TRANSWORLD-DADRI,15-12-25,12-17-25,33160.5
1199,SEGU9173583,HMA AGRO INDUSTRIES LTD,CMA,TRANSWORLD-DADRI,15-12-25,12-17-25,33632
1200,ARKU5006471,ARS AGRO FOODS,ARKAS LINE,TRANSWORLD-DADRI,15-12-25,12-17-25,33702
1201,ARKU5031197,IFF INDIA FROZEN FOODS PRIVATE LIMITED,ARKAS LINE,TRANSWORLD-DADRI,15-12-25,12-17-25,33642
1202,TRIU8065504,IFF INDIA FROZEN FOODS PRIVATE LIMITED,HAPAG,TRANSWORLD-DADRI,15-12-25,12-17-25,33702
1203,FBIU5380241,HMA AGRO INDUSTRIES LTD,WAN HAI,TRANSWORLD-DADRI,15-12-25,12-17-25,33702
1204,SEGU9760750,HMA AGRO INDUSTRIES LTD,WAN HAI,TRANSWORLD-DADRI,15-12-25,12-17-25,33632
1205,TTNU8450609,INTERNATIONAL AGRO FOODS,CMA,TRANSWORLD-DADRI,15-12-25,12-17-25,33632
1206,FBIU5122587,HMA AGRO INDUSTRIES LTD,WAN HAI,TRANSWORLD-DADRI,15-12-25,12-17-25,33452
1207,OTPU6810397,AL-NASIR EXPORTS PVT LTD (U.P),WAN HAI,TRANSWORLD-DADRI,15-12-25,12-17-25,33382
1208,ARKU5024393,IFF INDIA FROZEN FOODS PRIVATE LIMITED,ARKAS LINE,TRANSWORLD-DADRI,15-12-25,12-17-25,33632
1209,OTPU6806669,AL-SUPER FROZEN FOODS PVT LTD,WAN HAI,TRANSWORLD-DADRI,15-12-25,12-17-25,33692
1210,FSCU5699142,AL-NASIR EXPORTS PVT LTD (U.P),WAN HAI,TRANSWORLD-DADRI,15-12-25,12-17-25,33605.4
1211,SEKU9341399,IFF INDIA FROZEN FOODS PRIVATE LIMITED,WAN HAI,TRANSWORLD-DADRI,15-12-25,12-17-25,33632
1212,OTPU6205631,MIRHA EXPORTS PVT. LTD.(PUNJAB),WAN HAI,TRANSWORLD-DADRI,15-12-25,12-17-25,33712
1213,EMCU5704627,AL-NASIR EXPORTS PVT LTD (U.P),EVERGREEN,TRANSWORLD-DADRI,15-12-25,12-17-25,33991.75
1214,SEKU9158080,INTERNATIONAL AGRO FOODS,WAN HAI,TRANSWORLD-DADRI,15-12-25,12-17-25,33632
1215,EMCU5635188,AL-NASIR EXPORTS PVT LTD (U.P),EVERGREEN,TRANSWORLD-DADRI,15-12-25,12-17-25,33592
1216,ARKU5018805,IFF INDIA FROZEN FOODS PRIVATE LIMITED,ARKAS LINE,TRANSWORLD-DADRI,15-12-25,12-17-25,33670
1217,EMCU5494937,AL AMMAR FROZEN FOOD EXPORTS PVT LTD,EVERGREEN,TRANSWORLD-DADRI,15-12-25,12-17-25,33732.8
1218,ARKU5017959,IFF INDIA FROZEN FOODS PRIVATE LIMITED,ARKAS LINE,TRANSWORLD-DADRI,15-12-25,12-17-25,33632
1219,OTPU6211444,AL AMMAR FROZEN FOOD EXPORTS PVT LTD,EVERGREEN,TRANSWORLD-DADRI,15-12-25,12-17-25,33632
1326,EMCU5708577,HMA AGRO INDUSTRIES LTD,EVERGREEN,TRANSWORLD-DADRI,12-12-25,12-14-25,33642
1327,FBIU5294251,AL MARWA FOOD EXPORT,WAN HAI,TRANSWORLD-DADRI,12-12-25,12-14-25,33632
1328,EMCU5713383,AL-NASIR EXPORTS PVT LTD (U.P),EVERGREEN,TRANSWORLD-DADRI,12-12-25,12-14-25,33345.4
1329,FSCU5707340,INTERNATIONAL AGRO FOODS,WAN HAI,TRANSWORLD-DADRI,12-12-25,12-14-25,33605.4
1330,OTPU6817513,AL-NASIR EXPORTS PVT LTD (U.P),WAN HAI,TRANSWORLD-DADRI,12-12-25,12-14-25,33632
1331,EMCU5704360,AL-NASIR EXPORTS PVT LTD (U.P),EVERGREEN,TRANSWORLD-DADRI,12-12-25,12-14-25,33778
1332,EGSU5066938,AL-AALI EXPORTS PVT LTD-(UP),EVERGREEN,TRANSWORLD-DADRI,12-12-25,12-14-25,33892
1333,EGSU5064827,AL-AALI EXPORTS PVT LTD-(UP),EVERGREEN,TRANSWORLD-DADRI,12-12-25,12-14-25,33421.6
1334,EMCU5620790,HMA AGRO INDUSTRIES LTD,EVERGREEN,TRANSWORLD-DADRI,12-12-25,12-14-25,33716
1335,EMCU5506473,HMA AGRO INDUSTRIES LTD,EVERGREEN,TRANSWORLD-DADRI,12-12-25,12-14-25,33702
1336,CGMU5137534,AL-NASIR EXPORTS PVT LTD (U.P),CMA,TRANSWORLD-DADRI,12-12-25,12-14-25,33780
1337,EGSU5061849,AL-AALI EXPORTS PVT LTD-(UP),EVERGREEN,TRANSWORLD-DADRI,12-12-25,12-14-25,33732.8
1338,EMCU5549290,MIRHA EXPORTS PVT. LTD.(PUNJAB),EVERGREEN,TRANSWORLD-DADRI,12-12-25,12-14-25,33646
1339,TRIU8519361,IFF INDIA FROZEN FOODS PRIVATE LIMITED,GOODRICH,TRANSWORLD-DADRI,12-12-25,12-14-25,33780
1340,EGSU5034210,AL-NASIR EXPORTS PVT LTD (U.P),EVERGREEN,TRANSWORLD-DADRI,12-12-25,12-14-25,33345.4
1341,SEKU9182804,AL-NASIR EXPORTS PVT LTD (U.P),WAN HAI,TRANSWORLD-DADRI,12-12-25,12-14-25,33732.8
1342,EMCU5676593,HMA AGRO INDUSTRIES LTD,EVERGREEN,TRANSWORLD-DADRI,12-12-25,12-14-25,33160.5
1384,EMCU5734792,AL AMMAR FROZEN FOOD EXPORTS PVT LTD,EVERGREEN,TRANSWORLD-DADRI,11-12-25,12-13-25,33632
1385,EMCU5741873,HMA AGRO INDUSTRIES LTD,EVERGREEN,TRANSWORLD-DADRI,11-12-25,12-13-25,33702
1386,SEGU9924426,IFF INDIA FROZEN FOODS PRIVATE LIMITED,WAN HAI,TRANSWORLD-DADRI,11-12-25,12-13-25,33642
1387,EMCU5595969,HMA AGRO INDUSTRIES LTD,EVERGREEN,TRANSWORLD-DADRI,11-12-25,12-13-25,33702
1388,EMCU5625641,HMA AGRO INDUSTRIES LTD,EVERGREEN,TRANSWORLD-DADRI,11-12-25,12-13-25,33702
1389,ARKU5017500,IFF INDIA FROZEN FOODS PRIVATE LIMITED,ARKAS LINE,TRANSWORLD-DADRI,11-12-25,12-13-25,33632
1390,SZLU9872563,HMA AGRO INDUSTRIES LTD,CMA,TRANSWORLD-DADRI,11-12-25,12-13-25,33632
1391,TCLU1281744,HMA AGRO INDUSTRIES LTD,CMA,TRANSWORLD-DADRI,11-12-25,12-13-25,33452
1392,SZLU9655737,HMA AGRO INDUSTRIES LTD,CMA,TRANSWORLD-DADRI,11-12-25,12-13-25,33382
1393,TTNU8379218,MIRHA EXPORTS PVT. LTD.(PUNJAB),CMA,TRANSWORLD-DADRI,11-12-25,12-13-25,33632
1394,OTPU6204131,HMA AGRO INDUSTRIES LTD,WAN HAI,TRANSWORLD-DADRI,11-12-25,12-13-25,33692
1395,OTPU6663681,HMA AGRO INDUSTRIES LTD,WAN HAI,TRANSWORLD-DADRI,11-12-25,12-13-25,33605.4
1396,ARKU5008622,IFF INDIA FROZEN FOODS PRIVATE LIMITED,ARKAS LINE,TRANSWORLD-DADRI,11-12-25,12-13-25,33632
1397,TLLU1191356,HMA AGRO INDUSTRIES LTD,EVERGREEN,TRANSWORLD-DADRI,11-12-25,12-13-25,33712
1398,SEGU9922300,IFF INDIA FROZEN FOODS PRIVATE LIMITED,WAN HAI,TRANSWORLD-DADRI,11-12-25,12-13-25,33991.75
1399,TEMU9352250,HMA AGRO INDUSTRIES LTD,CMA,TRANSWORLD-DADRI,11-12-25,12-13-25,33632
1400,ARKU5018493,IFF INDIA FROZEN FOODS PRIVATE LIMITED,ARKAS LINE,TRANSWORLD-DADRI,11-12-25,12-13-25,33592
1401,OTPU6775167,IFF INDIA FROZEN FOODS PRIVATE LIMITED,WAN HAI,TRANSWORLD-DADRI,11-12-25,12-13-25,33670
1443,OTPU6810421,MIRHA EXPORTS PVT. LTD.(PUNJAB),WAN HAI,TRANSWORLD-DADRI,10-12-25,12-12-25,33732.8
1444,EMCU5722169,HMA AGRO INDUSTRIES LTD,EVERGREEN,TRANSWORLD-DADRI,10-12-25,12-12-25,33632
1445,ARKU5031303,IFF INDIA FROZEN FOODS PRIVATE LIMITED,ARKAS LINE,TRANSWORLD-DADRI,10-12-25,12-12-25,33632
1446,ARKU5031371,IFF INDIA FROZEN FOODS PRIVATE LIMITED,ARKAS LINE,TRANSWORLD-DADRI,10-12-25,12-12-25,33642
1447,SEGU9616660,AL-NASIR EXPORTS PVT LTD (U.P),WAN HAI,TRANSWORLD-DADRI,10-12-25,12-12-25,33632
1448,ARKU5023801,IFF INDIA FROZEN FOODS PRIVATE LIMITED,ARKAS LINE,TRANSWORLD-DADRI,10-12-25,12-12-25,33345.4
1449,SZLU9755187,MIRHA EXPORTS PVT. LTD.(PUNJAB),WAN HAI,TRANSWORLD-DADRI,10-12-25,12-12-25,33605.4
1450,OTPU6799410,IFF INDIA FROZEN FOODS PRIVATE LIMITED,WAN HAI,TRANSWORLD-DADRI,10-12-25,12-12-25,33632
1451,SEKU9165520,AL-NASIR EXPORTS PVT LTD (U.P),WAN HAI,TRANSWORLD-DADRI,10-12-25,12-12-25,33778
1452,EMCU5680401,HMA AGRO INDUSTRIES LTD,EVERGREEN,TRANSWORLD-DADRI,10-12-25,12-12-25,33892
1453,EMCU5630720,HMA AGRO INDUSTRIES LTD,EVERGREEN,TRANSWORLD-DADRI,10-12-25,12-12-25,33421.6
1454,EMCU5572460,HMA AGRO INDUSTRIES LTD,EVERGREEN,TRANSWORLD-DADRI,10-12-25,12-12-25,33716
1455,EMCU5622982,HMA AGRO INDUSTRIES LTD,EVERGREEN,TRANSWORLD-DADRI,10-12-25,12-12-25,33702
1456,EMCU5737180,HMA AGRO INDUSTRIES LTD,EVERGREEN,TRANSWORLD-DADRI,10-12-25,12-12-25,33780
1457,ARKU5029693,IFF INDIA FROZEN FOODS PRIVATE LIMITED,ARKAS LINE,TRANSWORLD-DADRI,10-12-25,12-12-25,33732.8
1458,EMCU5738057,AL-NASIR EXPORTS PVT LTD (U.P),EVERGREEN,TRANSWORLD-DADRI,10-12-25,12-12-25,33646
1488,OTPU6682697,AL-NASIR EXPORTS PVT LTD (U.P),WAN HAI,TRANSWORLD-DADRI,09-12-25,12-11-25,33780
1489,OTPU6817452,HMA AGRO INDUSTRIES LTD,WAN HAI,TRANSWORLD-DADRI,09-12-25,12-11-25,33345.4
1490,OTPU6814807,HMA AGRO INDUSTRIES LTD,WAN HAI,TRANSWORLD-DADRI,09-12-25,12-11-25,33732.8
1491,TLLU1189831,IFF INDIA FROZEN FOODS PRIVATE LIMITED,EVERGREEN,TRANSWORLD-DADRI,09-12-25,12-11-25,33160.5
1492,TLLU1183751,HMA AGRO INDUSTRIES LTD,EVERGREEN,TRANSWORLD-DADRI,09-12-25,12-11-25,33632
1493,SEGU9931554,IFF INDIA FROZEN FOODS PRIVATE LIMITED,WAN HAI,TRANSWORLD-DADRI,09-12-25,12-11-25,33702
1494,FBIU5117810,IFF INDIA FROZEN FOODS PRIVATE LIMITED,WAN HAI,TRANSWORLD-DADRI,09-12-25,12-11-25,33642
1495,SEGU9949039,IFF INDIA FROZEN FOODS PRIVATE LIMITED,WAN HAI,TRANSWORLD-DADRI,09-12-25,12-11-25,33702
1496,SEKU9165242,INTERNATIONAL AGRO FOODS,WAN HAI,TRANSWORLD-DADRI,09-12-25,12-11-25,33702
1497,TEMU9418701,RAYBAN FROZEN FOODS PVT.LTD,CMA,TRANSWORLD-DADRI,09-12-25,12-11-25,33632
1498,FBIU5116178,IFF INDIA FROZEN FOODS PRIVATE LIMITED,WAN HAI,TRANSWORLD-DADRI,09-12-25,12-11-25,33632
1499,OTPU6817508,HMA AGRO INDUSTRIES LTD,WAN HAI,TRANSWORLD-DADRI,09-12-25,12-11-25,33452
1500,EMCU5604150,AL-NASIR EXPORTS PVT LTD (U.P),EVERGREEN,TRANSWORLD-DADRI,09-12-25,12-11-25,33382
1501,TRIU8237250,IFF INDIA FROZEN FOODS PRIVATE LIMITED,GOODRICH,TRANSWORLD-DADRI,09-12-25,12-11-25,33632
1502,CXRU1576974,AL AAYAT FOOD EXPO PVT. LTD,CMA,TRANSWORLD-DADRI,09-12-25,12-11-25,33692
1503,TEMU9443330,AL AAYAT FOOD EXPO PVT. LTD,CMA,TRANSWORLD-DADRI,09-12-25,12-11-25,33605.4
1575,OTPU6204316,IFF INDIA FROZEN FOODS PRIVATE LIMITED,WAN HAI,TRANSWORLD-DADRI,08-12-25,12-10-25,33632
1576,OTPU6759546,MARHABA FROZEN FOODS,WAN HAI,TRANSWORLD-DADRI,08-12-25,12-10-25,33712
1577,EMCU5428874,AL AMMAR FROZEN FOOD EXPORTS PVT LTD,EVERGREEN,TRANSWORLD-DADRI,08-12-25,12-10-25,33991.75
1578,TCLU1336739,PETAL EXPORTS,CMA,TRANSWORLD-DADRI,08-12-25,12-10-25,33632
1579,OTPU6688041,HMA AGRO INDUSTRIES LTD,WAN HAI,TRANSWORLD-DADRI,08-12-25,12-10-25,33592
1580,TEMU9279102,HMA AGRO INDUSTRIES LTD,CMA,TRANSWORLD-DADRI,08-12-25,12-10-25,33670
1581,TEMU9267776,IFF INDIA FROZEN FOODS PRIVATE LIMITED,CMA,TRANSWORLD-DADRI,08-12-25,12-10-25,33732.8
1582,CXRU1117698,IFF INDIA FROZEN FOODS PRIVATE LIMITED,HAPAG,TRANSWORLD-DADRI,08-12-25,12-10-25,33632
1583,OTPU6800022,HMA AGRO INDUSTRIES LTD,WAN HAI,TRANSWORLD-DADRI,08-12-25,12-10-25,33632
1584,OTPU6686347,INTERNATIONAL AGRO FOODS,WAN HAI,TRANSWORLD-DADRI,08-12-25,12-10-25,33642
1585,TTNU8162109,HMA AGRO INDUSTRIES LTD,CMA,TRANSWORLD-DADRI,08-12-25,12-10-25,33632
1586,TCLU1378267,HMA AGRO INDUSTRIES LTD,CMA,TRANSWORLD-DADRI,08-12-25,12-10-25,33345.4
1587,EMCU5469615,HMA AGRO INDUSTRIES LTD,EVERGREEN,TRANSWORLD-DADRI,08-12-25,12-10-25,33605.4
1588,TCLU1371869,HMA AGRO INDUSTRIES LTD,CMA,TRANSWORLD-DADRI,08-12-25,12-10-25,33632
1589,SEKU9344037,AL-NASIR EXPORTS PVT LTD (U.P),WAN HAI,TRANSWORLD-DADRI,08-12-25,12-10-25,33778
1590,OTPU6686178,AL-NASIR EXPORTS PVT LTD (U.P),WAN HAI,TRANSWORLD-DADRI,08-12-25,12-10-25,33892
1591,OOLU6286326,AL-NASIR EXPORTS PVT LTD (U.P),OOCL,TRANSWORLD-DADRI,08-12-25,12-10-25,33421.6
1592,SEKU9077877,IFF INDIA FROZEN FOODS PRIVATE LIMITED,WAN HAI,TRANSWORLD-DADRI,08-12-25,12-10-25,33716
1593,SZLU9870806,IFF INDIA FROZEN FOODS PRIVATE LIMITED,CMA,TRANSWORLD-DADRI,08-12-25,12-10-25,33702
1594,ARKU5010825,IFF INDIA FROZEN FOODS PRIVATE LIMITED,ARKAS LINE,TRANSWORLD-DADRI,08-12-25,12-10-25,33780
1595,EMCU5571020,HMA AGRO INDUSTRIES LTD,EVERGREEN,TRANSWORLD-DADRI,08-12-25,12-10-25,33732.8
1629,TEMU9491087,RAYBAN FROZEN FOODS PVT.LTD,CMA,TRANSWORLD-DADRI,07-04-26,4-9-26,33646
1630,OTPU6833129,IFF INDIA FROZEN FOODS PRIVATE LIMITED,WAN HAI,TRANSWORLD-DADRI,07-04-26,4-9-26,33780
1631,TTNU8014462,PETAL EXPORTS,CMA,TRANSWORLD-DADRI,07-04-26,4-9-26,33345.4
1632,OTPU6772574,AL-NASIR EXPORTS PVT LTD (U.P),WAN HAI,TRANSWORLD-DADRI,07-04-26,4-9-26,33732.8
1633,CXRU1158737,IFF INDIA FROZEN FOODS PRIVATE LIMITED,CORTEN,TRANSWORLD-DADRI,07-04-26,4-9-26,33160.5
1634,CXRU1286316,HMA AGRO INDUSTRIES LTD,CMA,TRANSWORLD-DADRI,07-04-26,4-9-26,33632
1635,EMCU5467783,HMA AGRO INDUSTRIES LTD,EVERGREEN,TRANSWORLD-DADRI,07-04-26,4-9-26,33702
1636,TCLU1269332,IFF INDIA FROZEN FOODS PRIVATE LIMITED,CMA,TRANSWORLD-DADRI,07-04-26,4-9-26,33642
1637,TEMU9373799,AL-AALI EXPORTS PVT LTD-(UP),CMA,TRANSWORLD-DADRI,07-04-26,4-9-26,33702
1638,SEGU9389269,AL-NASIR EXPORTS PVT LTD (U.P),HAPAG,TRANSWORLD-DADRI,07-04-26,4-9-26,33702
1639,EMCU5553074,AL AMMAR FROZEN FOOD EXPORTS PVT LTD,EVERGREEN,TRANSWORLD-DADRI,07-04-26,4-9-26,33632
1640,TRIU8965975,MASH AGRO FOODS LTD-UP,CMA,TRANSWORLD-DADRI,07-04-26,4-9-26,33632
1641,CGMU9361265,MASH AGRO FOODS LTD-UP,CMA,TRANSWORLD-DADRI,07-04-26,4-9-26,33452
1642,ARKU5019226,IFF INDIA FROZEN FOODS PRIVATE LIMITED,ARKAS LINE,TRANSWORLD-DADRI,07-04-26,4-9-26,33382
1643,EMCU5645458,AL-SUPER FROZEN FOODS PVT LTD,EVERGREEN,TRANSWORLD-DADRI,07-04-26,4-9-26,33632
1644,SZLU9842759,IFF INDIA FROZEN FOODS PRIVATE LIMITED,CMA,TRANSWORLD-DADRI,07-04-26,4-9-26,33692
1645,OTPU6676879,IFF INDIA FROZEN FOODS PRIVATE LIMITED,WAN HAI,TRANSWORLD-DADRI,07-04-26,4-9-26,33605.4
1646,CAAU4219790,HMA AGRO INDUSTRIES LTD,HUB  & LINKS,TRANSWORLD-DADRI,07-04-26,4-9-26,33632
1647,SEKU9080490,MIRHA EXPORTS PVT. LTD.(PUNJAB),WAN HAI,TRANSWORLD-DADRI,07-04-26,4-9-26,33712
1648,SEGU9656703,IFF INDIA FROZEN FOODS PRIVATE LIMITED,CMA,TRANSWORLD-DADRI,07-04-26,4-9-26,33991.75
1649,FBIU5123011,MIRHA EXPORTS PVT. LTD.(PUNJAB),WAN HAI,TRANSWORLD-DADRI,07-04-26,4-9-26,33632
1650,CGMU9387383,MASH AGRO FOODS LTD-UP,CMA,TRANSWORLD-DADRI,07-04-26,4-9-26,33592
1651,OTPU6678547,IFF INDIA FROZEN FOODS PRIVATE LIMITED,WAN HAI,TRANSWORLD-DADRI,07-04-26,4-9-26,33670
1652,SEKU9341803,IFF INDIA FROZEN FOODS PRIVATE LIMITED,WAN HAI,TRANSWORLD-DADRI,07-04-26,4-9-26,33732.8
1653,TTNU8038320,MASH AGRO FOODS LTD-UP,CMA,TRANSWORLD-DADRI,07-04-26,4-9-26,33632
1654,SZLU9824924,RAYBAN FROZEN FOODS PVT.LTD,CMA,TRANSWORLD-DADRI,07-04-26,4-9-26,33632
1656,TTNU8435081,MEEM AGRO FOODS PVT LTD,CORTEN,TRANSWORLD-DADRI,07-04-26,4-9-26,33642
1657,CAAU4220450,HMA AGRO INDUSTRIES LTD,HUB  & LINKS,TRANSWORLD-DADRI,07-04-26,4-9-26,33632
1658,CAAU4219779,IFF INDIA FROZEN FOODS PRIVATE LIMITED,HUB  & LINKS,TRANSWORLD-DADRI,07-04-26,4-9-26,33345.4
1659,APRU6122229,IFF INDIA FROZEN FOODS PRIVATE LIMITED,CMA,TRANSWORLD-DADRI,07-04-26,4-9-26,33605.4
1660,TEMU9097659,IFF INDIA FROZEN FOODS PRIVATE LIMITED,CMA,TRANSWORLD-DADRI,07-04-26,4-9-26,33632
1661,EMCU5617353,AL AMMAR FROZEN FOOD EXPORTS PVT LTD,EVERGREEN,TRANSWORLD-DADRI,07-04-26,4-9-26,33778
1662,SZLU9891795,MARYA FROZEN AGRO FOOD PRODUCTS PVT LTD-POORAN JI-DELHI,CMA,TRANSWORLD-DADRI,07-04-26,4-9-26,33892
1663,TCLU1238706,IFF INDIA FROZEN FOODS PRIVATE LIMITED,CMA,TRANSWORLD-DADRI,07-04-26,4-9-26,33421.6
1664,CGMU6537915,IFF INDIA FROZEN FOODS PRIVATE LIMITED,CMA,TRANSWORLD-DADRI,07-04-26,4-9-26,33716
1665,TTNU8016953,MEEM AGRO FOODS PVT LTD,CMA,TRANSWORLD-DADRI,07-04-26,4-9-26,33702
1666,CXRU1555565,AL-AALI EXPORTS PVT LTD-(UP),CMA,TRANSWORLD-DADRI,07-04-26,4-9-26,33780
1667,SEGU9226894,MASH AGRO FOODS LTD-UP,CMA,TRANSWORLD-DADRI,07-04-26,4-9-26,33732.8
1697,TTNU8436642,AL AAYAT FOOD EXPO PVT. LTD,CMA,TRANSWORLD-DADRI,06-12-25,12-8-25,33646
1698,SEKU9168534,IFF INDIA FROZEN FOODS PRIVATE LIMITED,WAN HAI,TRANSWORLD-DADRI,06-12-25,12-8-25,33780
1699,OTPU6690820,IFF INDIA FROZEN FOODS PRIVATE LIMITED,WAN HAI,TRANSWORLD-DADRI,06-12-25,12-8-25,33345.4
1700,EGSU5079806,IFF INDIA FROZEN FOODS PRIVATE LIMITED,EVERGREEN,TRANSWORLD-DADRI,06-12-25,12-8-25,33732.8
1701,ARKU5013022,IFF INDIA FROZEN FOODS PRIVATE LIMITED,ARKAS LINE,TRANSWORLD-DADRI,06-12-25,12-8-25,33160.5
1702,SZLU9863514,AL AAYAT FOOD EXPO PVT. LTD,CMA,TRANSWORLD-DADRI,06-12-25,12-8-25,33632
1703,TTNU8252748,HMA AGRO INDUSTRIES LTD,CMA,TRANSWORLD-DADRI,06-12-25,12-8-25,33702
1704,ARKU5027345,IFF INDIA FROZEN FOODS PRIVATE LIMITED,ARKAS LINE,TRANSWORLD-DADRI,06-12-25,12-8-25,33642
1705,ARKU5022512,IFF INDIA FROZEN FOODS PRIVATE LIMITED,ARKAS LINE,TRANSWORLD-DADRI,06-12-25,12-8-25,33702
1706,EMCU5516070,AL AMMAR FROZEN FOOD EXPORTS PVT LTD,EVERGREEN,TRANSWORLD-DADRI,06-04-26,4-8-26,33702
1707,EMCU5560807,HMA AGRO INDUSTRIES LTD,EVERGREEN,TRANSWORLD-DADRI,06-04-26,4-8-26,33632
1708,OTPU6756491,IFF INDIA FROZEN FOODS PRIVATE LIMITED,WAN HAI,TRANSWORLD-DADRI,06-04-26,4-8-26,33632
1709,EMCU5502755,INTERNATIONAL AGRO FOODS,EVERGREEN,TRANSWORLD-DADRI,06-04-26,4-8-26,33452
1710,TTNU8336725,IFF INDIA FROZEN FOODS PRIVATE LIMITED,CORTEN,TRANSWORLD-DADRI,06-04-26,4-8-26,33382
1711,ARKU5005120,IFF INDIA FROZEN FOODS PRIVATE LIMITED,ARKAS LINE,TRANSWORLD-DADRI,06-04-26,4-8-26,33632
1712,EMCU5472666,INTERNATIONAL AGRO FOODS,EVERGREEN,TRANSWORLD-DADRI,06-04-26,4-8-26,33692
1713,EMCU5452320,MIRHA EXPORTS PVT. LTD.(PUNJAB),EVERGREEN,TRANSWORLD-DADRI,06-04-26,4-8-26,33605.4
1714,EMCU5486150,HMA AGRO INDUSTRIES LTD,EVERGREEN,TRANSWORLD-DADRI,06-04-26,4-8-26,33632
1715,EGSU5062531,HMA AGRO INDUSTRIES LTD,EVERGREEN,TRANSWORLD-DADRI,06-04-26,4-8-26,33712
1716,FBIU5325732,HMA AGRO INDUSTRIES LTD,WAN HAI,TRANSWORLD-DADRI,06-04-26,4-8-26,33991.75
1778,OTPU6688972,AL HAMD EXPORTS,WAN HAI,TRANSWORLD-DADRI,05-12-25,12-7-25,33632
1779,ARKU5002795,AL AMMAR FROZEN FOOD EXPORTS PVT LTD,ARKAS LINE,TRANSWORLD-DADRI,05-11-25,11-7-25,33592
1780,ARKU5022549,AL AMMAR FROZEN FOOD EXPORTS PVT LTD,ARKAS LINE,TRANSWORLD-DADRI,05-11-25,11-7-25,33670
1781,ARKU5032320,AL AMMAR FROZEN FOOD EXPORTS PVT LTD,ARKAS LINE,TRANSWORLD-DADRI,05-11-25,11-7-25,33732.8
1782,ARKU5005578,AL AMMAR FROZEN FOOD EXPORTS PVT LTD,ARKAS LINE,TRANSWORLD-DADRI,05-11-25,11-7-25,33632
1783,ARKU5007225,AL AMMAR FROZEN FOOD EXPORTS PVT LTD,ARKAS LINE,TRANSWORLD-DADRI,05-11-25,11-7-25,33632
1784,ARKU5009634,AL AMMAR FROZEN FOOD EXPORTS PVT LTD,ARKAS LINE,TRANSWORLD-DADRI,05-11-25,11-7-25,33642
1785,ARKU5024921,AL AMMAR FROZEN FOOD EXPORTS PVT LTD,ARKAS LINE,TRANSWORLD-DADRI,05-11-25,11-7-25,33632
1786,ARKU5001187,AL AMMAR FROZEN FOOD EXPORTS PVT LTD,ARKAS LINE,TRANSWORLD-DADRI,05-11-25,11-7-25,33345.4
1787,FBIU5120476,IFF INDIA FROZEN FOODS PRIVATE LIMITED,WAN HAI,TRANSWORLD-DADRI,05-08-25,8-7-25,33605.4
1788,FBIU5360271,IFF INDIA FROZEN FOODS PRIVATE LIMITED,WAN HAI,TRANSWORLD-DADRI,05-08-25,8-7-25,33632
1789,SEGU9567720,IFF INDIA FROZEN FOODS PRIVATE LIMITED,WAN HAI,TRANSWORLD-DADRI,05-08-25,8-7-25,33778
1790,OTPU6689449,IFF INDIA FROZEN FOODS PRIVATE LIMITED,WAN HAI,TRANSWORLD-DADRI,05-08-25,8-7-25,33892
1791,OTPU6668174,MIRHA EXPORTS PVT. LTD.(PUNJAB),WAN HAI,TRANSWORLD-DADRI,05-08-25,8-7-25,33421.6
1792,FSCU5925091,IFF INDIA FROZEN FOODS PRIVATE LIMITED,WAN HAI,TRANSWORLD-DADRI,05-08-25,8-7-25,33716
1793,OTPU6196524,IFF INDIA FROZEN FOODS PRIVATE LIMITED,WAN HAI,TRANSWORLD-DADRI,05-08-25,8-7-25,33702
1794,ARKU5004530,AL AMMAR FROZEN FOOD EXPORTS PVT LTD,ARKAS LINE,TRANSWORLD-DADRI,05-08-25,8-7-25,33780
1795,OTPU6200624,IFF INDIA FROZEN FOODS PRIVATE LIMITED,WAN HAI,TRANSWORLD-DADRI,05-08-25,8-7-25,33732.8
1796,ARKU5012860,AL AMMAR FROZEN FOOD EXPORTS PVT LTD,ARKAS LINE,TRANSWORLD-DADRI,05-08-25,8-7-25,33646
1797,BMOU9742527,AL AMMAR FROZEN FOOD EXPORTS PVT LTD,CMA,TRANSWORLD-DADRI,05-08-25,8-7-25,33780
1836,EMCU5717434,AL-NASIR EXPORTS PVT LTD (U.P),EVERGREEN,TRANSWORLD-DADRI,04-12-25,12-6-25,33345.4
1837,OTPU6754776,IFF INDIA FROZEN FOODS PRIVATE LIMITED,WAN HAI,TRANSWORLD-DADRI,04-12-25,12-6-25,33732.8
1838,CXRU1363562,HMA AGRO INDUSTRIES LTD,CMA,TRANSWORLD-DADRI,04-12-25,12-6-25,33160.5
1839,TCLU1305390,AL-NASIR EXPORTS PVT LTD (U.P),CMA,TRANSWORLD-DADRI,04-12-25,12-6-25,33632
1840,OTPU6829345,HMA AGRO INDUSTRIES LTD,WAN HAI,TRANSWORLD-DADRI,04-12-25,12-6-25,33702
1841,TCLU1320476,AL AAYAT FOOD EXPO PVT. LTD,OCEAN,TRANSWORLD-DADRI,04-12-25,12-6-25,33642
1842,OTPU6254976,HMA AGRO INDUSTRIES LTD,WAN HAI,TRANSWORLD-DADRI,04-12-25,12-6-25,33702
1843,TTNU8381494,HMA AGRO INDUSTRIES LTD,CMA,TRANSWORLD-DADRI,04-12-25,12-6-25,33702
1844,SZLU9807001,FALAK FROZEN FOOD EXPORTS PRIVATE LIMITED,CMA,TRANSWORLD-DADRI,04-12-25,12-6-25,33632
1845,FSCU5707274,HMA AGRO INDUSTRIES LTD,WAN HAI,TRANSWORLD-DADRI,04-12-25,12-6-25,33632
1846,SEGU9836921,AL AAYAT FOOD EXPO PVT. LTD,OCEAN,TRANSWORLD-DADRI,04-12-25,12-6-25,33452
1847,SEKU9084069,IFF INDIA FROZEN FOODS PRIVATE LIMITED,WAN HAI,TRANSWORLD-DADRI,04-12-25,12-6-25,33382
1848,SEKU9093672,IFF INDIA FROZEN FOODS PRIVATE LIMITED,WAN HAI,TRANSWORLD-DADRI,04-12-25,12-6-25,33632
1849,TCLU1179440,IFF INDIA FROZEN FOODS PRIVATE LIMITED,HAPAG,TRANSWORLD-DADRI,04-12-25,12-6-25,33692
1850,OTPU6194413,AL-NASIR EXPORTS PVT LTD (U.P),WAN HAI,TRANSWORLD-DADRI,04-12-25,12-6-25,33605.4
1851,EMCU5690478,AL-NASIR EXPORTS PVT LTD (U.P),EVERGREEN,TRANSWORLD-DADRI,04-12-25,12-6-25,33632
1852,FSCU5902075,AL AMMAR FROZEN FOOD EXPORTS PVT LTD,OCEAN,TRANSWORLD-DADRI,04-11-25,11-6-25,33712
1853,ONEU9087440,AL-NASIR EXPORTS PVT LTD (U.P),OCEAN,TRANSWORLD-DADRI,04-11-25,11-6-25,33991.75
1854,ONEU9124415,AL HASSAN OVRESEAS  PVT LTD-UP,OCEAN,TRANSWORLD-DADRI,04-11-25,11-6-25,33632
1855,OTPU6249990,HMA AGRO INDUSTRIES LTD,WAN HAI,TRANSWORLD-DADRI,04-11-25,11-6-25,33592
1856,SZLU9754724,INTERNATIONAL AGRO FOODS,WAN HAI,TRANSWORLD-DADRI,04-11-25,11-6-25,33670
1857,SZLU9562927,HMA AGRO INDUSTRIES LTD,OCEAN,TRANSWORLD-DADRI,04-11-25,11-6-25,33732.8
1858,SZLU9751685,INTERNATIONAL AGRO FOODS,WAN HAI,TRANSWORLD-DADRI,04-11-25,11-6-25,33632
1859,GESU9533330,IFF INDIA FROZEN FOODS PRIVATE LIMITED,HAPAG,TRANSWORLD-DADRI,04-11-25,11-6-25,33632
1860,CGMU5105814,HMA AGRO INDUSTRIES LTD,CMA,TRANSWORLD-DADRI,04-11-25,11-6-25,33642
1861,OTPU6256813,HMA AGRO INDUSTRIES LTD,WAN HAI,TRANSWORLD-DADRI,04-11-25,11-6-25,33632
1862,CXRU1483207,IFF INDIA FROZEN FOODS PRIVATE LIMITED,HAPAG,TRANSWORLD-DADRI,04-11-25,11-6-25,33345.4
1863,SEGU9567680,INTERNATIONAL AGRO FOODS,WAN HAI,TRANSWORLD-DADRI,04-11-25,11-6-25,33605.4
1864,CGMU9371812,HMA AGRO INDUSTRIES LTD,CMA,TRANSWORLD-DADRI,04-11-25,11-6-25,33632
1865,TTNU8860537,MIRHA EXPORTS PVT. LTD.(PUNJAB),OCEAN,TRANSWORLD-DADRI,04-11-25,11-6-25,33778
1866,SEGU9646412,AL-NASIR EXPORTS PVT LTD (U.P),WAN HAI,TRANSWORLD-DADRI,04-11-25,11-6-25,33892
1867,SEGU9747280,HMA AGRO INDUSTRIES LTD,WAN HAI,TRANSWORLD-DADRI,04-11-25,11-6-25,33421.6
1868,TTNU8372759,AL AAYAT FOOD EXPO PVT. LTD,CMA,TRANSWORLD-DADRI,04-11-25,11-6-25,33716
1869,OTPU6245233,INTERNATIONAL AGRO FOODS,WAN HAI,TRANSWORLD-DADRI,04-11-25,11-6-25,33702
1870,OTPU6201723,INTERNATIONAL AGRO FOODS,WAN HAI,TRANSWORLD-DADRI,04-11-25,11-6-25,33780
1871,OOLU6480917,MIRHA EXPORTS PVT. LTD.(PUNJAB),OOCL,TRANSWORLD-DADRI,04-11-25,11-6-25,33732.8
1872,OOLU6455257,AL AMMAR FROZEN FOOD EXPORTS PVT LTD,OOCL,TRANSWORLD-DADRI,04-11-25,11-6-25,33646
1873,TCLU1293792,HMA AGRO INDUSTRIES LTD,CMA,TRANSWORLD-DADRI,04-11-25,11-6-25,33780
1874,ARKU5006070,IFF INDIA FROZEN FOODS PRIVATE LIMITED,ARKAS LINE,TRANSWORLD-DADRI,04-11-25,11-6-25,33345.4
1875,ARKU5022235,IFF INDIA FROZEN FOODS PRIVATE LIMITED,ARKAS LINE,TRANSWORLD-DADRI,04-11-25,11-6-25,33732.8
1876,OTPU6727111,INTERNATIONAL AGRO FOODS,WAN HAI,TRANSWORLD-DADRI,04-11-25,11-6-25,33160.5
1877,OTPU6247555,PETAL EXPORTS,WAN HAI,TRANSWORLD-DADRI,04-11-25,11-6-25,33632
1878,SEGU9160009,PURE FOODSTUFF PRIVATE LIMITED,CMA,TRANSWORLD-DADRI,04-09-25,9-6-25,33702
1879,CAIU5654407,HMA AGRO INDUSTRIES LTD,CMA,TRANSWORLD-DADRI,04-09-25,9-6-25,33642
1880,EMCU5639809,IFF INDIA FROZEN FOODS PRIVATE LIMITED,EVERGREEN,TRANSWORLD-DADRI,04-09-25,9-6-25,33702
1881,TTNU8374659,AL HASSAN OVRESEAS  PVT LTD-UP,CMA,TRANSWORLD-DADRI,04-09-25,9-6-25,33702
1882,EMCU5510880,HMA AGRO INDUSTRIES LTD,EVERGREEN,TRANSWORLD-DADRI,04-09-25,9-6-25,33632
1883,SEGU9576188,HMA AGRO INDUSTRIES LTD,CMA,TRANSWORLD-DADRI,04-09-25,9-6-25,33632
1884,ARKU5007708,IFF INDIA FROZEN FOODS PRIVATE LIMITED,ARKAS LINE,TRANSWORLD-DADRI,04-09-25,9-6-25,33452
1885,EGSU5055316,AL-NASIR EXPORTS PVT LTD (U.P),EVERGREEN,TRANSWORLD-DADRI,04-09-25,9-6-25,33382
1886,FSCU5323094,IFF INDIA FROZEN FOODS PRIVATE LIMITED,OOCL,TRANSWORLD-DADRI,04-09-25,9-6-25,33632
1887,SEKU9340659,IFF INDIA FROZEN FOODS PRIVATE LIMITED,WAN HAI,TRANSWORLD-DADRI,04-09-25,9-6-25,33692
1888,TTNU8038628,AL-NASIR EXPORTS PVT LTD (U.P),CMA,TRANSWORLD-DADRI,04-08-25,8-6-25,33605.4
1889,TEMU9437574,AL-NASIR EXPORTS PVT LTD (U.P),CMA,TRANSWORLD-DADRI,04-08-25,8-6-25,33632
1890,OTPU6683501,MIRHA EXPORTS PVT. LTD.(PUNJAB),WAN HAI,TRANSWORLD-DADRI,04-08-25,8-6-25,33712
1891,ARKU5010620,AL AMMAR FROZEN FOOD EXPORTS PVT LTD,ARKAS LINE,TRANSWORLD-DADRI,04-08-25,8-6-25,33991.75
1892,ARKU5002202,AL-NASIR EXPORTS PVT LTD (U.P),ARKAS LINE,TRANSWORLD-DADRI,04-08-25,8-6-25,33632
1893,EMCU5694848,AL AMMAR FROZEN FOOD EXPORTS PVT LTD,EVERGREEN,TRANSWORLD-DADRI,04-08-25,8-6-25,33592
1894,FSCU5926415,AL AAYAT FOOD EXPO PVT. LTD,WAN HAI,TRANSWORLD-DADRI,04-08-25,8-6-25,33670
1895,SEKU9082364,AL AAYAT FOOD EXPO PVT. LTD,WAN HAI,TRANSWORLD-DADRI,04-08-25,8-6-25,33732.8
1896,OTPU6819100,IFF INDIA FROZEN FOODS PRIVATE LIMITED,WAN HAI,TRANSWORLD-DADRI,04-04-26,4-6-26,33632
1900,EMCU5456536,HMA AGRO INDUSTRIES LTD,EVERGREEN,TRANSWORLD-DADRI,04-04-26,4-6-26,33632
1902,HLBU9277264,HMA AGRO INDUSTRIES LTD,HAPAG,TRANSWORLD-DADRI,04-04-26,4-6-26,33642
1903,FBIU5381910,HMA AGRO INDUSTRIES LTD,WAN HAI,TRANSWORLD-DADRI,04-04-26,4-6-26,33632
1904,EGSU5077104,HMA AGRO INDUSTRIES LTD,EVERGREEN,TRANSWORLD-DADRI,04-04-26,4-6-26,33345.4
1905,EGSU5069665,HMA AGRO INDUSTRIES LTD,EVERGREEN,TRANSWORLD-DADRI,04-04-26,4-6-26,33605.4
1907,CXRU1066625,AL HASSAN OVRESEAS  PVT LTD-UP,HAPAG,TRANSWORLD-DADRI,04-04-26,4-6-26,33632
1908,ARKU5028450,INTERNATIONAL AGRO FOODS,ARKAS LINE,TRANSWORLD-DADRI,04-04-26,4-6-26,33778
1909,GMOU9021171,AL-NASIR EXPORTS PVT LTD (U.P),GOLD STAR,TRANSWORLD-DADRI,04-04-26,4-6-26,33892
1910,GMOU9034862,AL-NASIR EXPORTS PVT LTD (U.P),GOLD STAR,TRANSWORLD-DADRI,04-04-26,4-6-26,33421.6
1914,HLBU9086720,AL-NASIR EXPORTS PVT LTD (U.P),HAPAG,TRANSWORLD-DADRI,04-04-26,4-6-26,33716
1916,CGMU9394525,RAYBAN FROZEN FOODS PVT.LTD,CMA,TRANSWORLD-DADRI,04-04-26,4-6-26,33702
1926,OTPU6192431,INTERNATIONAL AGRO FOODS,WAN HAI,TRANSWORLD-DADRI,03-12-25,12-5-25,33780
1927,CGMU5300493,AL-NASIR EXPORTS PVT LTD (U.P),CMA,TRANSWORLD-DADRI,03-12-25,12-5-25,33732.8
1928,CXRU1070461,AL-NASIR EXPORTS PVT LTD (U.P),CMA,TRANSWORLD-DADRI,03-12-25,12-5-25,33646
1929,FBIU5302568,IFF INDIA FROZEN FOODS PRIVATE LIMITED,WAN HAI,TRANSWORLD-DADRI,03-12-25,12-5-25,33780
1930,FSCU5927772,AL-NASIR EXPORTS PVT LTD (U.P),WAN HAI,TRANSWORLD-DADRI,03-12-25,12-5-25,33345.4
1931,EGSU5087479,HMA AGRO INDUSTRIES LTD,EVERGREEN,TRANSWORLD-DADRI,03-12-25,12-5-25,33732.8
1932,EMCU5659153,HMA AGRO INDUSTRIES LTD,EVERGREEN,TRANSWORLD-DADRI,03-12-25,12-5-25,33160.5
1933,CGMU5094411,AL-NASIR EXPORTS PVT LTD (U.P),CMA,TRANSWORLD-DADRI,03-12-25,12-5-25,33632
1934,TEMU9257799,AL-NASIR EXPORTS PVT LTD (U.P),CMA,TRANSWORLD-DADRI,03-12-25,12-5-25,33702
1935,OTPU6809138,IFF INDIA FROZEN FOODS PRIVATE LIMITED,WAN HAI,TRANSWORLD-DADRI,03-12-25,12-5-25,33642
1936,HLBU9486752,TEGH AGRO FOODS PRIVATE LIMITED,HAPAG,TRANSWORLD-DADRI,03-12-25,12-5-25,33702
1937,EMCU5749112,HMA AGRO INDUSTRIES LTD,EVERGREEN,TRANSWORLD-DADRI,03-12-25,12-5-25,33702
1938,SZLU9155027,MIRHA EXPORTS PVT. LTD.(PUNJAB),CMA,TRANSWORLD-DADRI,03-12-25,12-5-25,33632
1939,EGSU5077803,HMA AGRO INDUSTRIES LTD,EVERGREEN,TRANSWORLD-DADRI,03-12-25,12-5-25,33632
1940,HLBU9658208,IFF INDIA FROZEN FOODS PRIVATE LIMITED,HAPAG,TRANSWORLD-DADRI,03-11-25,11-5-25,33452
1941,BMOU9643822,AL HASSAN OVRESEAS  PVT LTD-UP,CMA,TRANSWORLD-DADRI,03-11-25,11-5-25,33382
1942,OOLU6447610,AL AMMAR FROZEN FOOD EXPORTS PVT LTD,OOCL,TRANSWORLD-DADRI,03-11-25,11-5-25,33632
1943,FBIU5379699,IFF INDIA FROZEN FOODS PRIVATE LIMITED,WAN HAI,TRANSWORLD-DADRI,03-11-25,11-5-25,33692
1944,SZLU9734266,HMA AGRO INDUSTRIES LTD,WAN HAI,TRANSWORLD-DADRI,03-11-25,11-5-25,33605.4
1945,FSCU5746985,IFF INDIA FROZEN FOODS PRIVATE LIMITED,OCEAN,TRANSWORLD-DADRI,03-11-25,11-5-25,33632
1946,ONEU9175080,AL-AALI EXPORTS PVT LTD-(UP),OCEAN,TRANSWORLD-DADRI,03-11-25,11-5-25,33712
1947,TRIU8836577,IFF INDIA FROZEN FOODS PRIVATE LIMITED,GOODRICH,TRANSWORLD-DADRI,03-11-25,11-5-25,33991.75
1948,EMCU5689950,AL AMMAR FROZEN FOOD EXPORTS PVT LTD,EVERGREEN,TRANSWORLD-DADRI,03-11-25,11-5-25,33632
1949,ONEU9007260,HMA AGRO INDUSTRIES LTD,OCEAN,TRANSWORLD-DADRI,03-11-25,11-5-25,33592
1950,OTPU6252037,HMA AGRO INDUSTRIES LTD,WAN HAI,TRANSWORLD-DADRI,03-11-25,11-5-25,33670
1951,HLBU9120383,IFF INDIA FROZEN FOODS PRIVATE LIMITED,HAPAG,TRANSWORLD-DADRI,03-11-25,11-5-25,33732.8
1952,OTPU6217099,MIRHA EXPORTS PVT. LTD.(PUNJAB),EVERGREEN,TRANSWORLD-DADRI,03-11-25,11-5-25,33632
1953,SEKU9162665,AL-NASIR EXPORTS PVT LTD (U.P),WAN HAI,TRANSWORLD-DADRI,03-11-25,11-5-25,33632
1954,SEGU9933351,MKEEN INTERNATIONAL,WAN HAI,TRANSWORLD-DADRI,03-09-25,9-5-25,33642
1955,OOLU6480305,AL AMMAR FROZEN FOOD EXPORTS PVT LTD,OOCL,TRANSWORLD-DADRI,03-09-25,9-5-25,33632
1956,TTNU8079289,IFF INDIA FROZEN FOODS PRIVATE LIMITED,HAPAG,TRANSWORLD-DADRI,03-09-25,9-5-25,33345.4
1957,SZLU9753543,INTERNATIONAL AGRO FOODS,WAN HAI,TRANSWORLD-DADRI,03-09-25,9-5-25,33605.4
1958,CGMU5350956,HMA AGRO INDUSTRIES LTD,CMA,TRANSWORLD-DADRI,03-09-25,9-5-25,33632
1959,OTPU6691718,IFF INDIA FROZEN FOODS PRIVATE LIMITED,WAN HAI,TRANSWORLD-DADRI,03-09-25,9-5-25,33778
1960,CGMU9389494,HMA AGRO INDUSTRIES LTD,CMA,TRANSWORLD-DADRI,03-09-25,9-5-25,33892
1961,FBIU5387040,INTERNATIONAL AGRO FOODS,WAN HAI,TRANSWORLD-DADRI,03-09-25,9-5-25,33421.6
1962,TTNU8250010,HMA AGRO INDUSTRIES LTD,CMA,TRANSWORLD-DADRI,03-09-25,9-5-25,33716
1994,SZLU9737901,IFF INDIA FROZEN FOODS PRIVATE LIMITED,WAN HAI,TRANSWORLD-DADRI,02-12-25,12-4-25,33702
1995,FBIU5361663,INTERNATIONAL AGRO FOODS,WAN HAI,TRANSWORLD-DADRI,02-12-25,12-4-25,33780
1996,OTPU6136295,AL HASSAN OVRESEAS  PVT LTD-UP,OOCL,TRANSWORLD-DADRI,02-12-25,12-4-25,33732.8
1997,SEGU9393891,HMA AGRO INDUSTRIES LTD,CMA,TRANSWORLD-DADRI,02-12-25,12-4-25,33646
1998,TCLU1367621,HMA AGRO INDUSTRIES LTD,CMA,TRANSWORLD-DADRI,02-12-25,12-4-25,33780
1999,TTNU8244444,AL-SUPER FROZEN FOODS PVT LTD,CMA,TRANSWORLD-DADRI,02-12-25,12-4-25,33345.4
2000,SEGU9929304,AL AAYAT FOOD EXPO PVT. LTD,WAN HAI,TRANSWORLD-DADRI,02-12-25,12-4-25,33732.8
2001,SZLU9891706,IFF INDIA FROZEN FOODS PRIVATE LIMITED,ARKAS LINE,TRANSWORLD-DADRI,02-12-25,12-4-25,33160.5
2002,OTPU6193309,AL-AALI EXPORTS PVT LTD-(UP),WAN HAI,TRANSWORLD-DADRI,02-12-25,12-4-25,33632
2003,HLXU8756001,IFF INDIA FROZEN FOODS PRIVATE LIMITED,HAPAG,TRANSWORLD-DADRI,02-12-25,12-4-25,33702
2004,OTPU6724811,IFF INDIA FROZEN FOODS PRIVATE LIMITED,WAN HAI,TRANSWORLD-DADRI,02-12-25,12-4-25,33642
2005,FBIU5377309,AL AMMAR FROZEN FOOD EXPORTS PVT LTD,KMTC,TRANSWORLD-DADRI,02-12-25,12-4-25,33702
2006,SZLU9841006,IFF INDIA FROZEN FOODS PRIVATE LIMITED,ARKAS LINE,TRANSWORLD-DADRI,02-12-25,12-4-25,33702
2007,SZLU9907340,IFF INDIA FROZEN FOODS PRIVATE LIMITED,WAN HAI,TRANSWORLD-DADRI,02-12-25,12-4-25,33632
2008,BMOU9805076,IFF INDIA FROZEN FOODS PRIVATE LIMITED,CMA,TRANSWORLD-DADRI,02-12-25,12-4-25,33632
2009,TRIU8430802,IFF INDIA FROZEN FOODS PRIVATE LIMITED,JODAC SHIPPING LINE PVT LTD,TRANSWORLD-DADRI,02-12-25,12-4-25,33452
2010,EMCU5660597,AL AMMAR FROZEN FOOD EXPORTS PVT LTD,EVERGREEN,TRANSWORLD-DADRI,02-09-25,9-4-25,33382
2011,FBIU5380982,INTERNATIONAL AGRO FOODS,WAN HAI,TRANSWORLD-DADRI,02-09-25,9-4-25,33632
2012,OTPU6217864,HMA AGRO INDUSTRIES LTD,EVERGREEN,TRANSWORLD-DADRI,02-09-25,9-4-25,33692
2013,EMCU5516240,IFF INDIA FROZEN FOODS PRIVATE LIMITED,EVERGREEN,TRANSWORLD-DADRI,02-09-25,9-4-25,33605.4
2014,ARKU5014559,AL AMMAR FROZEN FOOD EXPORTS PVT LTD,ARKAS LINE,TRANSWORLD-DADRI,02-09-25,9-4-25,33632
2015,TCLU1249275,IFF INDIA FROZEN FOODS PRIVATE LIMITED,CMA,TRANSWORLD-DADRI,02-09-25,9-4-25,33712
2016,EMCU5710980,HMA AGRO INDUSTRIES LTD,EVERGREEN,TRANSWORLD-DADRI,02-09-25,9-4-25,33991.75
2017,EMCU5724963,AL AMMAR FROZEN FOOD EXPORTS PVT LTD,EVERGREEN,TRANSWORLD-DADRI,02-09-25,9-4-25,33632
2018,CGMU5096749,IFF INDIA FROZEN FOODS PRIVATE LIMITED,CMA,TRANSWORLD-DADRI,02-09-25,9-4-25,33592
2019,ARKU5014163,PURE FOODSTUFF PRIVATE LIMITED,ARKAS LINE,TRANSWORLD-DADRI,02-09-25,9-4-25,33670
2020,OTPU6250292,INTERNATIONAL AGRO FOODS,WAN HAI,TRANSWORLD-DADRI,02-09-25,9-4-25,33732.8
2021,SEKU9373842,AL HASSAN OVRESEAS  PVT LTD-UP,WAN HAI,TRANSWORLD-DADRI,02-08-25,8-4-25,33632
2022,SEGU9408693,HMA AGRO INDUSTRIES LTD,CMA,TRANSWORLD-DADRI,02-08-25,8-4-25,33632
2023,EMCU5612726,AL-AALI EXPORTS PVT LTD-(UP),EVERGREEN,TRANSWORLD-DADRI,02-08-25,8-4-25,33642
2024,OTPU6197937,IFF INDIA FROZEN FOODS PRIVATE LIMITED,WAN HAI,TRANSWORLD-DADRI,02-08-25,8-4-25,33632
2025,SEGU9703092,IFF INDIA FROZEN FOODS PRIVATE LIMITED,WAN HAI,TRANSWORLD-DADRI,02-08-25,8-4-25,33345.4
2026,FSCU5351500,RAYBAN FROZEN FOODS PVT.LTD,OOCL,TRANSWORLD-DADRI,02-08-25,8-4-25,33605.4
2027,OTPU6203813,AL-NASIR EXPORTS PVT LTD (U.P),WAN HAI,TRANSWORLD-DADRI,02-08-25,8-4-25,33632
2030,CXRU1116433,RAYBAN FROZEN FOODS PVT.LTD,CMA,TRANSWORLD-DADRI,02-04-26,4-4-26,33778
2031,ARKU5023123,INTERNATIONAL AGRO FOODS,ARKAS LINE,TRANSWORLD-DADRI,02-04-26,4-4-26,33892
2034,EMCU5566600,AL AMMAR FROZEN FOOD EXPORTS PVT LTD,EVERGREEN,TRANSWORLD-DADRI,02-04-26,4-4-26,33421.6
2035,ARKU5008263,IFF INDIA FROZEN FOODS PRIVATE LIMITED,ARKAS LINE,TRANSWORLD-DADRI,02-04-26,4-4-26,33716
2036,ARKU5004988,IFF INDIA FROZEN FOODS PRIVATE LIMITED,ARKAS LINE,TRANSWORLD-DADRI,02-04-26,4-4-26,33702
2037,ARKU5010105,IFF INDIA FROZEN FOODS PRIVATE LIMITED,ARKAS LINE,TRANSWORLD-DADRI,02-04-26,4-4-26,33780
2039,ARKU5008108,IFF INDIA FROZEN FOODS PRIVATE LIMITED,ARKAS LINE,TRANSWORLD-DADRI,02-04-26,4-4-26,33732.8
2040,GCXU8014153,IFF INDIA FROZEN FOODS PRIVATE LIMITED,ARKAS LINE,TRANSWORLD-DADRI,02-04-26,4-4-26,33646
2041,GMOU9030975,INTERNATIONAL AGRO FOODS,GOLD STAR,TRANSWORLD-DADRI,02-04-26,4-4-26,33780
2043,OTPU6245568,HMA AGRO INDUSTRIES LTD,WAN HAI,TRANSWORLD-DADRI,02-04-26,4-4-26,33345.4
2045,TRIU8691405,RAYBAN FROZEN FOODS PVT.LTD,CMA,TRANSWORLD-DADRI,02-04-26,4-4-26,33732.8
2046,SEGU9618452,HMA AGRO INDUSTRIES LTD,WAN HAI,TRANSWORLD-DADRI,02-04-26,4-4-26,33160.5
2106,ARKU5025825,ARS AGRO FOODS,ARKAS LINE,TRANSWORLD-DADRI,01-12-25,12-3-25,33632
2107,CAIU5513667,IFF INDIA FROZEN FOODS PRIVATE LIMITED,HAPAG,TRANSWORLD-DADRI,01-12-25,12-3-25,33702
2108,EMCU5633652,AL-NASIR EXPORTS PVT LTD (U.P),EVERGREEN,TRANSWORLD-DADRI,01-12-25,12-3-25,33642
2109,ARKU5024808,IFF INDIA FROZEN FOODS PRIVATE LIMITED,ARKAS LINE,TRANSWORLD-DADRI,01-12-25,12-3-25,33702
2110,CGMU5290820,HMA AGRO INDUSTRIES LTD,CMA,TRANSWORLD-DADRI,01-12-25,12-3-25,33702
2111,BMOU9641780,AL AAYAT FOOD EXPO PVT. LTD,CMA,TRANSWORLD-DADRI,01-12-25,12-3-25,33632
2112,OTPU6197752,IFF INDIA FROZEN FOODS PRIVATE LIMITED,WAN HAI,TRANSWORLD-DADRI,01-12-25,12-3-25,33632
2113,EMCU5404830,AL AMMAR FROZEN FOOD EXPORTS PVT LTD,EVERGREEN,TRANSWORLD-DADRI,01-12-25,12-3-25,33452
2114,HLBU9149860,IFF INDIA FROZEN FOODS PRIVATE LIMITED,HAPAG,TRANSWORLD-DADRI,01-12-25,12-3-25,33382
2115,OTPU6193280,AL-NASIR EXPORTS PVT LTD (U.P),WAN HAI,TRANSWORLD-DADRI,01-12-25,12-3-25,33632
2116,SEGU9557510,HMA AGRO INDUSTRIES LTD,CMA,TRANSWORLD-DADRI,01-12-25,12-3-25,33692
2117,HLBU6134697,IFF INDIA FROZEN FOODS PRIVATE LIMITED,HAPAG,TRANSWORLD-DADRI,01-11-25,11-3-25,33605.4
2118,CGMU6578262,MEDINA FROZEN FOOD EXPORTPVT LTD,CMA,TRANSWORLD-DADRI,01-11-25,11-3-25,33632
2119,HLBU6087126,IFF INDIA FROZEN FOODS PRIVATE LIMITED,HAPAG,TRANSWORLD-DADRI,01-11-25,11-3-25,33712
2120,HLBU9171673,IFF INDIA FROZEN FOODS PRIVATE LIMITED,HAPAG,TRANSWORLD-DADRI,01-11-25,11-3-25,33991.75
2121,FSCU5872216,AL AMMAR FROZEN FOOD EXPORTS PVT LTD,KMTC,TRANSWORLD-DADRI,01-09-25,9-3-25,33632
2122,SEGU9932015,AL-NASIR EXPORTS PVT LTD (U.P),WAN HAI,TRANSWORLD-DADRI,01-09-25,9-3-25,33592
2123,SEGU9754973,IFF INDIA FROZEN FOODS PRIVATE LIMITED,WAN HAI,TRANSWORLD-DADRI,01-09-25,9-3-25,33670
2124,SEKU9104720,AL AMMAR FROZEN FOOD EXPORTS PVT LTD,KMTC,TRANSWORLD-DADRI,01-09-25,9-3-25,33732.8
2125,IKSU4007166,HMA AGRO INDUSTRIES LTD,CMA,TRANSWORLD-DADRI,01-09-25,9-3-25,33632
2126,OTPU6245470,AL-NASIR EXPORTS PVT LTD (U.P),WAN HAI,TRANSWORLD-DADRI,01-09-25,9-3-25,33632
2127,SEGU9703512,AL-NASIR EXPORTS PVT LTD (U.P),WAN HAI,TRANSWORLD-DADRI,01-09-25,9-3-25,33642
2128,EMCU5677389,IFF INDIA FROZEN FOODS PRIVATE LIMITED,EVERGREEN,TRANSWORLD-DADRI,01-09-25,9-3-25,33632
2129,SEGU9922486,INTERNATIONAL AGRO FOODS,WAN HAI,TRANSWORLD-DADRI,01-09-25,9-3-25,33345.4
2130,EMCU5645611,AL-NASIR EXPORTS PVT LTD (U.P),EVERGREEN,TRANSWORLD-DADRI,01-09-25,9-3-25,33605.4
2131,FSCU5707119,INTERNATIONAL AGRO FOODS,WAN HAI,TRANSWORLD-DADRI,01-09-25,9-3-25,33632
2132,ARKU5016470,IFF INDIA FROZEN FOODS PRIVATE LIMITED,ARKAS LINE,TRANSWORLD-DADRI,01-09-25,9-3-25,33778
2133,EMCU5745550,IFF INDIA FROZEN FOODS PRIVATE LIMITED,EVERGREEN,TRANSWORLD-DADRI,01-09-25,9-3-25,33892
2134,EMCU5707396,HMA AGRO INDUSTRIES LTD,EVERGREEN,TRANSWORLD-DADRI,01-09-25,9-3-25,33421.6
2135,EMCU5445315,AL AMMAR FROZEN FOOD EXPORTS PVT LTD,EVERGREEN,TRANSWORLD-DADRI,01-08-25,8-3-25,33716
2136,EMCU5598546,AL AAYAT FOOD EXPO PVT. LTD,EVERGREEN,TRANSWORLD-DADRI,01-08-25,8-3-25,33702
2137,SEGU9702882,AL-NASIR EXPORTS PVT LTD (U.P),WAN HAI,TRANSWORLD-DADRI,01-08-25,8-3-25,33780
2138,CXRU1607020,HMA AGRO INDUSTRIES LTD,CMA,TRANSWORLD-DADRI,01-08-25,8-3-25,33732.8
2139,SEGU9701994,IFF INDIA FROZEN FOODS PRIVATE LIMITED,WAN HAI,TRANSWORLD-DADRI,01-08-25,8-3-25,33646
2140,TTNU8232633,AL-NASIR EXPORTS PVT LTD (U.P),CMA,TRANSWORLD-DADRI,01-08-25,8-3-25,33780
2141,GESU9167251,IFF INDIA FROZEN FOODS PRIVATE LIMITED,MSC,TRANSWORLD-DADRI,01-08-25,8-3-25,33345.4
2142,SEKU9082066,AL HASSAN OVRESEAS  PVT LTD-UP,WAN HAI,TRANSWORLD-DADRI,01-08-25,8-3-25,33732.8
2143,TTNU8282275,HMA AGRO INDUSTRIES LTD,CMA,TRANSWORLD-DADRI,01-08-25,8-3-25,33160.5
2144,EMCU5714409,AL AAYAT FOOD EXPO PVT. LTD,EVERGREEN,TRANSWORLD-DADRI,01-08-25,8-3-25,33632
2145,EMCU5503751,AL AAYAT FOOD EXPO PVT. LTD,EVERGREEN,TRANSWORLD-DADRI,01-08-25,8-3-25,33702
2146,EMCU5429839,AL AAYAT FOOD EXPO PVT. LTD,EVERGREEN,TRANSWORLD-DADRI,01-08-25,8-3-25,33642
2154,TCLU1206102,AL-NASIR EXPORTS PVT LTD (U.P),CMA,TRANSWORLD-DADRI,01-04-26,4-3-26,33702
2156,CGMU5109300,RAYBAN FROZEN FOODS PVT.LTD,CMA,TRANSWORLD-DADRI,01-04-26,4-3-26,33702
2162,TEMU9869897,HMA AGRO INDUSTRIES LTD,CMA,TRANSWORLD-DADRI,01-04-26,4-3-26,33632
2163,GMOU9027117,INTERNATIONAL AGRO FOODS,GOLD STAR,TRANSWORLD-DADRI,01-04-26,4-3-26,33632
2165,CGMU5629534,AL HASSAN OVRESEAS  PVT LTD-UP,CMA,TRANSWORLD-DADRI,01-04-26,4-3-26,33452
2171,CGMU5272637,HMA AGRO INDUSTRIES LTD,CMA,TRANSWORLD-DADRI,01-04-26,4-3-26,33382
2172,CGMU5348305,RAYBAN FROZEN FOODS PVT.LTD,CMA,TRANSWORLD-DADRI,01-04-26,4-3-26,33632
2173,TCLU1059017,HMA AGRO INDUSTRIES LTD,CMA,TRANSWORLD-DADRI,01-04-26,4-3-26,33692
