Sr.,Container No,Load Port,Port,Shipper,Line,Booking No,BL NO.,Final ETD,Final Vessel,Transhipment ETA,Transhipment Port,Transhipment ETD,Transhipment Vessel,Sailing Date,SOB Remark,SOB,ETA,Transit Time,Discharge Date,Gate Out Date,Empty Gate In Date,Followup Date,FPOD,COD TYPE,Transhipment Status,Remarks,
1,TRIU8824088,MUNDRA,JEBEL ALI (ITT)-UAE,ALM,GOODRICH,BALDEL2300428,BLTDERJEA007494,28/12/2023,SSL BRAHMAPUTRA 0001W,04/01/2024,JEBEL ALI-UAE,20/01/2024,PENDING,28/12/2023,ETD CHANGE,SOB,04/02/2024,623,,,,13/04/2024,,,,LEGAL CASE,
2,CRLU1367645,MUNDRA,JEBEL ALI (ITT)-UAE,ALM,GOODRICH,BALDEL2300436,BLTDERJEA007500,28/12/2023,SSL BRAHMAPUTRA 0001W,04/01/2024,JEBEL ALI-UAE,20/01/2024,PENDING,28/12/2023,ETD CHANGE,SOB,04/02/2024,623,,,,13/04/2024,,,,LEGAL CASE,
3,TRIU8134360,MUNDRA,JEBEL ALI (ITT)-UAE,ALM,GOODRICH,BALDEL2300436,BLTDERJEA007500,28/12/2023,SSL BRAHMAPUTRA 0001W,04/01/2024,JEBEL ALI-UAE,20/01/2024,PENDING,28/12/2023,ETD CHANGE,SOB,04/02/2024,623,,,,13/04/2024,,,,LEGAL CASE,
4,EMCU5257128,MUNDRA,JEBEL ALI (ITT)-UAE,ALM,GOODRICH,BALDEL2300428,BLTDERJEA007494,28/12/2023,SSL BRAHMAPUTRA 0001W,04/01/2024,JEBEL ALI-UAE,20/01/2024,PENDING,28/12/2023,ETD CHANGE,SOB,04/02/2024,623,,,,13/04/2024,,,,LEGAL CASE,
5,OCAU4967510,MUNDRA,JEBEL ALI (ITT)-UAE,IFF INDIA,GOODRICH,BALDEL2300424,BLTDERJEA007495,28/12/2023,SSL BRAHMAPUTRA 0001W,04/01/2024,JEBEL ALI-UAE,20/01/2024,PENDING,28/12/2023,ETA CHANGED,SOB,04/02/2024,623,,,,13/04/2024,,,,LEGAL CASE,
6,TRIU8375520,MUNDRA,JEBEL ALI (ITT)-UAE,IFF INDIA,GOODRICH,BALDEL2300424,BLTDERJEA007495,28/12/2023,SSL BRAHMAPUTRA 0001W,04/01/2024,JEBEL ALI-UAE,20/01/2024,PENDING,28/12/2023,ETA CHANGED,SOB,04/02/2024,623,,,,13/04/2024,,,,LEGAL CASE,
7,TRIU8615658,MUNDRA,JEBEL ALI (ITT)-UAE,IFF INDIA,GOODRICH,BALDEL2300438,BLTDERJEA007505,28/12/2023,SSL BRAHMAPUTRA 0001W,04/01/2024,JEBEL ALI-UAE,20/01/2024,PENDING,28/12/2023,ETD CHANGE,SOB,04/02/2024,623,,,,13/04/2024,,,,LEGAL CASE,
8,TRIU8012248,MUNDRA,JEBEL ALI (ITT)-UAE,IFF INDIA,GOODRICH,BALDEL2300432,BLTDERJEA007493,28/12/2023,SSL BRAHMAPUTRA 0001W,04/01/2024,JEBEL ALI-UAE,20/01/2024,PENDING,28/12/2023,ETA CHANGED,SOB,04/02/2024,623,,,,13/04/2024,,,,LEGAL CASE,
9,TDRU5814721,MUNDRA,JEBEL ALI (ITT)-UAE,IFF INDIA,GOODRICH,BALDEL2300438,BLTDERJEA007505,28/12/2023,SSL BRAHMAPUTRA 0001W,04/01/2024,JEBEL ALI-UAE,20/01/2024,PENDING,28/12/2023,ETD CHANGE,SOB,04/02/2024,623,,,,13/04/2024,,,,LEGAL CASE,
10,TRIU8839128,MUNDRA,JEBEL ALI (ITT)-UAE,IFF INDIA,GOODRICH,BALDEL2300432,BLTDERJEA007493,28/12/2023,SSL BRAHMAPUTRA 0001W,04/01/2024,JEBEL ALI-UAE,20/01/2024,PENDING,28/12/2023,ETA CHANGED,SOB,04/02/2024,623,,,,13/04/2024,,,,LEGAL CASE,
11,EMCU5253565,MUNDRA,JEBEL ALI (ITT)-UAE,IFF INDIA,GOODRICH,BALDEL2300432,BLTDERJEA007493,28/12/2023,SSL BRAHMAPUTRA 0001W,04/01/2024,JEBEL ALI-UAE,20/01/2024,PENDING,28/12/2023,ETA CHANGED,SOB,04/02/2024,623,,,,13/04/2024,,,,LEGAL CASE,
12,TRIU8018890,MUNDRA,JEBEL ALI (ITT)-UAE,IFF INDIA,GOODRICH,BALDEL2300438,BLTDERJEA007505,28/12/2023,SSL BRAHMAPUTRA 0001W,04/01/2024,JEBEL ALI-UAE,20/01/2024,PENDING,28/12/2023,ETD CHANGE,SOB,04/02/2024,623,,,,13/04/2024,,,,LEGAL CASE,
13,TRLU1641454,MUNDRA,JEBEL ALI (ITT)-UAE,IFF INDIA,GOODRICH,BALDEL2300424,BLTDERJEA007495,28/12/2023,SSL BRAHMAPUTRA 0001W,04/01/2024,JEBEL ALI-UAE,20/01/2024,PENDING,28/12/2023,ETA CHANGED,SOB,04/02/2024,623,,,,13/04/2024,,,,LEGAL CASE,
14,SEGU9392684,NHAVA SHEVA-NSFT,TASHKENT-UZBEKISTAN,AL AAYAT,CORTEN,SNSAINC25000101,SINSAINC25000086,16/05/2025,PHOENIX 15 PH001W,28/05/2025,BANDAR ABBAS-IRAN,30/06/2025,BY TRUCK,16/05/2025,OK,SOB,08/07/2025,118,,,,08/07/2025,,,,,
15,SEGU9425197,NHAVA SHEVA-NSFT,TASHKENT-UZBEKISTAN,AL AAYAT,CORTEN,SNSAINC25000101,SINSAINC25000086,16/05/2025,PHOENIX 15 PH001W,28/05/2025,BANDAR ABBAS-IRAN,30/06/2025,BY TRUCK,16/05/2025,OK,SOB,08/07/2025,118,,,,08/07/2025,,,,,
16,BMOU9837685,NHAVA SHEVA-NSFT,TASHKENT-UZBEKISTAN,AL AAYAT,CORTEN,SNSAINC25000101,SINSAINC25000086,16/05/2025,PHOENIX 15 PH001W,28/05/2025,BANDAR ABBAS-IRAN,30/06/2025,BY TRUCK,16/05/2025,OK,SOB,08/07/2025,118,,,,08/07/2025,,,,,
17,BMOU9837242,NHAVA SHEVA-NSICT,TASHKENT-UZBEKISTAN,AL AAYAT,CORTEN,SNSAINC25000105,SINSAINC25000089,16/05/2025,UGL GUANGZHOU 2520W,27/05/2025,BANDAR ABBAS-IRAN,30/06/2025,BY TRUCK,16/05/2025,ok,SOB,08/07/2025,118,,,,08/07/2025,,,,,
18,BMOU9833519,NHAVA SHEVA-NSICT,TASHKENT-UZBEKISTAN,AL AAYAT,CORTEN,SNSAINC25000105,SINSAINC25000089,16/05/2025,UGL GUANGZHOU 2520W,27/05/2025,BANDAR ABBAS-IRAN,30/06/2025,BY TRUCK,16/05/2025,OK,SOB,08/07/2025,118,,,,08/07/2025,,,,,
19,SEGU9480640,NHAVA SHEVA-NSICT,TASHKENT-UZBEKISTAN,AL AAYAT,CORTEN,SNSAINC25000105,SINSAINC25000089,16/05/2025,UGL GUANGZHOU 2520W,27/05/2025,BANDAR ABBAS-IRAN,30/06/2025,BY TRUCK,16/05/2025,ok,SOB,08/07/2025,118,,,,08/07/2025,,,,,
20,TRLU1697427,MUNDRA - MDPT,TASHKENT-UZBEKISTAN,MIRHA,GOODRICH,BALDEL2500228,CISDERTAS2501668,20/05/2025,HONSIN,02/06/2025,BANDAR ABBAS-IRAN,29/06/2025,BY TRUCK,20/05/2025,OK,SOB,08/07/2025,114,,,,08/07/2025,,,,,
21,TRLU1675900,MUNDRA - MDPT,TASHKENT-UZBEKISTAN,MIRHA,GOODRICH,BALDEL2500228,CISDERTAS2501668,20/05/2025,HONSIN,02/06/2025,BANDAR ABBAS-IRAN,29/06/2025,BY TRUCK,20/05/2025,OK,SOB,08/07/2025,114,,,,08/07/2025,,,,,
22,TTNU8344130,NHAVA SHEVA-GTIL,TASHKENT-UZBEKISTAN,AL AAYAT,CORTEN,SNSAINC25000107,SINSAINC25000092,23/05/2025,CELSIUS NAIROBI 932,31/05/2025,BANDAR ABBAS-IRAN,12/07/2025,BY TRUCK,23/05/2025,OK,SOB,22/07/2025,111,,,,12/07/2025,,,,,
23,TRIU8599496,NHAVA SHEVA-GTIL,TASHKENT-UZBEKISTAN,AL AAYAT,CORTEN,SNSAINC25000106,SINSAINC25000091,23/05/2025,CELSIUS NAIROBI 932,31/05/2025,BANDAR ABBAS-IRAN,12/07/2025,BY TRUCK,23/05/2025,OK,SOB,22/07/2025,111,,,,12/07/2025,,,,,
24,SEGU9401580,NHAVA SHEVA-GTIL,TASHKENT-UZBEKISTAN,AL AAYAT,CORTEN,SNSAINC25000107,SINSAINC25000092,23/05/2025,CELSIUS NAIROBI 932,31/05/2025,BANDAR ABBAS-IRAN,12/07/2025,BY TRUCK,23/05/2025,OK,SOB,22/07/2025,111,,,,12/07/2025,,,,,
25,TRIU8129023,NHAVA SHEVA-GTIL,TASHKENT-UZBEKISTAN,AL AAYAT,CORTEN,SNSAINC25000106,SINSAINC25000091,23/05/2025,CELSIUS NAIROBI 932,31/05/2025,BANDAR ABBAS-IRAN,12/07/2025,BY TRUCK,23/05/2025,OK,SOB,22/07/2025,111,,,,12/07/2025,,,,,
26,TTNU8411937,NHAVA SHEVA-GTIL,TASHKENT-UZBEKISTAN,AL AAYAT,CORTEN,SNSAINC25000107,SINSAINC25000092,23/05/2025,CELSIUS NAIROBI 932,31/05/2025,BANDAR ABBAS-IRAN,12/07/2025,BY TRUCK,23/05/2025,OK,SOB,22/07/2025,111,,,,12/07/2025,,,,,
27,BMOU9776701,NHAVA SHEVA-GTIL,TASHKENT-UZBEKISTAN,AL AAYAT,CORTEN,SNSAINC25000106,SINSAINC25000091,23/05/2025,CELSIUS NAIROBI 932,31/05/2025,BANDAR ABBAS-IRAN,12/07/2025,BY TRUCK,23/05/2025,OK,SOB,22/07/2025,111,,,,12/07/2025,,,,,
28,SEGU9010502,NHAVA SHEVA-NSICT,TASHKENT-UZBEKISTAN,AL AAYAT,CORTEN,SNSAINC25000109,SINSAINC25000099,03/06/2025,SSL BRAHMAPUTRA-925,17/05/2025,BANDAR ABBAS-IRAN,12/07/2025,BY TRUCK,03/06/2025,ok,SOB,22/07/2025,100,,,,12/07/2025,,,,,
29,BMOU9787624,NHAVA SHEVA-NSICT,TASHKENT-UZBEKISTAN,AL AAYAT,CORTEN,SNSAINC25000109,SINSAINC25000099,03/06/2025,SSL BRAHMAPUTRA-925,17/06/2025,BANDAR ABBAS-IRAN,12/07/2025,BY TRUCK,03/06/2025,ok,SOB,22/07/2025,100,,,,12/07/2025,,,,,
30,AMHU8001719,NHAVA SHEVA-NSICT,TASHKENT-UZBEKISTAN,AL AAYAT,CORTEN,SNSAINC25000109,SINSAINC25000099,03/06/2025,SSL BRAHMAPUTRA-925,17/06/2025,BANDAR ABBAS-IRAN,12/07/2025,BY TRUCK,03/06/2025,ok,SOB,22/07/2025,100,,,,12/07/2025,,,,,
31,AMHU8001196,NHAVA SHEVA-NSICT,TASHKENT-UZBEKISTAN,AL AAYAT,CORTEN,SNSAINC25000113,SINSAINC25000100,04/06/2025,X-PRESS MEKONG 25005W,18/06/2025,BANDAR ABBAS-IRAN,12/07/2025,BY TRUCK,04/06/2025,ok,SOB,22/07/2025,99,,,,12/07/2025,,,,,
32,TRIU8990469,NHAVA SHEVA-NSICT,TASHKENT-UZBEKISTAN,AL AAYAT,CORTEN,SNSAINC25000113,SINSAINC25000100,04/06/2025,X-PRESS MEKONG 25005W,18/06/2025,BANDAR ABBAS-IRAN,12/07/2025,BY TRUCK,04/06/2025,ok,SOB,22/07/2025,99,,,,12/07/2025,,,,,
33,TRIU8055390,NHAVA SHEVA-NSICT,TASHKENT-UZBEKISTAN,AL AAYAT,CORTEN,SNSAINC25000113,SINSAINC25000100,04/06/2025,X-PRESS MEKONG 25005W,18/06/2025,BANDAR ABBAS-IRAN,12/07/2025,BY TRUCK,04/06/2025,ok,SOB,22/07/2025,99,,,,12/07/2025,,,,,
34,SUDU6226972,MUNDRA,MONROVIA-LIBERIA,IFF INDIA,MAERSK,255553074,255553074,03/07/2025,MAERSK CONGO 526W,19/08/2025,LOME-TOGO,03/09/2025,AS SELINA,03/07/2025,ETD CHANGE,SOB,09/09/2025,70,,,,09/09/2025,,,,,
35,MNBU4283005,MUNDRA,ABIDJAN-COTE D IVORE,AL AMMAR,MAERSK,255826347,255826347,08/07/2025,MAERSK CADIZ 527W,07/08/2025,COTONOU-NIGERIA,01/09/2025,MAERSK VISBY,08/07/2025,OK,SOB,10/09/2025,65,,,,10/09/2025,,,,,
36,MNBU3589602,MUNDRA,DAKAR-SENEGAL,AL-NASIR,MAERSK,720936037,720936037,08/07/2025,MAERSK CADIZ 527W,02/08/2025,TEMA-GHANA,05/09/2025,PENDING,08/07/2025,ok,SOB,10/09/2025,65,,,,04/09/2025,,,,REWORKED on MNBU4521510,
37,MNBU3484366,MUNDRA,POTI-GEORGIA,IFF INDIA,MAERSK,720936049,720936049,09/07/2025,MAERSK CLEVELAND 527W,29/08/2025,AMBARLI-TURKEY,08/09/2025,WYBELSUM,09/07/2025,SAILED,SOB,11/09/2025,64,,,,11/09/2025,,,,,
38,MNBU3420510,MUNDRA,POTI-GEORGIA,IFF INDIA,MAERSK,720941489,720941489,09/07/2025,MAERSK CLEVELAND 527W,29/08/2025,AMBARLI-TURKEY,14/09/2025,ELBSAILOR,09/07/2025,SAILED,SOB,16/09/2025,64,,,,14/09/2025,,,,,
39,SUDU8246237,MUNDRA,POTI-GEORGIA,IFF INDIA,MAERSK,720941488,720941488,09/07/2025,MAERSK CLEVELAND 527W,29/08/2025,AMBARLI-TURKEY,14/09/2025,ELBSAILOR,09/07/2025,SAILED,SOB,16/09/2025,64,,,,10/09/2025,,,,,
40,MNBU3638327,MUNDRA,POTI-GEORGIA,IFF INDIA,MAERSK,720936049,720936049,09/07/2025,MAERSK CLEVELAND 527W,29/08/2025,AMBARLI-TURKEY,08/09/2025,WYBELSUM,09/07/2025,SAILED,SOB,11/09/2025,64,,,,11/09/2025,,,,,
41,SUDU8115392,MUNDRA,POTI-GEORGIA,IFF INDIA,MAERSK,720941489,720941489,09/07/2025,MAERSK CLEVELAND 527W,29/08/2025,AMBARLI-TURKEY,14/09/2025,ELBSAILOR,09/07/2025,SAILED,SOB,16/09/2025,64,,,,14/09/2025,,,,,
42,SUDU8105218,MUNDRA,POTI-GEORGIA,IFF INDIA,MAERSK,720941488,720941488,09/07/2025,MAERSK CLEVELAND 527W,10/09/2025,AMBARLI-TURKEY,18/09/2025,COLOMBO TRADER,09/07/2025,SAILED,SOB,23/09/2025,64,,,,10/09/2025,,,,,
43,MMAU1255485,MUNDRA,POTI-GEORGIA,IFF INDIA,MAERSK,720930231,720930231,09/07/2025,MAERSK CLEVELAND 527W,29/08/2025,AMBARLI-TURKEY,08/09/2025,WYBELSUM,09/07/2025,SAILED,SOB,11/09/2025,64,,,,11/09/2025,,,,,
44,MNBU4193386,MUNDRA,POTI-GEORGIA,IFF INDIA,MAERSK,720941489,720941489,09/07/2025,MAERSK CLEVELAND 527W,29/08/2025,AMBARLI-TURKEY,14/09/2025,ELBSAILOR,09/07/2025,SAILED,SOB,16/09/2025,64,,,,14/09/2025,,,,,
45,MNBU3329863,MUNDRA,POTI-GEORGIA,IFF INDIA,MAERSK,720936048,720936048,09/07/2025,MAERSK CLEVELAND 527W,29/08/2025,AMBARLI-TURKEY,14/09/2025,ELBSAILOR,09/07/2025,SAILED,SOB,16/09/2025,64,,,,14/09/2025,,,,,
46,MNBU3699940,NHAVA SHEVA-BMCT,ABIDJAN-COTE D IVORE,AL AMMAR,MAERSK,720946718,720946718,13/07/2025,MAERSK CADIZ 528W,18/08/2025,COTONOU-NIGERIA,01/09/2025,MAERSK VISBY,13/07/2025,OK,SOB,10/09/2025,60,,,,10/09/2025,,,,,
47,MMAU1071596,NHAVA SHEVA-GTIL,POTI-GEORGIA,IFF INDIA,MAERSK,720946876,720946876,13/07/2025,MAERSK CLEVELAND 527W,29/08/2025,AMBARLI-TURKEY,08/09/2025,WYBELSUM,13/07/2025,OK,SOB,11/09/2025,60,,,,11/09/2025,,,,,
48,SUDU8013370,NHAVA SHEVA-BMCT,ABIDJAN-COTE D IVORE,AL AMMAR,MAERSK,720946872,720946872,13/07/2025,MAERSK CUANZA 528W,18/08/2025,COTONOU-NIGERIA,01/09/2025,MAERSK VISBY,13/07/2025,ETD CHANGE,SOB,10/09/2025,60,,,,10/09/2025,,,,,
49,SUDU8106148,NHAVA SHEVA-GTIL,POTI-GEORGIA,IFF INDIA,MAERSK,720946876,720946876,13/07/2025,MAERSK CLEVELAND 527W,29/08/2025,AMBARLI-TURKEY,08/09/2025,WYBELSUM,13/07/2025,OK,SOB,11/09/2025,60,,,,11/09/2025,,,,,
50,MNBU3422317,MUNDRA,BEIRA-MOZAMBIQUE,INTERNATIONAL,MAERSK,256681968,256681968,17/07/2025,MAERSK HERRERA 528W,10/08/2025,REUNION-FRANCE,28/08/2025,RDO LIBERTY,17/07/2025,NA,SOB,11/09/2025,56,,,,11/09/2025,,,,,
51,MNBU0424907,MUNDRA,BEIRA-MOZAMBIQUE,AL AMMAR,MAERSK,256681822,256681822,17/07/2025,MAERSK HERRERA 528W,10/08/2025,REUNION-FRANCE,28/08/2025,RDO LIBERTY,17/07/2025,NA,SOB,11/09/2025,56,,,,11/09/2025,,,,,
52,SUDU6192126,NHAVA SHEVA-GTIL,POTI-GEORGIA,IFF INDIA,MAERSK,256633770,256633770,18/07/2025,CHARLESTON EXPRESS / 528W,10/09/2025,AMBARLI-TURKEY,18/09/2025,COLOMBO TRADER,18/07/2025,NA,SOB,23/09/2025,55,,,,10/09/2025,,,,,
53,MNBU0154925,NHAVA SHEVA-GTIL,POTI-GEORGIA,IFF INDIA,MAERSK,256616175,256616175,18/07/2025,CHARLESTON EXPRESS / 528W,10/09/2025,AMBARLI-TURKEY,18/09/2025,COLOMBO TRADER,18/07/2025,NA,SOB,23/09/2025,55,,,,10/09/2025,,,,,
54,SUDU8103180,NHAVA SHEVA-BMCT,ABIDJAN-COTE D IVORE,HMA,MAERSK,256703608,256703608,18/07/2025,MAERSK CONAKRY 529W,21/08/2025,COTONOU-NIGERIA,14/09/2025,MAERSK VISBY,18/07/2025,NA,SOB,20/09/2025,55,,,,14/09/2025,,,,,
55,MNBU3571901,NHAVA SHEVA-GTIL,POTI-GEORGIA,IFF INDIA,MAERSK,256616175,256616175,18/07/2025,CHARLESTON EXPRESS / 528W,10/09/2025,AMBARLI-TURKEY,18/09/2025,COLOMBO TRADER,18/07/2025,NA,SOB,23/09/2025,55,,,,10/09/2025,,,,,
56,MNBU9168853,NHAVA SHEVA-GTIL,POTI-GEORGIA,IFF INDIA,MAERSK,256633770,256633770,18/07/2025,CHARLESTON EXPRESS / 528W,10/09/2025,AMBARLI-TURKEY,18/09/2025,COLOMBO TRADER,18/07/2025,NA,SOB,23/09/2025,55,,,,10/09/2025,,,,,
57,MNBU0323563,NHAVA SHEVA-GTIL,POTI-GEORGIA,IFF INDIA,MAERSK,720955017,720955017,20/07/2025,MAERSK HERRERA 528W,04/09/2025,AMBARLI-TURKEY,11/09/2025,LEYLA KALKAVAN,20/07/2025,NA,SOB,16/09/2025,53,,,,11/09/2025,,,,,
58,MNBU9103826,NHAVA SHEVA-GTIL,POTI-GEORGIA,IFF INDIA,MAERSK,720959454,720959454,20/07/2025,MAERSK HERRERA 528W,04/09/2025,AMBARLI-TURKEY,11/09/2025,LEYLA KALKAVAN,20/07/2025,NA,SOB,16/09/2025,53,,,,11/09/2025,,,,,
59,MNBU4417249,NHAVA SHEVA-GTIL,POTI-GEORGIA,IFF INDIA,MAERSK,720956996,720956996,20/07/2025,MAERSK HERRERA 528W,04/09/2025,AMBARLI-TURKEY,11/09/2025,LEYLA KALKAVAN,20/07/2025,NA,SOB,16/09/2025,53,,,,11/09/2025,,,,,
60,MNBU4339022,NHAVA SHEVA-GTIL,POTI-GEORGIA,IFF INDIA,MAERSK,720959454,720959454,20/07/2025,MAERSK HERRERA 528W,04/09/2025,AMBARLI-TURKEY,11/09/2025,LEYLA KALKAVAN,20/07/2025,NA,SOB,16/09/2025,53,,,,11/09/2025,,,,,
61,MNBU0537349,MUNDRA,DAKAR-SENEGAL,AL-NASIR,MAERSK,720957006,720957006,20/07/2025,MAERSK CONAKRY 529W,15/08/2025,TEMA-GHANA,03/09/2025,MAERSK INCHEON,20/07/2025,NA,SOB,09/09/2025,53,,,,10/09/2025,,,,mail sent to line,
62,MNBU3712065,MUNDRA,DAKAR-SENEGAL,AL-NASIR,MAERSK,720959236,720959236,20/07/2025,MAERSK CONAKRY,15/08/2025,TEMA-GHANA,03/09/2025,MAERSK INCHEON,20/07/2025,NA,SOB,09/09/2025,53,,,,10/09/2025,,,,mail sent to line,
63,MNBU3706838,MUNDRA,DAKAR-SENEGAL,AL-NASIR,MAERSK,720962010,720962010,20/07/2025,MAERSK CONAKRY 529W,15/08/2025,TEMA-GHANA,03/09/2025,MAERSK INCHEON,20/07/2025,NA,SOB,09/09/2025,53,,,,10/09/2025,,,,mail sent to line,
64,MNBU3358590,MUNDRA,DAKAR-SENEGAL,INTERNATIONAL,MAERSK,256525600,256525600,20/07/2025,MAERSK CONAKRY 529W,15/08/2025,TEMA-GHANA,03/09/2025,MAERSK INCHEON,20/07/2025,NA,SOB,09/09/2025,53,,,,10/09/2025,,,,mail sent to line,
65,MNBU3184899,MUNDRA,BEIRA-MOZAMBIQUE,INTERNATIONAL,MAERSK,256874097,256874097,23/07/2025,MAERSK HAMBURG 529W,15/08/2025,REUNION-FRANCE,28/08/2025,RDO LIBERTY,23/07/2025,NA,SOB,11/09/2025,50,,,,11/09/2025,,,,,
66,MNBU3315134,NHAVA SHEVA-NSICT,DAKAR-SENEGAL,AL-NASIR,MAERSK,720966937,720966937,23/07/2025,MAERSK FLORENCE 529W,18/08/2025,TEMA-GHANA,08/09/2025,GH MAESTRO,23/07/2025,NA,SOB,20/09/2025,50,,,,17/09/2025,,,,MAIL SENT TO LIN,
67,MNBU0301116,NHAVA SHEVA-NSICT,DAKAR-SENEGAL,INTERNATIONAL,MAERSK,720966936,720966936,23/07/2025,MAERSK FLORENCE 529W,18/08/2025,TEMA-GHANA,08/09/2025,GH MAESTRO,23/07/2025,NA,SOB,20/09/2025,50,,,,17/09/2025,,,,,
68,TRIU8969688,NHAVA SHEVA-BMCT,ABIDJAN-COTE D IVORE,AL-NASIR,CMA,CAD0823088,CAD0823088,23/07/2025,CSCL NEPTUNE 0PECRW1MA,23/08/2025,TANGER MED-MOROCCO,31/08/2025,CMA CGM TOPAZ,23/07/2025,NA,SOB,13/09/2025,50,,,,13/09/2025,,,,,
69,MSCU7388358,MUNDRA - MDPT,ALEXANDRIA-EGYPT,IFF INDIA,MSC,EBKG13439317,MEDUOO630828,25/07/2025,MSC BERYL IS526A,08/09/2025,PIRAEUS-GREECE,09/09/2025,MSC MARYLENA,25/07/2025,NA,SOB,10/09/2025,48,,,,09/09/2025,,,,,
70,CRLU1196012,MUNDRA - MDPT,ALEXANDRIA-EGYPT,IFF INDIA,MSC,EBKG13439283,MEDUOO630869,25/07/2025,MSC BERYL IS526A,08/09/2025,PIRAEUS-GREECE,09/09/2025,MSC MARYLENA,25/07/2025,NA,SOB,11/09/2025,48,,,,11/09/2025,,,,,
71,TRIU8849738,MUNDRA,ALEXANDRIA-EGYPT,IFF INDIA,MSC,EBKG13474011,MEDUOO673430,25/07/2025,MSC BERYL IS526A,08/09/2025,PIRAEUS-GREECE,09/09/2025,MSC MARYLENA,25/07/2025,NA,SOB,11/09/2025,48,,,,11/09/2025,,,,,
72,CRLU1178030,MUNDRA - MDPT,ALEXANDRIA-EGYPT,IFF INDIA,MSC,EBKG13439316,MEDUOO630893,25/07/2025,MSC BERYL IS526A,08/09/2025,PIRAEUS-GREECE,09/09/2025,MSC MARYLENA,25/07/2025,NA,SOB,11/09/2025,48,,,,11/09/2025,,,,,
73,CRSU6067374,MUNDRA - MDPT,ALEXANDRIA-EGYPT,IFF INDIA,MSC,EBKG13439283,MEDUOO630869,25/07/2025,MSC BERYL IS526A,08/09/2025,PIRAEUS-GREECE,09/09/2025,MSC MARYLENA,25/07/2025,NA,SOB,11/09/2025,48,,,,11/09/2025,,,,,
74,MNBU9042802,NHAVA SHEVA-BMCT,DAKAR-SENEGAL,INTERNATIONAL,MAERSK,720972014,720972014,29/07/2025,DYROS 530W,27/08/2025,TEMA-GHANA,08/09/2025,MAERSK DANUBE,29/07/2025,NA,SOB,13/09/2025,44,,,,08/09/2025,,,,,
75,MNBU4532113,NHAVA SHEVA-BMCT,DAKAR-SENEGAL,AL-NASIR,MAERSK,720975444,720975444,29/07/2025,DYROS 530W,27/08/2025,TEMA-GHANA,10/09/2025,MAERSK DANUBE,29/07/2025,NA,SOB,15/09/2025,44,,,,10/09/2025,,,,,
76,MMAU1154828,NHAVA SHEVA-BMCT,DAKAR-SENEGAL,AL-NASIR,MAERSK,720972015,720972015,29/07/2025,DYROS 530W,27/08/2025,TEMA-GHANA,10/09/2025,MAERSK DANUBE,29/07/2025,NA,SOB,15/09/2025,44,,,,10/09/2025,,,,,
77,SUDU8237364,NHAVA SHEVA-BMCT,CONAKRY-GUINEA,INTERNATIONAL,MAERSK,720975440,720975440,29/07/2025,DYROS 530W,12/09/2025,FREETOWN-SIERRA LEONE,14/09/2025,ZEBRA,29/07/2025,NA,SOB,28/09/2025,44,,,,12/09/2025,,,,,
78,MNBU3650826,MUNDRA,POTI-GEORGIA,IFF INDIA,MAERSK,720982970,720982970,30/07/2025,ANGELICA MAERSK 530W,07/09/2025,PORT SAID EAST-EGYPT,12/09/2025,NEW YORK EXPRESS,30/07/2025,NA,SOB,29/09/2025,43,,,,12/09/2025,,,,,
79,MNBU4480581,MUNDRA,POTI-GEORGIA,IFF INDIA,MAERSK,720982970,720982970,30/07/2025,ANGELICA MAERSK 530W,07/09/2025,PORT SAID EAST-EGYPT,12/09/2025,NEW YORK EXPRESS,30/07/2025,NA,SOB,29/09/2025,43,,,,12/09/2025,,,,,
80,MSCU7327748,MUNDRA - MDPT,ALEXANDRIA-EGYPT,IFF INDIA,MSC,EBKG13439282,MEDUOO630745,31/07/2025,MSC GABON IS527A,09/09/2025,TEKIRDAG-TURKEY,15/09/2025,MSC RHIANNON,31/07/2025,NA,SOB,25/09/2025,42,,,,15/09/2025,,,,,
81,MEDU9156717,MUNDRA - MDPT,ALEXANDRIA-EGYPT,IFF INDIA,MSC,EBKG13439282,MEDUOO630745,31/07/2025,MSC GABON IS527A,09/09/2025,TEKIRDAG-TURKEY,15/09/2025,MSC RHIANNON,31/07/2025,NA,SOB,25/09/2025,42,,,,15/09/2025,,,,,
82,MSCU7305116,MUNDRA - MDPT,ALEXANDRIA-EGYPT,IFF INDIA,MSC,EBKG13484117,MEDUOO681417,31/07/2025,MSC GABON IS527A,09/09/2025,TEKIRDAG-TURKEY,15/09/2025,MSC RHIANNON,31/07/2025,NA,SOB,25/09/2025,42,,,,15/09/2025,,,,,
83,MSCU7485126,MUNDRA - MDPT,ALEXANDRIA-EGYPT,INTERNATIONAL,MSC,EBKG13546024,MEDUOO757571,31/07/2025,MSC GABON IS527A,08/09/2025,TEKIRDAG-TURKEY,13/09/2025,MSC RHIANNON,31/07/2025,NA,SOB,22/09/2025,42,,,,22/09/2025,,,,,
84,MNBU3001792,MUNDRA,DAKAR-SENEGAL,INTERNATIONAL,MAERSK,720985394,720985394,01/08/2025,MAERSK CABO VERDE 530W,27/08/2025,TEMA-GHANA,10/09/2025,MAERSK DANUBE,01/08/2025,NA,SOB,15/09/2025,41,,,,10/09/2025,,,,,
85,SUDU6289287,MUNDRA,DAKAR-SENEGAL,AL-NASIR,MAERSK,720982965,720982965,01/08/2025,MAERSK CABO VERDE 530W,27/08/2025,TEMA-GHANA,10/09/2025,MAERSK DANUBE,01/08/2025,NA,SOB,15/09/2025,41,,,,10/09/2025,,,,,
86,MNBU0104436,MUNDRA,DAKAR-SENEGAL,AL-NASIR,MAERSK,720982966,720982966,01/08/2025,MAERSK CABO VERDE 530W,27/08/2025,TEMA-GHANA,10/09/2025,MAERSK DANUBE,01/08/2025,NA,SOB,15/09/2025,41,,,,10/09/2025,,,,,
87,MNBU4236066,MUNDRA,DAKAR-SENEGAL,INTERNATIONAL,MAERSK,720982968,720982968,01/08/2025,MAERSK CABO VERDE 530W,27/08/2025,TEMA-GHANA,10/09/2025,MAERSK DANUBE,01/08/2025,NA,SOB,15/09/2025,41,,,,10/09/2025,,,,,
88,SZLU9887943,NHAVA SHEVA-BMCT,ABIDJAN-COTE D IVORE,AL HASSAN,CMA,CAD0821670,CAD0821670,02/08/2025,APL BARCELONA 0PECTW1MA,01/09/2025,TANGER MED-MOROCCO,09/09/2025,CMA CGM SAVANNAH,02/08/2025,NA,SOB,21/09/2025,40,,,,09/09/2025,,,,,
89,MNBU3382220,NHAVA SHEVA-GTIL,POTI-GEORGIA,IFF INDIA,MAERSK,720985379,720985379,04/08/2025,ANGELICA MAERSK 530W,07/09/2025,PORT SAID EAST-EGYPT,13/09/2025,NEW YORK EXPRESS,04/08/2025,NA,SOB,29/09/2025,38,,,,13/09/2025,,,,,
90,SUDU8010093,NHAVA SHEVA-GTIL,POTI-GEORGIA,IFF INDIA,MAERSK,720985380,720985380,04/08/2025,ANGELICA MAERSK 530W,07/09/2025,PORT SAID EAST-EGYPT,12/09/2025,NEW YORK EXPRESS,04/08/2025,NA,SOB,29/09/2025,38,,,,12/09/2025,,,,,
91,MNBU3246584,NHAVA SHEVA-GTIL,JEDDAH-SAUDI ARABIA,ARS AGRO,MAERSK,257525373,257525373,04/08/2025,ANGELICA MAERSK 530W,08/09/2025,PORT SAID EAST-EGYPT,11/09/2025,GSL TINOS,04/08/2025,NA,SOB,14/09/2025,38,,,,11/09/2025,,,,,
92,MNBU4174540,NHAVA SHEVA-GTIL,POTI-GEORGIA,IFF INDIA,MAERSK,720985379,720985379,04/08/2025,ANGELICA MAERSK 530W,07/09/2025,PORT SAID EAST-EGYPT,13/09/2025,NEW YORK EXPRESS,04/08/2025,NA,SOB,29/09/2025,38,,,,13/09/2025,,,,,
93,MNBU3821889,NHAVA SHEVA-GTIL,POTI-GEORGIA,IFF INDIA,MAERSK,720985379,720985379,04/08/2025,ANGELICA MAERSK 530W,07/09/2025,PORT SAID EAST-EGYPT,13/09/2025,NEW YORK EXPRESS,04/08/2025,NA,SOB,29/09/2025,38,,,,13/09/2025,,,,,
94,MNBU3381671,MUNDRA - MDPT,LIBREVILLE-GABON,HMA,MAERSK,257076441,257076441,05/08/2025,CMA CGM MASAI MARA 531W,26/08/2025,POINTE NOIRE-CONGO,10/09/2025,GFS RUBY,05/08/2025,NA,SOB,15/09/2025,37,,,,10/09/2025,,,,,
95,MNBU4208763,MUNDRA - MDPT,LIBREVILLE-GABON,AL AAYAT,MAERSK,256873426,256873426,05/08/2025,CMA CGM MASAI MARA 531W,26/08/2025,POINTE NOIRE-CONGO,10/09/2025,GFS RUBY,05/08/2025,NA,SOB,15/09/2025,37,,,,10/09/2025,,,,,
96,MNBU3405731,MUNDRA,DAKAR-SENEGAL,AL-NASIR,MAERSK,257525651,257525651,05/08/2025,RDO GRACE 531W,29/08/2025,TEMA-GHANA,09/09/2025,MAERSK DANUBE,05/08/2025,NA,SOB,13/09/2025,37,,,,08/09/2025,,,,,
97,MMAU1165756,MUNDRA,ABIDJAN-COTE D IVORE,INTERNATIONAL,MAERSK,257590608,257590608,05/08/2025,RDO GRACE 531W,10/09/2025,COTONOU-NIGERIA,21/08/2025,MAERSK VISBY,05/08/2025,NA,SOB,25/09/2025,37,,,,10/09/2025,,,,,
98,CGMU5135233,NHAVA SHEVA-NSICT,LUANDA-ANGOLA,HMA,CMA,CAD0825514,CAD0825514,06/08/2025,CMA CGM MASAI MARA 0MSMGW1MA,26/08/2025,POINTE NOIRE-CONGO,28/08/2025,COSCO KOREA,06/08/2025,NA,SOB,12/09/2025,36,,,,12/09/2025,,,,,
99,SUDU8192676,NHAVA SHEVA-GTIL,POTI-GEORGIA,IFF INDIA,MAERSK,720985916,720985916,07/08/2025,BALTIMORE EXPRESS 531W,04/09/2025,TANGER MED-MOROCCO,10/09/2025,GSL SYROS,07/08/2025,NA,SOB,06/10/2025,35,,,,10/09/2025,,,,,
100,MNBU3610783,NHAVA SHEVA-GTIL,POTI-GEORGIA,IFF INDIA,MAERSK,720985916,720985916,07/08/2025,BALTIMORE EXPRESS 531W,04/09/2025,TANGER MED-MOROCCO,10/09/2025,GSL SYROS,07/08/2025,NA,SOB,06/10/2025,35,,,,10/09/2025,,,,,
101,MNBU0333670,MUNDRA,PORT SAID WEST-EGYPT,AL-NASIR,MAERSK,257540986,257540986,07/08/2025,MAERSK HUACHO 531W,07/09/2025,PORT SAID EAST-EGYPT,21/09/2025,EGY CROWN,07/08/2025,NA,SOB,22/09/2025,35,,,,06/09/2025,,,,,
102,ARKU5029693,MUNDRA - MDPT,POTI-GEORGIA,MIRHA,ARKAS LINE,MUN042592615,MUN042592615,09/08/2025,TURKON RIZE IMS14W25,25/08/2025,MARPORT-TURKEY,08/09/2025,TOMRIZ A,09/08/2025,NA,SOB,13/09/2025,33,,,,13/09/2025,,,,,
103,GESU9167251,MUNDRA - MDPT,ALEXANDRIA-EGYPT,IFF INDIA,MSC,EBKG13661142,MEDUOO917720,09/08/2025,MSC PALERMO IS529A,25/09/2025,GIOIA TAURO-ITALY,27/09/2025,MSC ANDRIANA,09/08/2025,NA,SOB,03/10/2025,33,,,,17/09/2025,,,,,
104,TTNU8280694,MUNDRA - MDPT,MALABO-GUINEA,HMA,CMA,CAD0825249,CAD0825249,10/08/2025,CMA CGM URAL 0MXNJW1MA,08/09/2025,LE HAVERE-FRANCE,16/09/2025,ATLANTICA PIONEER,10/08/2025,NA,SOB,08/10/2025,32,,,,28/09/2025,,,,,
105,MMAU1214104,MUNDRA,BEIRA-MOZAMBIQUE,INTERNATIONAL,MAERSK,257788557,257788557,10/08/2025,X-PRESS PHOENIX 532E,22/08/2025,SINGAPORE-SINGAPORE,30/08/2025,MERKUR HORIZON,10/08/2025,NA,SOB,22/09/2025,32,,,,12/09/2025,,,,,
106,GESU9585420,MUNDRA - MDPT,BATA-GUINEA,HMA,CMA,CAD0825255,CAD0825255,10/08/2025,CMA CGM URAL 0MXNJW1MA,09/09/2025,VALENCIA-SPAIN,17/09/2025,ATLANTICA PIONEER,10/08/2025,NA,SOB,08/10/2025,32,,,,09/09/2025,,,,,
107,SUDU6241051,MUNDRA,DAKAR-SENEGAL,AL-NASIR,MAERSK,257710122,257710122,11/08/2025,MAERSK ZAMBEZI 532W,08/09/2025,TEMA-GHANA,17/09/2025,BOSTON,11/08/2025,NA,SOB,23/09/2025,31,,,,17/09/2025,,,,,
108,MNBU3780943,MUNDRA,LIBREVILLE-GABON,MIRHA,MAERSK,257590748,257590748,11/08/2025,MAERSK ZAMBEZI 532W,01/09/2025,POINTE NOIRE-CONGO,10/09/2025,GFS RUBY,11/08/2025,NA,SOB,15/09/2025,31,,,,10/09/2025,,,,,
109,MNBU3655366,MUNDRA,DAKAR-SENEGAL,AL-NASIR,MAERSK,257710104,257710104,11/08/2025,MAERSK ZAMBEZI 532W,08/09/2025,TEMA-GHANA,17/09/2025,BOSTON,11/08/2025,NA,SOB,23/09/2025,31,,,,17/09/2025,,,,,
110,TTNU8232633,NHAVA SHEVA-BMCT,ABIDJAN-COTE D IVORE,AL-NASIR,CMA,CAD0826748,CAD0826748,13/08/2025,CMA CGM THALASSA 0PECZW1MA,12/09/2025,TANGER MED-MOROCCO,15/09/2025,ANL WYONG,13/08/2025,NA,SOB,27/09/2025,29,,,,12/09/2025,,,,,
111,SEGU9408693,NHAVA SHEVA-NSICT,LUANDA-ANGOLA,HMA,CMA,CAD0826487,CAD0826487,13/08/2025,MAERSK ZAMBEZI 0MSMIW1MA,01/09/2025,POINTE NOIRE-CONGO,05/09/2025,TYNDALL,13/08/2025,NA,SOB,14/09/2025,29,,,,14/09/2025,,,,,
112,TTNU8250200,NHAVA SHEVA-NSICT,LUANDA-ANGOLA,HMA,CMA,CAD0827145,CAD0827145,13/08/2025,MAERSK ZAMBEZI 0MSMIW1MA,01/09/2025,POINTE NOIRE-CONGO,05/09/2025,TYNDALL,13/08/2025,NA,SOB,14/09/2025,29,,,,14/09/2025,,,,,
113,CXRU1607020,NHAVA SHEVA-NSICT,MATADI-CONGO,HMA,CMA,CAD0826335,CAD0826335,13/08/2025,MAERSK ZAMBEZI 0MSMIW1MA,01/09/2025,POINTE NOIRE-CONGO,10/09/2025,SC PHOENIX,13/08/2025,NA,SOB,16/10/2025,29,,,,10/09/2025,,,,,
114,TTNU8282275,NHAVA SHEVA-NSICT,LUANDA-ANGOLA,HMA,CMA,CAD0825364,CAD0825364,13/08/2025,MAERSK ZAMBEZI 0MSMIW1MA,01/09/2025,POINTE NOIRE-CONGO,05/09/2025,TYNDALL,13/08/2025,NA,SOB,14/09/2025,29,,,,14/09/2025,,,,,
115,CGMU5080969,NHAVA SHEVA-BMCT,ABIDJAN-COTE D IVORE,AL HASSAN,CMA,CAD0825275,CAD0825275,13/08/2025,CMA CGM THALASSA 0PECZW1MA,12/09/2025,TANGER MED-MOROCCO,15/09/2025,ANL WYONG,13/08/2025,NA,SOB,27/09/2025,29,,,,12/09/2025,,,,,
116,BMOU9806452,NHAVA SHEVA-BMCT,ABIDJAN-COTE D IVORE,AL HASSAN,CMA,CAD0825276,CAD0825276,13/08/2025,CMA CGM THALASSA 0PECZW1MA,12/09/2025,TANGER MED-MOROCCO,15/09/2025,ANL WYONG,13/08/2025,NA,SOB,27/09/2025,29,,,,12/09/2025,,,,,
117,MNBU3856020,MUNDRA,PORT SAID WEST-EGYPT,AL-NASIR,MAERSK,257881059,257881059,13/08/2025,A. P. MOLLER 532W,07/09/2025,PORT SAID EAST-EGYPT,21/09/2025,EGY CROWN,13/08/2025,NA,SOB,22/09/2025,29,,,,08/09/2025,,,,,
118,MNBU3326170,MUNDRA,AL KHOMS-LIBYA,IFF INDIA,MAERSK,721001533,721001533,13/08/2025,A. P. MOLLER 532W,22/09/2025,PORT SAID EAST-EGYPT,28/09/2025,SAFEEN PRESTIGE,13/08/2025,NA,SOB,05/10/2025,29,,,,14/09/2025,,,,,
119,MNBU0437062,MUNDRA,AL KHOMS-LIBYA,IFF INDIA,MAERSK,721001534,721001534,13/08/2025,A. P. MOLLER 532W,22/09/2025,PORT SAID EAST-EGYPT,28/09/2025,SAFEEN PRESTIGE,13/08/2025,NA,SOB,05/10/2025,29,,,,14/09/2025,,,,,
120,MNBU9005054,MUNDRA,AL KHOMS-LIBYA,IFF INDIA,MAERSK,721001535,721001535,13/08/2025,A. P. MOLLER 532W,22/09/2025,PORT SAID EAST-EGYPT,28/09/2025,SAFEEN PRESTIGE,13/08/2025,NA,SOB,05/10/2025,29,,,,14/09/2025,,,,,
121,MNBU3974105,MUNDRA,AL KHOMS-LIBYA,IFF INDIA,MAERSK,721001532,721001532,13/08/2025,A. P. MOLLER 532W,22/09/2025,PORT SAID EAST-EGYPT,28/09/2025,SAFEEN PRESTIGE,13/08/2025,NA,SOB,05/10/2025,29,,,,14/09/2025,,,,,
122,TEMU9437574,NHAVA SHEVA-BMCT,DAKAR-SENEGAL,AL-NASIR,CMA,CAD0826343,CAD0826343,13/08/2025,CMA CGM THALASSA 0PECZW1MA,12/09/2025,TANGER MED-MOROCCO,15/09/2025,ANL WYONG,13/08/2025,NA,SOB,21/09/2025,29,,,,12/09/2025,,,,,
123,TTNU8038628,NHAVA SHEVA-BMCT,DAKAR-SENEGAL,AL-NASIR,CMA,CAD0826339,CAD0826339,13/08/2025,CMA CGM THALASSA 0PECZW1MA,12/09/2025,TANGER MED-MOROCCO,15/09/2025,ANL WYONG,13/08/2025,NA,SOB,21/09/2025,29,,,,12/09/2025,,,,,
124,SUDU8193646,NHAVA SHEVA-GTIL,POTI-GEORGIA,IFF INDIA,MAERSK,257555066,257555066,14/08/2025,ALULA EXPRESS 532W,12/09/2025,TANGER MED-MOROCCO,16/09/2025,LOUIS MAERSK,14/08/2025,NA,SOB,07/10/2025,28,,,,12/09/2025,,,,,
125,MNBU3459635,NHAVA SHEVA-GTIL,POTI-GEORGIA,IFF INDIA,MAERSK,257555419,257555419,14/08/2025,ALULA EXPRESS 532W,12/09/2025,TANGER MED-MOROCCO,16/09/2025,LOUIS MAERSK,14/08/2025,NA,SOB,07/10/2025,28,,,,12/09/2025,,,,,
126,OTPU6197937,NHAVA SHEVA-NSICT,ALEXANDRIA-EGYPT,IFF INDIA,WAN HAI,204FX05399,204FX05399,14/08/2025,SSL BRAHMAPUTRA W928,26/08/2025,JEDDAH-SAUDI ARABIA,10/09/2025,WAN HAI 311,14/08/2025,NA,SOB,18/09/2025,28,,,,10/09/2025,,,,,
127,SEGU9703092,NHAVA SHEVA-NSICT,ALEXANDRIA-EGYPT,IFF INDIA,WAN HAI,204FX05399,204FX05399,14/08/2025,SSL BRAHMAPUTRA W928,26/08/2025,JEDDAH-SAUDI ARABIA,10/09/2025,WAN HAI 311,14/08/2025,NA,SOB,18/09/2025,28,,,,10/09/2025,,,,,
128,SUDU6157254,NHAVA SHEVA-GTIL,POTI-GEORGIA,IFF INDIA,MAERSK,257555066,257555066,14/08/2025,ALULA EXPRESS 532W,12/09/2025,TANGER MED-MOROCCO,16/09/2025,LOUIS MAERSK,14/08/2025,NA,SOB,07/10/2025,28,,,,12/09/2025,,,,,
129,EMCU5549264,MUNDRA - MDPT,CEBU-PHILIPPINES,AL AMMAR,EVERGREEN,102500070893,EGLV102500070893,15/08/2025,KOTA MANZANILLO 021E,02/09/2025,KAOHSIUNG-TAIWAN,09/09/2025,EVER CONCISE,15/08/2025,NA,SOB,12/09/2025,27,,,,09/09/2025,,,,,
130,EMCU5624012,MUNDRA - MDPT,CEBU-PHILIPPINES,AL AMMAR,EVERGREEN,102500072471,EGLV102500072471,15/08/2025,KOTA MANZANILLO 021E,02/09/2025,KAOHSIUNG-TAIWAN,09/09/2025,EVER CONCISE,15/08/2025,NA,SOB,12/09/2025,27,,,,09/09/2025,,,,,
131,EMCU5670316,MUNDRA - MDPT,CEBU-PHILIPPINES,AL AMMAR,EVERGREEN,102500070885,EGLV102500070885,15/08/2025,KOTA MANZANILLO 021E,02/09/2025,KAOHSIUNG-TAIWAN,09/09/2025,EVER CONCISE,15/08/2025,NA,SOB,12/09/2025,27,,,,09/09/2025,,,,,
132,EMCU5694848,MUNDRA - MDPT,CEBU-PHILIPPINES,AL AMMAR,EVERGREEN,102500070877,EGLV102500070877,15/08/2025,KOTA MANZANILLO 021E,02/09/2025,KAOHSIUNG-TAIWAN,09/09/2025,EVER CONCISE,15/08/2025,NA,SOB,12/09/2025,27,,,,09/09/2025,,,,,
133,OOLU6254123,NHAVA SHEVA-NSFT,CAT LAI-VIETNAM,AL HASSAN,OOCL,2763217990,OOLU2763217990,16/08/2025,HYUNDAI BUSAN 004E,31/08/2025,SINGAPORE-SINGAPORE,07/09/2025,BALTRUM,16/08/2025,NA,SOB,10/09/2025,26,,,,10/09/2025,,,,,
134,MNBU0207352,NHAVA SHEVA-GTIL,ALEXANDRIA-EGYPT,HMA,MAERSK,721006102,721006102,17/08/2025,A. P. MOLLER 532W,07/09/2025,PORT SAID EAST-EGYPT,12/09/2025,EGY CROWN,17/08/2025,NA,SOB,13/09/2025,25,,,,12/09/2025,,,,,
135,OTPU6193720,NHAVA SHEVA-NSIGT,CAT LAI-VIETNAM,MKEEN INTERNATIONAL,WAN HAI,204FX05672,204FX05672,17/08/2025,WAN HAI 627 E025,29/08/2025,PORT KLANG NORTH-MALAYSIA,14/09/2025,WAN HAI 326,17/08/2025,NA,SOB,16/09/2025,25,,,,14/09/2025,,,,,
136,MNBU3500410,NHAVA SHEVA-GTIL,ALEXANDRIA-EGYPT,HMA,MAERSK,721006102,721006102,17/08/2025,A. P. MOLLER 532W,07/09/2025,PORT SAID EAST-EGYPT,12/09/2025,EGY CROWN,17/08/2025,NA,SOB,13/09/2025,25,,,,12/09/2025,,,,,
137,MNBU3558690,NHAVA SHEVA-GTIL,ALEXANDRIA-EGYPT,HMA,MAERSK,721006102,721006102,17/08/2025,A. P. MOLLER 532W,07/09/2025,PORT SAID EAST-EGYPT,12/09/2025,EGY CROWN,17/08/2025,NA,SOB,13/09/2025,25,,,,12/09/2025,,,,,
138,MNBU3602535,NHAVA SHEVA-GTIL,ALEXANDRIA-EGYPT,HMA,MAERSK,721006094,721006094,17/08/2025,A. P. MOLLER 532W,07/09/2025,PORT SAID EAST-EGYPT,12/09/2025,EGY CROWN,17/08/2025,NA,SOB,13/09/2025,25,,,,12/09/2025,,,,,
139,MSCU7397956,MUNDRA - MDPT,ALEXANDRIA-EGYPT,INTERNATIONAL,MSC,EBKG13712070,MEDUKD009974,17/08/2025,MSC CAPELLA IS530A,25/09/2025,GIOIA TAURO-ITALY,,PENDING,17/08/2025,NA,SOB,28/09/2025,25,,,,17/09/2025,,,,,
140,FBIU5385177,NHAVA SHEVA-NSIGT,HAIPHONG-VIETNAM,AL-AALI,WAN HAI,204FX05671,204FX05671,17/08/2025,WAN HAI 627 E025,29/08/2025,PORT KLANG NORTH-MALAYSIA,02/09/2025,OOCL CHARLESTON,17/08/2025,NA,SOB,09/09/2025,25,,,,09/09/2025,,,,,
141,MWCU5330633,NHAVA SHEVA-GTIL,PORT SAID WEST-EGYPT,AL-NASIR,MAERSK,721006093,721006093,17/08/2025,A. P. MOLLER 532W,07/09/2025,PORT SAID EAST-EGYPT,21/09/2025,EGY CROWN,17/08/2025,NA,SOB,22/09/2025,25,,,,08/09/2025,,,,,
142,MNBU3250157,NHAVA SHEVA-GTIL,POTI-GEORGIA,IFF INDIA,MAERSK,721006127,721006127,17/08/2025,A. P. MOLLER 532W,13/09/2025,TANGER MED-MOROCCO,19/09/2025,MAERSK BROWNSVILLE,17/08/2025,NA,SOB,14/10/2025,25,,,,13/09/2025,,,,,
143,MNBU3971960,NHAVA SHEVA-GTIL,POTI-GEORGIA,IFF INDIA,MAERSK,721006091,721006091,17/08/2025,A. P. MOLLER 532W,13/09/2025,TANGER MED-MOROCCO,19/09/2025,MAERSK BROWNSVILLE,17/08/2025,NA,SOB,14/10/2025,25,,,,13/09/2025,,,,,
144,MNBU3125941,NHAVA SHEVA-GTIL,POTI-GEORGIA,IFF INDIA,MAERSK,721010915,721010915,17/08/2025,A. P. MOLLER 532W,13/09/2025,TANGER MED-MOROCCO,19/09/2025,MAERSK BROWNSVILLE,17/08/2025,NA,SOB,14/10/2025,25,,,,13/09/2025,,,,,
145,MNBU0156086,NHAVA SHEVA-GTIL,POTI-GEORGIA,IFF INDIA,MAERSK,721006091,721006091,17/08/2025,A. P. MOLLER 532W,13/09/2025,TANGER MED-MOROCCO,19/09/2025,MAERSK BROWNSVILLE,17/08/2025,NA,SOB,14/10/2025,25,,,,13/09/2025,,,,,
146,MNBU4129345,NHAVA SHEVA-GTIL,POTI-GEORGIA,IFF INDIA,MAERSK,721010915,721010915,17/08/2025,A. P. MOLLER 532W,13/09/2025,TANGER MED-MOROCCO,19/09/2025,MAERSK BROWNSVILLE,17/08/2025,NA,SOB,14/10/2025,25,,,,13/09/2025,,,,,
147,MNBU0433426,NHAVA SHEVA-GTIL,POTI-GEORGIA,IFF INDIA,MAERSK,721006127,721006127,17/08/2025,A. P. MOLLER 532W,13/09/2025,TANGER MED-MOROCCO,19/09/2025,MAERSK BROWNSVILLE,17/08/2025,NA,SOB,14/10/2025,25,,,,13/09/2025,,,,,
148,SUDU8144913,NHAVA SHEVA-GTIL,ALEXANDRIA-EGYPT,IFF INDIA,MAERSK,721008411,721008411,17/08/2025,A. P. MOLLER 532W,07/09/2025,PORT SAID EAST-EGYPT,12/09/2025,EGY CROWN,17/08/2025,NA,SOB,13/09/2025,25,,,,12/09/2025,,,,,
149,SEGU9755727,NHAVA SHEVA-NSIGT,HAIPHONG-VIETNAM,IFF INDIA,WAN HAI,204FX05615,204FX05615,17/08/2025,WAN HAI 627 E025,29/08/2025,PORT KLANG NORTH-MALAYSIA,02/09/2025,OOCL CHARLESTON,17/08/2025,NA,SOB,09/09/2025,25,,,,09/09/2025,,,,,
150,FBIU5119080,NHAVA SHEVA-NSIGT,CAT LAI-VIETNAM,IFF INDIA,WAN HAI,204FX05616,204FX05616,17/08/2025,WAN HAI 627 E025,29/08/2025,PORT KLANG NORTH-MALAYSIA,14/09/2025,WAN HAI 326,17/08/2025,NA,SOB,16/09/2025,25,,,,14/09/2025,,,,,
151,MNBU4158180,NHAVA SHEVA-GTIL,ALEXANDRIA-EGYPT,AL AMMAR,MAERSK,721006088,721006088,17/08/2025,A. P. MOLLER 532W,07/09/2025,PORT SAID EAST-EGYPT,12/09/2025,EGY CROWN,17/08/2025,NA,SOB,13/09/2025,25,,,,12/09/2025,,,,,
152,MNBU9065500,NHAVA SHEVA-GTIL,ALEXANDRIA-EGYPT,AL AMMAR,MAERSK,721008410,721008410,17/08/2025,A. P. MOLLER 532W,07/09/2025,PORT SAID EAST-EGYPT,12/09/2025,EGY CROWN,17/08/2025,NA,SOB,13/09/2025,25,,,,12/09/2025,,,,,
153,MNBU0465146,NHAVA SHEVA-GTIL,ALEXANDRIA-EGYPT,AL AMMAR,MAERSK,721006088,721006088,17/08/2025,A. P. MOLLER 532W,07/09/2025,PORT SAID EAST-EGYPT,12/09/2025,EGY CROWN,17/08/2025,NA,SOB,13/09/2025,25,,,,12/09/2025,,,,,
154,MNBU9052945,NHAVA SHEVA-GTIL,ALEXANDRIA-EGYPT,HMA,MAERSK,721006087,721006087,17/08/2025,A. P. MOLLER 532W,07/09/2025,PORT SAID EAST-EGYPT,12/09/2025,EGY CROWN,17/08/2025,NA,SOB,13/09/2025,25,,,,12/09/2025,,,,,
155,MNBU3483164,MUNDRA,MATADI-CONGO,HMA,MAERSK,258107868,258107868,18/08/2025,APL HOLLAND 533W,09/09/2025,POINTE NOIRE-CONGO,10/09/2025,SSF LYRA,18/08/2025,NA,SOB,14/09/2025,24,,,,10/09/2025,,,,,
156,OTPU6678589,NHAVA SHEVA-GTIL,CAT LAI-VIETNAM,IFF INDIA,WAN HAI,204FX05708,204FX05708,18/08/2025,INTERASIA INSPIRATION E064,27/08/2025,PORT KLANG NORTH-MALAYSIA,14/09/2025,WAN HAI 326,18/08/2025,NA,SOB,16/09/2025,24,,,,12/09/2025,,,,,
157,OTPU6247806,NHAVA SHEVA-GTIL,PHUOC LONG-VIETNAM,IFF INDIA,WAN HAI,204FX05747,204FX05747,18/08/2025,INTERASIA INSPIRATION E064,27/08/2025,PORT KLANG NORTH-MALAYSIA,14/09/2025,WAN HAI 326,18/08/2025,NA,SOB,17/09/2025,24,,,,12/09/2025,,,,,
158,FBIU5327993,NHAVA SHEVA-GTIL,CAT LAI-VIETNAM,AL-NASIR,WAN HAI,204FX05748,204FX05748,18/08/2025,INTERASIA INSPIRATION E064,27/08/2025,PORT KLANG NORTH-MALAYSIA,14/09/2025,WAN HAI 326,18/08/2025,NA,SOB,16/09/2025,24,,,,12/09/2025,,,,,
159,FSCU5923123,NHAVA SHEVA-GTIL,CAT LAI-VIETNAM,AL AAYAT,WAN HAI,204FX05749,204FX05749,18/08/2025,INTERASIA INSPIRATION E064,27/08/2025,PORT KLANG NORTH-MALAYSIA,14/09/2025,WAN HAI 326,18/08/2025,NA,SOB,16/09/2025,24,,,,12/09/2025,,,,,
160,SEKU9172410,NHAVA SHEVA-GTIL,CAT LAI-VIETNAM,MKEEN INTERNATIONAL,WAN HAI,204FX05673,204FX05673,18/08/2025,INTERASIA INSPIRATION E064,27/08/2025,PORT KLANG NORTH-MALAYSIA,14/09/2025,WAN HAI 326,18/08/2025,NA,SOB,16/09/2025,24,,,,12/09/2025,,,,,
161,SEGU9931744,NHAVA SHEVA-GTIL,CAT LAI-VIETNAM,AL-NASIR,WAN HAI,204FX05706,204FX05706,18/08/2025,INTERASIA INSPIRATION E064,27/08/2025,PORT KLANG NORTH-MALAYSIA,14/09/2025,WAN HAI 326,18/08/2025,NA,SOB,16/09/2025,24,,,,12/09/2025,,,,,
162,SEKU9083930,NHAVA SHEVA-GTIL,CAT LAI-VIETNAM,IFF INDIA,WAN HAI,204FX05707,204FX05707,18/08/2025,INTERASIA INSPIRATION E064,27/08/2025,PORT KLANG NORTH-MALAYSIA,14/09/2025,WAN HAI 326,18/08/2025,NA,SOB,16/09/2025,24,,,,12/09/2025,,,,,
163,TRIU8071786,NHAVA SHEVA-NSFT,DAR ES SALAM-TANZANIA,HMA,CMA,ANT1918649,ANT1918649,19/08/2025,SCI MUMBAI 02SLDS1MA,,,,direct,19/08/2025,ok,SOB,10/09/2025,23,,,,10/09/2025,,,,,
164,MNBU3517937,MUNDRA,ALEXANDRIA-EGYPT,HMA,MAERSK,721010924,721010924,20/08/2025,ALBERT MAERSK 533W,08/09/2025,PORT SAID EAST-EGYPT,12/09/2025,EGY CROWN,20/08/2025,ok,SOB,13/09/2025,22,,,,12/09/2025,,,,,
165,TTNU8756707,MUNDRA,AL KHOMS-LIBYA,IFF INDIA,MAERSK,721001973,721001973,20/08/2025,ALBERT MAERSK 533W,29/09/2025,PORT SAID EAST-EGYPT,05/10/2025,ATHENA,20/08/2025,VESSEL PLANNING CHANGED,SOB,12/10/2025,22,,,,17/09/2025,,,,,
166,MMAU1166259,MUNDRA,ALEXANDRIA-EGYPT,HMA,MAERSK,721010924,721010924,20/08/2025,ALBERT MAERSK 533W,08/09/2025,PORT SAID EAST-EGYPT,12/09/2025,EGY CROWN,20/08/2025,ok,SOB,13/09/2025,22,,,,12/09/2025,,,,,
167,MNBU4218566,MUNDRA,ALEXANDRIA-EGYPT,HMA,MAERSK,721010924,721010924,20/08/2025,ALBERT MAERSK 533W,08/09/2025,PORT SAID EAST-EGYPT,12/09/2025,EGY CROWN,20/08/2025,ok,SOB,13/09/2025,22,,,,12/09/2025,,,,,
168,TTNU8429005,NHAVA SHEVA-NSICT,MATADI-CONGO,HMA,CMA,CAD0828681,CAD0828681,21/08/2025,APL HOLLAND 0MSMKW1MA,09/09/2025,POINTE NOIRE-CONGO,20/09/2025,SC PHOENIX,21/08/2025,OK,SOB,26/09/2025,21,,,,16/09/2025,,,,,
169,MNBU4018758,NHAVA SHEVA-NSICT,POINTE NOIRE-CONGO,MIRHA,MAERSK,257602375,257602375,21/08/2025,APL HOLLAND 533W,,,,DIRECT,21/08/2025,OK,SOB,08/09/2025,21,,,,08/09/2025,,,,,
170,SEGU9856471,NHAVA SHEVA-GTIL,MANILA NORTH-PHILIPPINES,IFF INDIA,WAN HAI,204FX05855,204FX05855,21/08/2025,EVER ULYSSES E168,04/09/2025,KAOHSIUNG-TAIWAN,09/09/2025,SMOOTH SAILING,21/08/2025,ok,SOB,12/09/2025,21,,,,12/09/2025,,,,,
171,OTPU6667619,NHAVA SHEVA-GTIL,CAT LAI-VIETNAM,IFF INDIA,WAN HAI,204FX05856,204FX05856,21/08/2025,EVER ULYSSES E168,28/08/2025,PORT KLANG NORTH-MALAYSIA,14/09/2025,WAN HAI 326,21/08/2025,OK,SOB,16/09/2025,21,,,,12/09/2025,,,,,
172,SEGU9932859,NHAVA SHEVA-GTIL,CAT LAI-VIETNAM,AL-NASIR,WAN HAI,204FX05857,204FX05857,21/08/2025,EVER ULYSSES E168,28/08/2025,PORT KLANG NORTH-MALAYSIA,14/09/2025,WAN HAI 326,21/08/2025,ok,SOB,16/09/2025,21,,,,12/09/2025,,,,,
173,ARKU5012659,NHAVA SHEVA-BMCT,ALEXANDRIA-EGYPT,AL AMMAR,ARKAS LINE,NSA030222815,NSA030222815,21/08/2025,MARTHA A IMS15W25,,,,direct,21/08/2025,ok,SOB,09/09/2025,21,,,,09/09/2025,,,,,
174,ARKU5012860,NHAVA SHEVA-BMCT,ALEXANDRIA-EGYPT,AL AMMAR,ARKAS LINE,NSA084932844,NSA084932844,21/08/2025,MARTHA A IMS15W25,,,,direct,21/08/2025,ok,SOB,09/09/2025,21,,,,09/09/2025,,,,,
175,ARKU5004530,NHAVA SHEVA-BMCT,ALEXANDRIA-EGYPT,AL AMMAR,ARKAS LINE,NSA033943705,NSA033943705,21/08/2025,MARTHA A IMS15W25,,,,direct,21/08/2025,ok,SOB,09/09/2025,21,,,,09/09/2025,,,,,
176,ARKU5005990,NHAVA SHEVA-BMCT,ALEXANDRIA-EGYPT,AL AMMAR,ARKAS LINE,NSA030222815,NSA030222815,21/08/2025,MARTHA A IMS15W25,,,,direct,21/08/2025,ok,SOB,09/09/2025,21,,,,09/09/2025,,,,,
177,CGMU9314690,NHAVA SHEVA-BMCT,DAKAR-SENEGAL,AL-NASIR,CMA,CAD0828680,CAD0828680,22/08/2025,CMA CGM COLUMBA 0PED1W1MA,17/09/2025,TANGER MED-MOROCCO,23/09/2025,MONACO,22/08/2025,etd change,SOB,09/10/2025,20,,,,10/09/2025,,,,,
178,CGMU9388950,NHAVA SHEVA-BMCT,DAKAR-SENEGAL,HMA,CMA,CAD0826337,CAD0826337,22/08/2025,CMA CGM COLUMBA 0PED1W1MA,17/09/2025,TANGER MED-MOROCCO,23/09/2025,MONACO,22/08/2025,etd change,SOB,09/10/2025,20,,,,10/09/2025,,,,,
179,CGMU5178868,NHAVA SHEVA-BMCT,DAKAR-SENEGAL,HMA,CMA,CAD0826340,CAD0826340,22/08/2025,CMA CGM COLUMBA 0PED1W1MA,17/09/2025,TANGER MED-MOROCCO,23/09/2025,MONACO,22/08/2025,etd change,SOB,09/10/2025,20,,,,10/09/2025,,,,,
180,CGMU9401563,NHAVA SHEVA-BMCT,DAKAR-SENEGAL,INTERNATIONAL,CMA,CAD0826344,CAD0826344,22/08/2025,CMA CGM COLUMBA 0PED1W1MA,17/09/2025,TANGER MED-MOROCCO,23/09/2025,MONACO,22/08/2025,etd change,SOB,09/10/2025,20,,,,10/09/2025,,,,,
181,TRIU8974848,NHAVA SHEVA-BMCT,DAKAR-SENEGAL,INTERNATIONAL,CMA,CAD0828794,CAD0828794,22/08/2025,CMA CGM COLUMBA 0PED1W1MA,17/09/2025,TANGER MED-MOROCCO,23/09/2025,MONACO,22/08/2025,etd change,SOB,09/10/2025,20,,,,10/09/2025,,,,,
182,EMCU5434476,MUNDRA - MDPT,CAT LAI-VIETNAM,MIRHA,EVERGREEN,102500073795,EGLV102500073795,22/08/2025,EVER EAGLE 190E,01/09/2025,PORT KLANG WEST-MALAYSIA,10/09/2025,EVER OATH,22/08/2025,OK,SOB,12/09/2025,20,,,,10/09/2025,,,,,
183,CXRU1534011,NHAVA SHEVA-BMCT,DAKAR-SENEGAL,AL-NASIR,CMA,CAD0828682,CAD0828682,22/08/2025,CMA CGM COLUMBA 0PED1W1MA,17/09/2025,TANGER MED-MOROCCO,23/09/2025,MONACO,22/08/2025,etd change,SOB,09/10/2025,20,,,,10/09/2025,,,,,
184,SZLU9134852,NHAVA SHEVA-BMCT,DAKAR-SENEGAL,PURE,CMA,CAD0825274,CAD0825274,22/08/2025,CMA CGM COLUMBA 0PED1W1MA,17/09/2025,TANGER MED-MOROCCO,23/09/2025,MONACO,22/08/2025,etd change,SOB,09/10/2025,20,,,,10/09/2025,,,,,
185,TTNU8225845,NHAVA SHEVA-BMCT,DAKAR-SENEGAL,AL AMMAR,CMA,CAD0828790,,22/08/2025,CMA CGM COLUMBA 0PED1W1MA,17/09/2025,TANGER MED-MOROCCO,23/09/2025,MONACO,22/08/2025,etd change,SOB,09/10/2025,20,,,,10/09/2025,,,,,
186,CXRU1249879,NHAVA SHEVA-BMCT,DAKAR-SENEGAL,AL AAYAT,CMA,CAD0828796,CAD0828796,22/08/2025,CMA CGM COLUMBA 0PED1W1MA,17/09/2025,TANGER MED-MOROCCO,23/09/2025,MONACO,22/08/2025,etd change,SOB,09/10/2025,20,,,,10/09/2025,,,,,
187,CXRU1284530,NHAVA SHEVA-BMCT,DAKAR-SENEGAL,AL-NASIR,CMA,CAD0826341,CAD0826341,22/08/2025,CMA CGM COLUMBA 0PED1W1MA,17/09/2025,TANGER MED-MOROCCO,23/09/2025,MONACO,22/08/2025,etd change,SOB,09/10/2025,20,,,,10/09/2025,,,,,
188,BMOU9615754,NHAVA SHEVA-BMCT,DAKAR-SENEGAL,AL-NASIR,CMA,CAD0826336,CAD0826336,22/08/2025,CMA CGM COLUMBA 0PED1W1MA,17/09/2025,TANGER MED-MOROCCO,23/09/2025,MONACO,22/08/2025,etd change,SOB,09/10/2025,20,,,,10/09/2025,,,,,
189,EMCU5630437,MUNDRA - MDPT,CAT LAI-VIETNAM,MIRHA,EVERGREEN,102500072862,EGLV102500072862,22/08/2025,EVER EAGLE 190E,01/09/2025,PORT KLANG WEST-MALAYSIA,10/09/2025,EVER OATH,22/08/2025,ok,SOB,12/09/2025,20,,,,10/09/2025,,,,,
190,ARKU5004669,MUNDRA - MDPT,BEIRUT-LEBANON,AL-NASIR,ARKAS LINE,MUN093739507,MUN093739507,23/08/2025,MARTHA A IMS15W25,03/09/2025,ALEXANDRIA-EGYPT,07/09/2025,CINZIA A,23/08/2025,ETD CHANGE,SOB,08/09/2025,19,,,,03/09/2025,,,,,
191,ARKU5002202,MUNDRA - MDPT,BEIRUT-LEBANON,AL-NASIR,ARKAS LINE,MUN036537526,MUN036537526,23/08/2025,MARTHA A IMS15W25,03/09/2025,ALEXANDRIA-EGYPT,07/09/2025,CINZIA A,23/08/2025,ETD CHANGE,SOB,08/09/2025,19,,,,03/09/2025,,,,,
192,EMCU5553351,NHAVA SHEVA-GTIL,CEBU-PHILIPPINES,IFF INDIA,EVERGREEN,102500072853,EGLV102500072853,23/08/2025,WAN HAI 516 E087,09/09/2025,KAOHSIUNG-TAIWAN,15/09/2025,EVER CONNECT 2042-059S,23/08/2025,ok,SOB,19/09/2025,19,,,,15/09/2025,,,,,
193,FBIU5119259,MUNDRA - MDPT,HAIPHONG-VIETNAM,AL-NASIR,WAN HAI,204FX05799,204FX05799,23/08/2025,WAN HAI 627 E025,29/08/2025,PORT KLANG NORTH-MALAYSIA,02/09/2025,OOCL CHARLESTON,23/08/2025,ETD CHANGED,SOB,09/09/2025,19,,,,09/09/2025,,,,,
194,EMCU5629441,NHAVA SHEVA-GTIL,CEBU-PHILIPPINES,IFF INDIA,EVERGREEN,102500073396,EGLV102500073396,23/08/2025,WAN HAI 516 E087,09/09/2025,KAOHSIUNG-TAIWAN,15/09/2025,EVER CONNECT 2042-059S,23/08/2025,ok,SOB,19/09/2025,19,,,,15/09/2025,,,,,
195,OTPU6201699,MUNDRA - MDPT,PHUOC LONG-VIETNAM,IFF INDIA,WAN HAI,204FX05798,204FX05798,23/08/2025,WAN HAI 627 E025,29/08/2025,PORT KLANG NORTH-MALAYSIA,16/09/2025,WAN HAI 326,23/08/2025,ETD CHANGED,SOB,17/09/2025,19,,,,12/09/2025,,,,,
196,EMCU5662500,NHAVA SHEVA-GTIL,CEBU-PHILIPPINES,AL AMMAR,EVERGREEN,102500072845,EGLV102500072845,23/08/2025,WAN HAI 516 E087,09/09/2025,KAOHSIUNG-TAIWAN,15/09/2025,EVER CONNECT 2042-059S,23/08/2025,ok,SOB,19/09/2025,19,,,,15/09/2025,,,,,
197,EGSU5055147,NHAVA SHEVA-GTIL,CEBU-PHILIPPINES,IFF INDIA,EVERGREEN,102500074465,EGLV102500074465,23/08/2025,WAN HAI 516 E087,09/09/2025,KAOHSIUNG-TAIWAN,15/09/2025,EVER CONNECT 2042-059S,23/08/2025,ok,SOB,19/09/2025,19,,,,15/09/2025,,,,,
198,OOLU6290305,NHAVA SHEVA-BMCT,CAT LAI-VIETNAM,AL-NASIR,OOCL,2764158812,OOLU2764158812,24/08/2025,XIN BEIJING 154E,12/09/2025,SINGAPORE-SINGAPORE,18/09/2025,BALTRUM,24/08/2025,OK,SOB,21/09/2025,18,,,,12/09/2025,,,,,
199,OOLU6497294,NHAVA SHEVA-BMCT,CAT LAI-VIETNAM,AL-NASIR,OOCL,2764158814,OOLU2764158814,24/08/2025,XIN BEIJING 154E,12/09/2025,SINGAPORE-SINGAPORE,18/09/2025,BALTRUM,24/08/2025,OK,SOB,21/09/2025,18,,,,12/09/2025,,,,,
200,TRLU1676825,KANDLA,BANDAR ABBAS-IRAN,IFF INDIA,GOODRICH,BALDEL2500326,BLTDER25000074,25/08/2025,KASHAN 1361,,,,direct,25/08/2025,ok,SOB,10/09/2025,17,,,,10/09/2025,,,,,
201,TCLU1225550,KANDLA,BANDAR ABBAS-IRAN,IFF INDIA,GOODRICH,BALDEL2500326,BLTDER25000074,25/08/2025,KASHAN 1361,,,,direct,25/08/2025,OK,SOB,10/09/2025,17,,,,10/09/2025,,,,,
202,TCLU1228550,KANDLA,BANDAR ABBAS-IRAN,IFF INDIA,GOODRICH,BALDEL2500326,BLTDER25000074,25/08/2025,KASHAN 1361,,,,direct,25/08/2025,OK,SOB,10/09/2025,17,,,,10/09/2025,,,,,
203,FBIU5395597,NHAVA SHEVA-GTIL,CAT LAI-VIETNAM,IFF INDIA,WAN HAI,204FX05897,204FX05897,25/08/2025,WAN HAI 512 E115,03/09/2025,PORT KLANG NORTH-MALAYSIA,14/09/2025,WAN HAI 326,25/08/2025,ETD CHANGED,SOB,16/09/2025,17,,,,10/09/2025,,,,,
204,FSCU5700080,NHAVA SHEVA-GTIL,HAIPHONG-VIETNAM,IFF INDIA,WAN HAI,204FX05976,204FX05976,25/08/2025,WAN HAI 512 E115,03/09/2025,PORT KLANG NORTH-MALAYSIA,13/09/2025,WAN HAI 366,25/08/2025,ETD CHANGED,SOB,16/09/2025,17,,,,12/09/2025,,,,,
205,SEKU9111842,NHAVA SHEVA-GTIL,HAIPHONG-VIETNAM,IFF INDIA,WAN HAI,204FX05894,204FX05894,25/08/2025,WAN HAI 512 E115,03/09/2025,PORT KLANG NORTH-MALAYSIA,13/09/2025,WAN HAI 366,25/08/2025,ETD CHANGED,SOB,16/09/2025,17,,,,10/09/2025,,,,,
206,SEGU9925844,NHAVA SHEVA-GTIL,CAT LAI-VIETNAM,IFF INDIA,WAN HAI,204FX05899,204FX05899,25/08/2025,WAN HAI 512 E115,03/09/2025,PORT KLANG NORTH-MALAYSIA,14/09/2025,WAN HAI 326,25/08/2025,ETD CHANGED,SOB,16/09/2025,17,,,,12/09/2025,,,,,
207,OTPU6687702,NHAVA SHEVA-GTIL,PHUOC LONG-VIETNAM,IFF INDIA,WAN HAI,204FX05901,204FX05901,25/08/2025,WAN HAI 512 E115,03/09/2025,PORT KLANG NORTH-MALAYSIA,14/09/2025,WAN HAI 326,25/08/2025,ETD CHANGED,SOB,17/09/2025,17,,,,10/09/2025,,,,,
208,SEGU9643136,NHAVA SHEVA-GTIL,HAIPHONG-VIETNAM,AL AAYAT,WAN HAI,204FX05917,204FX05917,25/08/2025,WAN HAI 512 E115,03/09/2025,PORT KLANG NORTH-MALAYSIA,13/09/2025,WAN HAI 366,25/08/2025,ETD CHANGED,SOB,16/09/2025,17,,,,10/09/2025,,,,,
209,MNBU9090483,NHAVA SHEVA-GTIL,PORT SAID WEST-EGYPT,HMA,MAERSK,258221239,258221239,25/08/2025,ALBERT MAERSK 533W,07/09/2025,PORT SAID EAST-EGYPT,16/09/2025,EGY CROWN,25/08/2025,ok,SOB,17/09/2025,17,,,,16/09/2025,,,,,
210,MNBU4143889,NHAVA SHEVA-GTIL,PORT SAID WEST-EGYPT,HMA,MAERSK,258246913,258246913,25/08/2025,ALBERT MAERSK 533W,07/09/2025,PORT SAID EAST-EGYPT,16/09/2025,EGY CROWN,25/08/2025,ok,SOB,17/09/2025,17,,,,16/09/2025,,,,,
211,MNBU0524980,NHAVA SHEVA-GTIL,PORT SAID WEST-EGYPT,HMA,MAERSK,258221239,258221239,25/08/2025,ALBERT MAERSK 533W,12/09/2025,JEDDAH-SAUDI ARABIA,13/09/2025,MERVE A,25/08/2025,ok,SOB,15/09/2025,17,,,,12/09/2025,,,,reworked new container MNBU0429597,
212,MNBU0097234,NHAVA SHEVA-GTIL,PORT SAID WEST-EGYPT,HMA,MAERSK,258246913,258246913,25/08/2025,ALBERT MAERSK 533W,07/09/2025,PORT SAID EAST-EGYPT,16/09/2025,EGY CROWN,25/08/2025,ok,SOB,17/09/2025,17,,,,16/09/2025,,,,,
213,MNBU4270034,NHAVA SHEVA-GTIL,PORT SAID WEST-EGYPT,HMA,MAERSK,258221239,258221239,25/08/2025,ALBERT MAERSK 533W,07/09/2025,PORT SAID EAST-EGYPT,16/09/2025,EGY CROWN,25/08/2025,ok,SOB,17/09/2025,17,,,,16/09/2025,,,,,
214,MNBU3129989,NHAVA SHEVA-GTIL,PORT SAID WEST-EGYPT,HMA,MAERSK,258246913,258246913,25/08/2025,ALBERT MAERSK 533W,07/09/2025,PORT SAID EAST-EGYPT,16/09/2025,EGY CROWN,25/08/2025,ok,SOB,17/09/2025,17,,,,16/09/2025,,,,,
215,MNBU3796169,NHAVA SHEVA-GTIL,PORT SAID WEST-EGYPT,HMA,MAERSK,258246913,258246913,25/08/2025,ALBERT MAERSK 533W,07/09/2025,PORT SAID EAST-EGYPT,16/09/2025,EGY CROWN,25/08/2025,ok,SOB,17/09/2025,17,,,,16/09/2025,,,,,
216,MNBU3516870,NHAVA SHEVA-GTIL,PORT SAID WEST-EGYPT,HMA,MAERSK,258221239,258221239,25/08/2025,ALBERT MAERSK 533W,07/09/2025,PORT SAID EAST-EGYPT,16/09/2025,EGY CROWN,25/08/2025,ok,SOB,17/09/2025,17,,,,16/09/2025,,,,,
217,SEGU9930579,NHAVA SHEVA-GTIL,HAIPHONG-VIETNAM,INTERNATIONAL,WAN HAI,204FX05896,204FX05896,25/08/2025,WAN HAI 512 E115,03/09/2025,PORT KLANG NORTH-MALAYSIA,13/09/2025,WAN HAI 366,25/08/2025,ETD CHANGED,SOB,16/09/2025,17,,,,10/09/2025,,,,,
218,SEKU9164992,NHAVA SHEVA-GTIL,HAIPHONG-VIETNAM,INTERNATIONAL,WAN HAI,204FX05895,204FX05895,25/08/2025,WAN HAI 512 E115,03/09/2025,PORT KLANG NORTH-MALAYSIA,13/09/2025,WAN HAI 366,25/08/2025,ETD CHANGED,SOB,16/09/2025,17,,,,10/09/2025,,,,,
219,MNBU9133369,NHAVA SHEVA-GTIL,PORT SAID WEST-EGYPT,AL-NASIR,MAERSK,721022742,721022742,25/08/2025,ALBERT MAERSK 533W,07/09/2025,PORT SAID EAST-EGYPT,14/09/2025,EGY CROWN,25/08/2025,ok,SOB,15/09/2025,17,,,,08/09/2025,,,,,
220,SEGU9948304,NHAVA SHEVA-GTIL,CAT LAI-VIETNAM,AL-NASIR,WAN HAI,204FX05900,204FX05900,25/08/2025,WAN HAI 512 E115,03/09/2025,PORT KLANG NORTH-MALAYSIA,14/09/2025,WAN HAI 326,25/08/2025,ETD CHANGED,SOB,16/09/2025,17,,,,12/09/2025,,,,,
221,OTPU6247920,NHAVA SHEVA-NSIGT,TANJUNG PRIOK JAKARTA-INDONESIA,MARHABA,WAN HAI,204FX05971,204FX05971,26/08/2025,WAN HAI 377 E011,03/09/2025,PORT KLANG NORTH-MALAYSIA,07/09/2025,TIANJIN BRIDGE,26/08/2025,ok,SOB,12/09/2025,16,,,,12/09/2025,,,,,
222,OTPU6141985,NHAVA SHEVA-BMCT,PORT KLANG WEST-MALAYSIA,HMA,KMTC,IN00497443,KMTCDLH0934944,27/08/2025,EVER ELITE 176E,,,,direct,27/08/2025,ok,SOB,09/09/2025,15,,,,09/09/2025,,,,,
223,TRLU1649820,MUNDRA - MDPT,ALEXANDRIA-EGYPT,IFF INDIA,MSC,EBKG13849508,MEDUKD211497,27/08/2025,MSC VIOLA IS531A,09/10/2025,GIOIA TAURO-ITALY,11/10/2025,MSC ALIX,27/08/2025,OK,SOB,17/10/2025,15,,,,11/09/2025,,,,,
224,MSCU7380228,MUNDRA - MDPT,ALEXANDRIA-EGYPT,IFF INDIA,MSC,EBKG13870189,MEDUKD248044,27/08/2025,MSC VIOLA IS531A,09/10/2025,GIOIA TAURO-ITALY,11/10/2025,MSC ALIX,27/08/2025,OK,SOB,17/10/2025,15,,,,11/09/2025,,,,,
225,MEDU9079415,MUNDRA - MDPT,ALEXANDRIA-EGYPT,IFF INDIA,MSC,EBKG13870188,MEDUKD248283,27/08/2025,MSC VIOLA IS531A,09/10/2025,GIOIA TAURO-ITALY,11/10/2025,MSC ALIX,27/08/2025,OK,SOB,17/10/2025,15,,,,11/09/2025,,,,,
226,CGMU6526910,NHAVA SHEVA-NSICT,LIBREVILLE-GABON,HMA,CMA,CAD0828683,CAD0828683,28/08/2025,MAERSK CHENNAI 0MSMMW1MA,15/09/2025,POINTE NOIRE-CONGO,21/09/2025,LUANDA EXPRESS,28/08/2025,OK,SOB,30/09/2025,14,,,,12/09/2025,,,,,
227,SUDU6274965,NHAVA SHEVA-NSICT,KHALIFA-BAHRAIN,KIRPA RAM DAIRY PRIVATE LIMITED,MAERSK,721025237,721025237,28/08/2025,MAERSK BOSTON 535W,01/09/2025,JEBEL ALI-UAE,07/09/2025,GFS JUNO,28/08/2025,OK,SOB,09/09/2025,14,,,,07/09/2025,,,,,
228,TCLU1327629,NHAVA SHEVA-NSICT,POINTE NOIRE-CONGO,HMA,CMA,CAD0830644,CAD0830644,28/08/2025,MAERSK CHENNAI 0MSMMW1MA,,,,DIRECT,28/08/2025,OK,SOB,15/09/2025,14,,,,15/09/2025,,,,,
229,MNBU3594701,NHAVA SHEVA-NSICT,KHALIFA-BAHRAIN,KIRPA RAM DAIRY PRIVATE LIMITED,MAERSK,721025237,721025237,28/08/2025,MAERSK BOSTON 535W,01/09/2025,JEBEL ALI-UAE,07/09/2025,GFS JUNO,28/08/2025,OK,SOB,09/09/2025,14,,,,07/09/2025,,,,,
230,SZLU9641559,NHAVA SHEVA-NSFT,DAR ES SALAM-TANZANIA,HMA,CMA,ANT1924300,ANT1924300,28/08/2025,CMA CGM VILA DO CONDE 02SLNS1MA,,,,DIRECT,28/08/2025,OK,SOB,11/09/2025,14,,,,11/09/2025,,,,,
231,CXRU1624769,NHAVA SHEVA-NSICT,LUANDA-ANGOLA,HMA,CMA,CAD0830123,,28/08/2025,MAERSK CHENNAI 0MSMMW1MA,15/09/2025,POINTE NOIRE-CONGO,21/09/2025,LUANDA EXPRESS,28/08/2025,OK,SOB,26/09/2025,14,,,,15/09/2025,,,,,
232,CGMU9335395,NHAVA SHEVA-NSICT,POINTE NOIRE-CONGO,AL HASSAN,CMA,CAD0828989,CAD0828989,28/08/2025,MAERSK CHENNAI 0MSMMW1MA,,,,DIRECT,28/08/2025,OK,SOB,15/09/2025,14,,,,15/09/2025,,,,,
233,EMCU5673568,MUNDRA - MDPT,HAIPHONG-VIETNAM,AL AMMAR,EVERGREEN,102500075089,EGLV102500075089,29/08/2025,EVER LIVELY 069E,09/09/2025,PORT KLANG NORTH-MALAYSIA,15/09/2025,EVER WISE,29/08/2025,OK,SOB,19/09/2025,13,,,,09/09/2025,,,,,
234,EMCU5596055,MUNDRA - MDPT,PORT KLANG WEST-MALAYSIA,AL AMMAR,EVERGREEN,102500071202,EGLV102500071202,29/08/2025,EVER LIVELY 069E,,,,DIRECT,29/08/2025,OK,SOB,09/09/2025,13,,,,09/09/2025,,,,,
235,EMCU5671360,NHAVA SHEVA-GTIL,HONG KONG-CHINA,AL AMMAR,EVERGREEN,102500075062,EGLV102500075062,29/08/2025,PORT KELANG EXPRESS E187,,,,direct,29/08/2025,ETD CHANGE,SOB,15/09/2025,13,,,,15/09/2025,,,,,
236,EMCU5674374,MUNDRA - MDPT,PORT KLANG WEST-MALAYSIA,AL AMMAR,EVERGREEN,102500075071,EGLV102500075071,29/08/2025,EVER LIVELY 069E,,,,DIRECT,29/08/2025,OK,SOB,09/09/2025,13,,,,09/09/2025,,,,,
237,EMCU5741533,NHAVA SHEVA-GTIL,CEBU-PHILIPPINES,AL AMMAR,EVERGREEN,102500075577,EGLV102500075577,29/08/2025,PORT KELANG EXPRESS E187,12/09/2025,KAOHSIUNG-TAIWAN,15/09/2025,EVER CONNECT,29/08/2025,ETD CHANGE,SOB,19/09/2025,13,,,,12/09/2025,,,,,
238,EMCU5537812,NHAVA SHEVA-GTIL,MANILA NORTH-PHILIPPINES,AL AMMAR,EVERGREEN,102500075585,EGLV102500075585,29/08/2025,PORT KELANG EXPRESS E187,12/09/2025,KAOHSIUNG-TAIWAN,15/09/2025,EVER BEADY 0814,29/08/2025,ETD CHANGE,SOB,17/09/2025,13,,,,12/09/2025,,,,,
239,EMCU5354452,MUNDRA - MDPT,PORT KLANG WEST-MALAYSIA,AL AMMAR,EVERGREEN,102500072446,EGLV102500072446,29/08/2025,EVER LIVELY 069E,,,,DIRECT,29/08/2025,OK,SOB,09/09/2025,13,,,,09/09/2025,,,,,
240,EMCU5656880,NHAVA SHEVA-GTIL,CEBU-PHILIPPINES,AL AMMAR,EVERGREEN,102500075054,EGLV102500075054,29/08/2025,PORT KELANG EXPRESS E187,12/09/2025,KAOHSIUNG-TAIWAN,15/09/2025,EVER CONNECT,29/08/2025,ETD CHANGE,SOB,19/09/2025,13,,,,12/09/2025,,,,,
241,EMCU5566030,NHAVA SHEVA-GTIL,CEBU-PHILIPPINES,AL AMMAR,EVERGREEN,102500076018,EGLV102500076018,29/08/2025,PORT KELANG EXPRESS E187,12/09/2025,KAOHSIUNG-TAIWAN,15/09/2025,EVER CONNECT,29/08/2025,ETD CHANGE,SOB,19/09/2025,13,,,,12/09/2025,,,,,
242,EMCU5522772,MUNDRA - MDPT,PORT KLANG WEST-MALAYSIA,AL AMMAR,EVERGREEN,102500075607,EGLV102500075607,29/08/2025,EVER LIVELY 069E,,,,DIRECT,29/08/2025,OK,SOB,09/09/2025,13,,,,09/09/2025,,,,,
243,EMCU5589518,MUNDRA - MDPT,CAT LAI-VIETNAM,AL-NASIR,EVERGREEN,102500076387,EGLV102500076387,29/08/2025,EVER LIVELY 069E,09/09/2025,PORT KLANG NORTH-MALAYSIA,16/09/2025,EVER ORIENT,29/08/2025,OK,SOB,19/09/2025,13,,,,19/09/2025,,,,,
244,EMCU5622880,MUNDRA - MDPT,CAT LAI-VIETNAM,AL-NASIR,EVERGREEN,102500076379,EGLV102500076379,29/08/2025,EVER LIVELY 069E,09/09/2025,PORT KLANG NORTH-MALAYSIA,16/09/2025,EVER ORIENT,29/08/2025,OK,SOB,19/09/2025,13,,,,19/09/2025,,,,,
245,TRIU8431286,MUNDRA - MDPT,MALE-MALDIVES,HMA,GOODRICH,BALDEL2500341,BLTDERMLE008263,29/08/2025,EVER LIVELY 069E,02/09/2025,COLOMBO-SRI LANKA,,PENDING,29/08/2025,OK,SOB,09/09/2025,13,,,,06/09/2025,,,,,
246,FBIU5363075,NHAVA SHEVA-GTIL,MANILA NORTH-PHILIPPINES,INTERNATIONAL,WAN HAI,204FX06063,204FX06063,29/08/2025,PORT KELANG EXPRESS E187,12/09/2025,KAOHSIUNG-TAIWAN,16/09/2025,SMOOTH SAILING,29/08/2025,ETD CHANGE,SOB,19/09/2025,13,,,,12/09/2025,,,,,
247,TRIU8234733,MUNDRA - MDPT,MALE-MALDIVES,IFF INDIA,GOODRICH,BALDEL2500340,BLTDELMLE012239,29/08/2025,EVER LIVELY 069E,02/09/2025,COLOMBO-SRI LANKA,,PENDING,29/08/2025,OK,SOB,09/09/2025,13,,,,06/09/2025,,,,,
248,MNBU3613930,MUNDRA,BAHRAIN-BAHRAIN,IFF INDIA,MAERSK,721034108,721034108,29/08/2025,MAERSK BALTIMORE 535W,03/09/2025,JEBEL ALI-UAE,07/09/2025,GFS JUNO,29/08/2025,ok,SOB,09/09/2025,13,,,,07/09/2025,,,,,
249,OTPU6212076,NHAVA SHEVA-GTIL,MANILA NORTH-PHILIPPINES,IFF INDIA,EVERGREEN,102500074482,EGLV102500074482,29/08/2025,PORT KELANG EXPRESS E187,12/09/2025,KAOHSIUNG-TAIWAN,15/09/2025,EVER BEADY 0814,29/08/2025,ETD CHANGE,SOB,17/09/2025,13,,,,12/09/2025,,,,,
250,EMCU5717199,NHAVA SHEVA-GTIL,MANILA NORTH-PHILIPPINES,IFF INDIA,EVERGREEN,102500075712,EGLV102500075712,29/08/2025,PORT KELANG EXPRESS E187,12/09/2025,KAOHSIUNG-TAIWAN,15/09/2025,EVER BEADY 0814,29/08/2025,ETD CHANGE,SOB,17/09/2025,13,,,,12/09/2025,,,,,
251,EGSU5068782,NHAVA SHEVA-GTIL,MANILA NORTH-PHILIPPINES,IFF INDIA,EVERGREEN,102500075615,EGLV102500075615,29/08/2025,PORT KELANG EXPRESS E187,12/09/2025,KAOHSIUNG-TAIWAN,15/09/2025,EVER BEADY 0814,29/08/2025,ETD CHANGE,SOB,17/09/2025,13,,,,12/09/2025,,,,,
252,EMCU5680145,MUNDRA - MDPT,CAT LAI-VIETNAM,IFF INDIA,EVERGREEN,102500076395,EGLV102500076395,29/08/2025,EVER LIVELY 069E,09/09/2025,PORT KLANG NORTH-MALAYSIA,16/09/2025,EVER ORIENT,29/08/2025,OK,SOB,19/09/2025,13,,,,09/09/2025,,,,,
253,EGSU5042073,NHAVA SHEVA-GTIL,MANILA NORTH-PHILIPPINES,IFF INDIA,EVERGREEN,102500075012,EGLV102500075012,29/08/2025,PORT KELANG EXPRESS E187,12/09/2025,KAOHSIUNG-TAIWAN,15/09/2025,EVER BEADY 0814,29/08/2025,ETD CHANGE,SOB,17/09/2025,13,,,,12/09/2025,,,,,
254,EGSU5043300,NHAVA SHEVA-GTIL,MANILA NORTH-PHILIPPINES,IFF INDIA,EVERGREEN,102500075046,EGLV102500075046,29/08/2025,PORT KELANG EXPRESS E187,12/09/2025,KAOHSIUNG-TAIWAN,15/09/2025,EVER BEADY 0814,29/08/2025,ETD CHANGE,SOB,17/09/2025,13,,,,12/09/2025,,,,,
255,EMCU5549520,MUNDRA - MDPT,HAIPHONG-VIETNAM,IFF INDIA,EVERGREEN,102500076042,EGLV102500076042,29/08/2025,EVER LIVELY 069E,09/09/2025,PORT KLANG NORTH-MALAYSIA,15/09/2025,EVER WISE,29/08/2025,OK,SOB,19/09/2025,13,,,,09/09/2025,,,,,
256,EGSU5033425,NHAVA SHEVA-GTIL,MANILA NORTH-PHILIPPINES,IFF INDIA,EVERGREEN,102500073400,EGLV102500073400,29/08/2025,PORT KELANG EXPRESS E187,12/09/2025,KAOHSIUNG-TAIWAN,15/09/2025,EVER BEADY 0814,29/08/2025,ETD CHANGE,SOB,17/09/2025,13,,,,12/09/2025,,,,,
257,EMCU5753940,NHAVA SHEVA-GTIL,MANILA NORTH-PHILIPPINES,IFF INDIA,EVERGREEN,102500074490,EGLV102500074490,29/08/2025,PORT KELANG EXPRESS E187,12/09/2025,KAOHSIUNG-TAIWAN,15/09/2025,EVER BEADY 0814,29/08/2025,ETD CHANGE,SOB,17/09/2025,13,,,,12/09/2025,,,,,
258,EGSU5069691,MUNDRA - MDPT,PORT KLANG WEST-MALAYSIA,HMA,EVERGREEN,102500076034,EGLV102500076034,29/08/2025,EVER LIVELY 069E,,,,DIRECT,29/08/2025,OK,SOB,09/09/2025,13,,,,09/09/2025,,,,,
259,MNBU3408556,MUNDRA,UMM QASR NORTH-IRAQ,INTERNATIONAL,MAERSK,721034102,721034102,29/08/2025,MAERSK BALTIMORE 535W,03/09/2025,JEBEL ALI-UAE,09/09/2025,AS CLEMENTINA,29/08/2025,ok,SOB,11/09/2025,13,,,,09/09/2025,,,,,
260,MNBU0410138,MUNDRA,UMM QASR NORTH-IRAQ,INTERNATIONAL,MAERSK,721034103,721034103,29/08/2025,MAERSK BALTIMORE 535W,03/09/2025,JEBEL ALI-UAE,09/09/2025,AS CLEMENTINA,29/08/2025,ok,SOB,11/09/2025,13,,,,09/09/2025,,,,,
261,FBIU5120286,MUNDRA - MDPT,PHUOC LONG-VIETNAM,AL-AALI,WAN HAI,204FX06101,204FX06101,30/08/2025,WAN HAI 721 E022,07/09/2025,PORT KLANG NORTH-MALAYSIA,14/09/2025,WAN HAI 326,30/08/2025,OK,SOB,17/09/2025,12,,,,14/09/2025,,,,,
262,ARKU5018256,MUNDRA - MDPT,AQABA-JORDAN,IFF INDIA,ARKAS LINE,MUN038149258,MUN038149258,30/08/2025,TURKON EGYPT IMS16W25,,----Select----,,DIRECT,30/08/2025,OK,SOB,15/09/2025,12,,,,10/09/2025,,,,,
263,MNBU3244283,NHAVA SHEVA-BMCT,ABIDJAN-COTE D IVORE,IFF INDIA,MAERSK,258385641,258385641,30/08/2025,MEGALOPOLIS 534W,,,,direct,30/08/2025,ok,SOB,30/09/2025,12,,,,15/09/2025,,,,,
264,BWLU9100845,MUNDRA - MDPT,AQABA-JORDAN,AL AMMAR,POSEIDON,3INDRI25080015,,30/08/2025,TURKON EGYPT 0TI0WE1TK,,----Select----,,DIRECT,30/08/2025,OK,SOB,09/09/2025,12,,,,06/09/2025,,,,,
265,SEGU9945645,NHAVA SHEVA-GTIL,HAIPHONG-VIETNAM,MARYA,WAN HAI,204FX06154,204FX06154,31/08/2025,WAN HAI 511 E102,09/09/2025,PORT KLANG NORTH-MALAYSIA,13/09/2025,WAN HAI 366,31/08/2025,OK,SOB,16/09/2025,11,,,,13/09/2025,,,,,
266,FBIU5561194,NHAVA SHEVA-BMCT,PORT KLANG WEST-MALAYSIA,MIRHA,KMTC,IN00498321,KMTCDLH0944076,31/08/2025,TAMPA I 27E,,----Select----,,DIRECT,31/08/2025,OK,SOB,12/09/2025,11,,,,12/09/2025,,,,,
267,FSCU5870722,NHAVA SHEVA-BMCT,PORT KLANG WEST-MALAYSIA,MIRHA,KMTC,IN00498032,KMTCDLH0941021,31/08/2025,TAMPA I 27E,,----Select----,,DIRECT,31/08/2025,OK,SOB,12/09/2025,11,,,,12/09/2025,,,,,
268,MNBU0544667,NHAVA SHEVA-GTIL,JEDDAH-SAUDI ARABIA,MIRHA,MAERSK,258432298,258432298,01/09/2025,MAERSK HANOI 534W,04/09/2025,SALALAH-OMAN,07/09/2025,SAFEEN PRIZE,31/08/2025,OK,SOB,12/09/2025,10,,,,12/09/2025,,,,,
269,MMAU1231230,MUNDRA,DAKAR-SENEGAL,AL-NASIR,MAERSK,721036281,721036281,01/09/2025,MEGALOPOLIS 534W,23/09/2025,TEMA-GHANA,29/09/2025,GH MAESTRO,31/08/2025,ok,SOB,07/10/2025,10,,,,10/09/2025,,,,,
270,SUDU6252312,NHAVA SHEVA-GTIL,PORT SAID WEST-EGYPT,AL-NASIR,MAERSK,721036277,721036277,01/09/2025,MAERSK HANOI 534W,12/09/2025,JEDDAH-SAUDI ARABIA,19/09/2025,LEONIDIO,31/08/2025,OK,SOB,29/09/2025,10,,,,12/09/2025,,,,,
271,MNBU0422904,MUNDRA,DAKAR-SENEGAL,AL-NASIR,MAERSK,721036279,721036279,01/09/2025,MEGALOPOLIS 534W,23/09/2025,TEMA-GHANA,29/09/2025,GH MAESTRO,31/08/2025,ok,SOB,07/10/2025,10,,,,10/09/2025,,,,,
272,SUDU8172670,MUNDRA,DAKAR-SENEGAL,AL-NASIR,MAERSK,721036364,721036364,01/09/2025,MEGALOPOLIS 534W,23/09/2025,TEMA-GHANA,29/09/2025,GH MAESTRO,31/08/2025,OK,SOB,07/10/2025,10,,,,10/09/2025,,,,,
273,MNBU0471750,NHAVA SHEVA-GTIL,ALEXANDRIA-EGYPT,AL-NASIR,MAERSK,721036275,721036275,01/09/2025,MAERSK HANOI 534W,12/09/2025,JEDDAH-SAUDI ARABIA,19/09/2025,LEONIDIO,31/08/2025,OK,SOB,25/09/2025,10,,,,25/09/2025,,,,,
274,MNBU0198287,NHAVA SHEVA-GTIL,DAMMAM-SAUDI ARABIA,PURE,MAERSK,721036274,721036274,01/09/2025,MAERSK HANOI 534W,04/09/2025,SALALAH-OMAN,06/09/2025,CONSTANTINOS,31/08/2025,OK,SOB,11/09/2025,10,,,,11/09/2025,,,,,
275,MNBU3092154,NHAVA SHEVA-GTIL,MONROVIA-LIBERIA,IFF INDIA,MAERSK,258239393,258239393,01/09/2025,MAERSK HANOI 534W,27/09/2025,TANGER MED-MOROCCO,03/10/2025,ORCA,31/08/2025,change vessel planning,SOB,08/10/2025,10,,,,10/09/2025,,,,,
276,MNBU0328842,NHAVA SHEVA-GTIL,HAMAD-QATAR,IFF INDIA,MAERSK,721028088,721028088,01/09/2025,MAERSK HANOI 534W,04/09/2025,SALALAH-OMAN,08/09/2025,SOURCE BLESSING,31/08/2025,OK,SOB,13/09/2025,10,,,,13/09/2025,,,,,
277,TEMU9417460,NHAVA SHEVA-NSFT,PORT SAID WEST-EGYPT,HMA,CMA,CAD0830649,CAD0830649,01/09/2025,CMA CGM NABUCCO 0MXNNW1MA,21/09/2025,MALTA-BRITAIN,24/09/2025,CMA CGM TIGA,31/08/2025,ETA DATE CHANGE,SOB,29/11/2025,10,,,,16/09/2025,,,,,
278,SEGU9410807,NHAVA SHEVA-NSFT,PORT SAID WEST-EGYPT,HMA,CMA,CAD0830546,CAD0830546,01/09/2025,CMA CGM NABUCCO 0MXNNW1MA,21/09/2025,MALTA-BRITAIN,24/09/2025,CMA CGM TIGA,31/08/2025,ETA DATE CHANGE,SOB,29/09/2025,10,,,,16/09/2025,,,,,
279,BMOU9645065,NHAVA SHEVA-NSFT,PORT SAID WEST-EGYPT,HMA,CMA,CAD0829525,CAD0829525,01/09/2025,CMA CGM NABUCCO 0MXNNW1MA,21/09/2025,MALTA-BRITAIN,24/09/2025,CMA CGM TIGA,31/08/2025,ETA DATE CHANGE,SOB,29/09/2025,10,,,,16/09/2025,,,,,
280,CGMU6524055,NHAVA SHEVA-NSFT,PORT SAID WEST-EGYPT,HMA,CMA,CAD0829525,CAD0829525,01/09/2025,CMA CGM NABUCCO 0MXNNW1MA,21/09/2025,MALTA-BRITAIN,24/09/2025,CMA CGM TIGA,31/08/2025,ETA DATE CHANGE,SOB,29/09/2025,10,,,,16/09/2025,,,,,
281,TEMU9431010,NHAVA SHEVA-NSFT,PORT SAID WEST-EGYPT,HMA,CMA,CAD0830649,CAD0830649,01/09/2025,CMA CGM NABUCCO 0MXNNW1MA,21/09/2025,MALTA-BRITAIN,24/09/2025,CMA CGM TIGA,31/08/2025,ETA DATE CHANGE,SOB,29/11/2025,10,,,,16/09/2025,,,,,
282,BMOU9605191,NHAVA SHEVA-NSFT,PORT SAID WEST-EGYPT,HMA,CMA,CAD0830649,CAD0830649,01/09/2025,CMA CGM NABUCCO 0MXNNW1MA,21/09/2025,MALTA-BRITAIN,24/09/2025,CMA CGM TIGA,31/08/2025,ETA DATE CHANGE,SOB,29/11/2025,10,,,,16/09/2025,,,,,
283,FBIU5565970,NHAVA SHEVA-BMCT,PORT KLANG WEST-MALAYSIA,AL AMMAR,KMTC,IN00498372,KMTCDLH0945096,31/08/2025,TAMPA I 27E,,----Select----,,DIRECT,31/08/2025,OK,SOB,12/09/2025,11,,,,12/09/2025,,,,,
284,SUDU8240542,NHAVA SHEVA-GTIL,HAMAD-QATAR,IFF INDIA,MAERSK,721036276,721036276,01/09/2025,MAERSK HANOI 534W,04/09/2025,SALALAH-OMAN,08/09/2025,SOURCE BLESSING,31/08/2025,OK,SOB,13/09/2025,10,,,,13/09/2025,,,,,
285,EMCU5755394,NHAVA SHEVA-BMCT,CAT LAI-VIETNAM,AL-NASIR,EVERGREEN,102500076922,EGLV102500076922,31/08/2025,INTERASIA AMPLIFY E009,14/09/2025,PORT KLANG WEST-MALAYSIA,15/09/2025,EVER ORIENT 0525,31/08/2025,ETD CHANGE,SOB,18/09/2025,11,,,,12/09/2025,,,,,
286,EMCU5683925,NHAVA SHEVA-BMCT,CAT LAI-VIETNAM,AL-NASIR,EVERGREEN,102500076913,EGLV102500076913,31/08/2025,TAMPA I 27E,12/09/2025,PORT KLANG WEST-MALAYSIA,21/09/2025,EVER OATH,31/08/2025,OK,SOB,25/09/2025,11,,,,12/09/2025,,,,,
287,MNBU3560018,NHAVA SHEVA-GTIL,JEDDAH-SAUDI ARABIA,HMA,MAERSK,258490387,258490387,01/09/2025,MAERSK HANOI 534W,04/09/2025,SALALAH-OMAN,07/09/2025,SAFEEN PRIZE,31/08/2025,OK,SOB,12/09/2025,10,,,,12/09/2025,,,,,
288,MNBU3848600,NHAVA SHEVA-GTIL,JEDDAH-SAUDI ARABIA,HMA,MAERSK,258491000,258491000,01/09/2025,MAERSK HANOI 534W,04/09/2025,SALALAH-OMAN,07/09/2025,SAFEEN PRIZE,31/08/2025,OK,SOB,12/09/2025,10,,,,12/09/2025,,,,,
289,MMAU1063693,NHAVA SHEVA-GTIL,JEDDAH-SAUDI ARABIA,HMA,MAERSK,258433103,258433103,01/09/2025,MAERSK HANOI 534W,04/09/2025,SALALAH-OMAN,07/09/2025,SAFEEN PRIZE,31/08/2025,OK,SOB,12/09/2025,10,,,,12/09/2025,,,,,
290,MNBU4344517,NHAVA SHEVA-GTIL,JEDDAH-SAUDI ARABIA,HMA,MAERSK,258607997,258607997,01/09/2025,MAERSK HANOI 534W,04/09/2025,SALALAH-OMAN,07/09/2025,SAFEEN PRIZE,31/08/2025,OK,SOB,12/09/2025,10,,,,12/09/2025,,,,,
291,MNBU4203817,NHAVA SHEVA-GTIL,JEDDAH-SAUDI ARABIA,HMA,MAERSK,258432329,258432329,01/09/2025,MAERSK HANOI 534W,04/09/2025,SALALAH-OMAN,07/09/2025,SAFEEN PRIZE,31/08/2025,OK,SOB,12/09/2025,10,,,,12/09/2025,,,,,
292,MNBU4214560,NHAVA SHEVA-GTIL,JEDDAH-SAUDI ARABIA,HMA,MAERSK,258608031,258608031,01/09/2025,MAERSK HANOI 534W,04/09/2025,SALALAH-OMAN,07/09/2025,SAFEEN PRIZE,31/08/2025,OK,SOB,12/09/2025,10,,,,12/09/2025,,,,,
293,CGMU5115263,NHAVA SHEVA-NSFT,PORT SAID WEST-EGYPT,HMA,CMA,CAD0830649,CAD0830649,01/09/2025,CMA CGM NABUCCO 0MXNNW1MA,21/09/2025,MALTA-BRITAIN,24/09/2025,CMA CGM TIGA,31/08/2025,ETA DATE CHANGE,SOB,29/11/2025,10,,,,16/09/2025,,,,,
294,CGMU6548490,NHAVA SHEVA-NSFT,PORT SAID WEST-EGYPT,HMA,CMA,CAD0830546,CAD0830546,01/09/2025,CMA CGM NABUCCO 0MXNNW1MA,21/09/2025,MALTA-BRITAIN,24/09/2025,CMA CGM TIGA,31/08/2025,ETA DATE CHANGE,SOB,29/09/2025,10,,,,16/09/2025,,,,,
295,CXRU1557547,NHAVA SHEVA-NSFT,PORT SAID WEST-EGYPT,HMA,CMA,CAD0830546,CAD0830546,01/09/2025,CMA CGM NABUCCO 0MXNNW1MA,21/09/2025,MALTA-BRITAIN,24/09/2025,CMA CGM TIGA,31/08/2025,ETA DATE CHANGE,SOB,29/09/2025,10,,,,16/09/2025,,,,,
296,SUDU6232023,MUNDRA,ABIDJAN-COTE D IVORE,AL-AALI,MAERSK,258607965,258607965,01/09/2025,MEGALOPOLIS 534W,,----Select----,,DIRECT,31/08/2025,OK,SOB,30/09/2025,10,,,,10/09/2025,,,,,
297,CRXU6945358,MUNDRA - MDPT,ALEXANDRIA-EGYPT,IFF INDIA,MSC,EBKG13966371,MEDUKD379179,01/09/2025,MSC VIRGINIA IS532A,11/10/2025,GIOIA TAURO-ITALY,18/10/2025,MSC ELEONORA,01/09/2025,OK,SOB,24/10/2025,10,,,,11/09/2025,,,,,
298,TCLU1259843,MUNDRA - MDPT,DAR ES SALAM-TANZANIA,AL HASSAN,CMA,ANT1921595,ANT1921595,01/09/2025,CMA CGM FORT ST GEORGES 02SLPS1MA,,,,direct,01/09/2025,change vessel planning,SOB,18/09/2025,10,,,,18/09/2025,,,,,
299,CXRU1606425,MUNDRA - MDPT,POINTE NOIRE-CONGO,HMA,CMA,CAD0829535,CAD0829535,01/09/2025,MAERSK IYO 0MSMOW1MA,,----Select----,,DIRECT,01/09/2025,ok,SOB,22/09/2025,10,,,,09/09/2025,,,,,
300,TTNU8092228,NHAVA SHEVA-NSFT,MORONI-COMOROS,INTERNATIONAL,CMA,CAD0828798,CAD0828798,02/09/2025,CMA CGM FORT ST GEORGES 02SLPS1MA,07/09/2025,"KHALIFA PORT, ABU DHABI-UAE",21/09/2025,CMA CGM CEBU,02/09/2025,NA,SOB,24/10/2025,9,,,,07/09/2025,,,,,
301,TEMU9362942,NHAVA SHEVA-NSFT,MUTSAMUDU-COMOROS,INTERNATIONAL,CMA,CAD0829536,CAD0829536,02/09/2025,CMA CGM FORT ST GEORGES 02SLPS1MA,07/09/2025,"KHALIFA PORT, ABU DHABI-UAE",19/09/2025,CMA CGM CEBU,02/09/2025,NA,SOB,01/11/2025,9,,,,17/09/2025,,,,,
302,EMCU5524414,MUNDRA - MDPT,HAIPHONG-VIETNAM,MIRHA,EVERGREEN,102500076981,EGLV102500076981,02/09/2025,EVER ELITE 176E,08/09/2025,PORT KLANG WEST-MALAYSIA,,PENDING,02/09/2025,NA,SOB,16/09/2025,9,,,,08/09/2025,,,,,
303,OOLU6478798,NHAVA SHEVA-GTIL,CAT LAI-VIETNAM,AL-NASIR,OOCL,2764158815,OOLU2764158815,02/09/2025,OOCL HAMBURG 159 E,11/09/2025,SINGAPORE-SINGAPORE,18/09/2025,VTS BALTRUM,02/09/2025,NA,SOB,21/09/2025,9,,,,11/09/2025,,,,,
304,EMCU5528071,MUNDRA - MDPT,HAIPHONG-VIETNAM,AL-NASIR,EVERGREEN,102500076409,EGLV102500076409,02/09/2025,EVER ELITE 176E,08/09/2025,PORT KLANG WEST-MALAYSIA,,PENDING,02/09/2025,NA,SOB,16/09/2025,9,,,,08/09/2025,,,,,
305,EMCU5638000,MUNDRA - MDPT,HAIPHONG-VIETNAM,AL AMMAR,EVERGREEN,102500076905,,02/09/2025,EVER ELITE 176E,08/09/2025,PORT KLANG WEST-MALAYSIA,,PENDING,02/09/2025,NA,SOB,16/09/2025,9,,,,08/09/2025,,,,,
306,EGSU5028033,MUNDRA - MDPT,CEBU-PHILIPPINES,AL AMMAR,EVERGREEN,102500076026,EGLV102500076026,02/09/2025,EVER ELITE 176E,08/09/2025,PORT KLANG WEST-MALAYSIA,09/09/2025,EVER APEX,02/09/2025,NA,SOB,19/09/2025,9,,,,08/09/2025,,,,,
307,OOLU6469245,NHAVA SHEVA-GTIL,CAT LAI-VIETNAM,AL AAYAT,OOCL,2764158811,OOLU2764158811,02/09/2025,OOCL HAMBURG 159 E,11/09/2025,SINGAPORE-SINGAPORE,18/09/2025,VTS BALTRUM,02/09/2025,NA,SOB,21/09/2025,9,,,,11/09/2025,,,,,
308,CGMU5185110,NHAVA SHEVA-NSFT,MUTSAMUDU-COMOROS,IFF INDIA,CMA,CAD0831031,CAD0831031,02/09/2025,CMA CGM FORT ST GEORGES 02SLPS1MA,07/09/2025,"KHALIFA PORT, ABU DHABI-UAE",19/09/2025,CMA CGM CEBU,02/09/2025,NA,SOB,27/10/2025,9,,,,17/09/2025,,,,,
309,EMCU5474210,MUNDRA - MDPT,HAIPHONG-VIETNAM,IFF INDIA,EVERGREEN,102500076191,EGLV102500076191,02/09/2025,EVER ELITE 176E,08/09/2025,PORT KLANG WEST-MALAYSIA,,PENDING,02/09/2025,NA,SOB,16/09/2025,9,,,,08/09/2025,,,,,
310,EGSU5070964,MUNDRA - MDPT,PHUOC LONG-VIETNAM,IFF INDIA,EVERGREEN,102500076077,EGLV102500076077,02/09/2025,EVER ELITE 176E,08/09/2025,PORT KLANG WEST-MALAYSIA,15/09/2025,EVER ORIENT,02/09/2025,NA,SOB,19/09/2025,9,,,,08/09/2025,,,,,
311,SEGU9703596,NHAVA SHEVA-NSIGT,TANJUNG PRIOK JAKARTA-INDONESIA,INTERNATIONAL,WAN HAI,204FX06316,204FX06316,03/09/2025,INTERASIA ACCELERATE E009,13/09/2025,PORT KLANG NORTH-MALAYSIA,21/09/2025,CMA CGM CAIMEP,03/09/2025,OK,SOB,26/09/2025,8,,,,13/09/2025,,,,,
312,CAIU5446492,NHAVA SHEVA-NSFT,ABIDJAN-COTE D IVORE,MEATGEEKS,CMA,CAD0826338,CAD0826338,03/09/2025,APL GWANGYANG 0PED3W1MA,03/10/2025,TANGER MED-MOROCCO,06/10/2025,CMA CGM JAMAICA,03/09/2025,ok,SOB,19/10/2025,8,,,,11/09/2025,,,,,
313,TTNU8687099,NHAVA SHEVA-NSFT,ABIDJAN-COTE D IVORE,AL HASSAN,CMA,CAD0829040,CAD0829040,03/09/2025,APL GWANGYANG 0PED3W1MA,03/10/2025,TANGER MED-MOROCCO,06/10/2025,CMA CGM JAMAICA,03/09/2025,OK,SOB,19/10/2025,8,,,,11/09/2025,,,,,
314,MNBU0259187,NHAVA SHEVA-BMCT,DAKAR-SENEGAL,AL-NASIR,MAERSK,721038855,721038855,03/09/2025,MAERSK CADIZ 535W,29/09/2025,TEMA-GHANA,08/10/2025,BOSTON,03/09/2025,ok,SOB,16/10/2025,8,,,,12/09/2025,,,,,
315,SEGU9556290,NHAVA SHEVA-NSFT,DAKAR-SENEGAL,AL-NASIR,CMA,CAD0829014,CAD0829014,03/09/2025,APL GWANGYANG 0PED3W1MA,03/10/2025,TANGER MED-MOROCCO,06/10/2025,CMA CGM JAMAICA,03/09/2025,OK,SOB,24/10/2025,8,,,,11/09/2025,,,,,
316,CXRU1602796,NHAVA SHEVA-NSFT,ABIDJAN-COTE D IVORE,AL-NASIR,CMA,CAD0828793,CAD0828793,03/09/2025,APL GWANGYANG 0PED3W1MA,03/10/2025,TANGER MED-MOROCCO,06/10/2025,CMA CGM JAMAICA,03/09/2025,ok,SOB,18/10/2025,8,,,,11/09/2025,,,,,
317,CXRU1622370,NHAVA SHEVA-NSFT,DAKAR-SENEGAL,AL-NASIR,CMA,CAD0829533,CAD0829533,03/09/2025,APL GWANGYANG 0PED3W1MA,03/10/2025,TANGER MED-MOROCCO,06/10/2025,CMA CGM JAMAICA,03/09/2025,OK,SOB,24/10/2025,8,,,,11/09/2025,,,,,
318,CGMU5432632,NHAVA SHEVA-NSFT,DAKAR-SENEGAL,AL-NASIR,CMA,CAD0830653,CAD0830653,03/09/2025,APL GWANGYANG 0PED3W1MA,03/10/2025,TANGER MED-MOROCCO,06/10/2025,CMA CGM JAMAICA,03/09/2025,OK,SOB,24/10/2025,8,,,,11/09/2025,,,,,
319,CGMU5182699,NHAVA SHEVA-NSFT,DAKAR-SENEGAL,AL-NASIR,CMA,CAD0830648,CAD0830648,03/09/2025,APL GWANGYANG 0PED3W1MA,03/10/2025,TANGER MED-MOROCCO,06/10/2025,CMA CGM JAMAICA,03/09/2025,OK,SOB,24/10/2025,8,,,,11/09/2025,,,,,
320,CGMU5152863,NHAVA SHEVA-NSFT,DAKAR-SENEGAL,AL-NASIR,CMA,CAD0830647,CAD0830647,03/09/2025,APL GWANGYANG 0PED3W1MA,03/10/2025,TANGER MED-MOROCCO,06/10/2025,CMA CGM JAMAICA,03/09/2025,OK,SOB,24/10/2025,8,,,,11/09/2025,,,,,
321,SEGU9506447,NHAVA SHEVA-NSFT,DAKAR-SENEGAL,AL-NASIR,CMA,CAD0828792,CAD0828792,03/09/2025,APL GWANGYANG 0PED3W1MA,03/10/2025,TANGER MED-MOROCCO,06/10/2025,CMA CGM JAMAICA,03/09/2025,OK,SOB,24/10/2025,8,,,,11/09/2025,,,,,
322,TTNU8224561,NHAVA SHEVA-NSFT,DAKAR-SENEGAL,AL-NASIR,CMA,CAD0830984,CAD0830984,03/09/2025,APL GWANGYANG 0PED3W1MA,03/10/2025,TANGER MED-MOROCCO,06/10/2025,CMA CGM JAMAICA,03/09/2025,OK,SOB,24/10/2025,8,,,,11/09/2025,,,,,
323,MNBU0429452,NHAVA SHEVA-NSICT,LIBREVILLE-GABON,HMA,MAERSK,258258811,,03/09/2025,MAERSK IYO 535W,22/09/2025,POINTE NOIRE-CONGO,03/10/2025,GFS RUBY,03/09/2025,OK,SOB,09/10/2025,8,,,,12/09/2025,,,,,
324,CGMU5289096,NHAVA SHEVA-NSFT,ABIDJAN-COTE D IVORE,HMA,CMA,CAD0831035,CAD0831035,03/09/2025,APL GWANGYANG 0PED3W1MA,03/10/2025,TANGER MED-MOROCCO,06/10/2025,CMA CGM JAMAICA,03/09/2025,OK,SOB,19/10/2025,8,,,,11/09/2025,,,,,
325,CGMU5142910,NHAVA SHEVA-NSICT,LUANDA-ANGOLA,HMA,CMA,CAD0830634,CAD0830634,03/09/2025,MAERSK IYO 0MSMOW1MA,22/09/2025,POINTE NOIRE-CONGO,25/09/2025,CMA CGM JACQUES JUNIOR,03/09/2025,OK,SOB,01/10/2025,8,,,,12/09/2025,,,,,
326,SZLU9926269,MUNDRA - MDPT,JEDDAH-SAUDI ARABIA,HMA,CMA,CAD0829531,CAD0829531,03/09/2025,ZHU CHENG XIN ZHOU 0QC49W1MA,,----Select----,,direct,03/09/2025,ok,SOB,12/09/2025,8,,,,12/09/2025,,,,,
327,TEMU9463017,NHAVA SHEVA-NSFT,DAKAR-SENEGAL,HMA,CMA,CAD0829524,CAD0829524,03/09/2025,APL GWANGYANG 0PED3W1MA,03/10/2025,TANGER MED-MOROCCO,06/10/2025,CMA CGM JAMAICA,03/09/2025,OK,SOB,24/10/2025,8,,,,11/09/2025,,,,,
328,SEKU9133672,NHAVA SHEVA-NSFT,DAKAR-SENEGAL,HMA,CMA,CAD0828781,CAD0828781,03/09/2025,APL GWANGYANG 0PED3W1MA,03/10/2025,TANGER MED-MOROCCO,06/10/2025,CMA CGM JAMAICA,03/09/2025,OK,SOB,24/10/2025,8,,,,11/09/2025,,,,,
329,OOLU6294614,NHAVA SHEVA-BMCT,HAIPHONG-VIETNAM,AL AMMAR,OOCL,2764158816,OOLU2764158816,03/09/2025,EVER SMART 137E,16/09/2025,PORT KLANG WEST-MALAYSIA,23/09/2025,HANSA COLOMBO,03/09/2025,OK,SOB,25/09/2025,8,,,,11/09/2025,,,,,
330,MNBU3787423,NHAVA SHEVA-BMCT,DAKAR-SENEGAL,AL AMMAR,MAERSK,721038854,721038854,03/09/2025,MAERSK CADIZ 535W,29/09/2025,TEMA-GHANA,08/10/2025,BOSTON,03/09/2025,ok,SOB,16/10/2025,8,,,,12/09/2025,,,,,
331,TLLU1032190,NHAVA SHEVA-NSFT,DAKAR-SENEGAL,AL AMMAR,CMA,CAD0828988,CAD0828988,03/09/2025,APL GWANGYANG 0PED3W1MA,03/10/2025,TANGER MED-MOROCCO,06/10/2025,CMA CGM JAMAICA,03/09/2025,OK,SOB,24/10/2025,8,,,,11/09/2025,,,,,
332,CXRU1518561,NHAVA SHEVA-NSFT,DAKAR-SENEGAL,AL AMMAR,CMA,CAD0829534,CAD0829534,03/09/2025,APL GWANGYANG 0PED3W1MA,03/10/2025,TANGER MED-MOROCCO,06/10/2025,CMA CGM JAMAICA,03/09/2025,OK,SOB,24/10/2025,8,,,,11/09/2025,,,,,
333,CGMU5176401,NHAVA SHEVA-NSFT,DAKAR-SENEGAL,AL AMMAR,CMA,CAD0831039,CAD0831039,03/09/2025,APL GWANGYANG 0PED3W1MA,03/10/2025,TANGER MED-MOROCCO,06/10/2025,CMA CGM JAMAICA,03/09/2025,OK,SOB,24/10/2025,8,,,,11/09/2025,,,,,
334,TTNU8501706,NHAVA SHEVA-NSFT,DAKAR-SENEGAL,AL AMMAR,CMA,CAD0830986,CAD0830986,03/09/2025,APL GWANGYANG 0PED3W1MA,03/10/2025,TANGER MED-MOROCCO,06/10/2025,CMA CGM JAMAICA,03/09/2025,OK,SOB,24/10/2025,8,,,,11/09/2025,,,,,
335,MNBU3305049,NHAVA SHEVA-BMCT,ABIDJAN-COTE D IVORE,IFF INDIA,MAERSK,258388246,258388246,03/09/2025,MAERSK CADIZ 535W,,----Select----,,direct,03/09/2025,ETD CHANGE,SOB,07/10/2025,8,,,,12/09/2025,,,,,
336,OTPU6225052,NHAVA SHEVA-NSIGT,TANJUNG PRIOK JAKARTA-INDONESIA,IFF INDIA,WAN HAI,204FX06172,204FX06172,03/09/2025,INTERASIA ACCELERATE E009,13/09/2025,PORT KLANG NORTH-MALAYSIA,21/09/2025,CMA CGM CAIMEP,03/09/2025,OK,SOB,26/09/2025,8,,,,13/09/2025,,,,,
337,CGMU5255970,NHAVA SHEVA-NSFT,BANJUL-GAMBIA,IFF INDIA,CMA,CAD0830831,CAD0830831,03/09/2025,APL GWANGYANG 0PED3W1MA,01/10/2025,TANGER MED-MOROCCO,03/10/2025,AURETTE A,03/09/2025,OK,SOB,19/10/2025,8,,,,11/09/2025,,,,,
338,OTPU6225896,NHAVA SHEVA-NSIGT,TANJUNG PRIOK JAKARTA-INDONESIA,INTERNATIONAL,WAN HAI,204FX06343,204FX06343,03/09/2025,INTERASIA ACCELERATE E009,13/09/2025,PORT KLANG NORTH-MALAYSIA,21/09/2025,CMA CGM CAIMEP,03/09/2025,OK,SOB,26/09/2025,8,,,,13/09/2025,,,,,
339,MNBU0318058,NHAVA SHEVA-NSICT,SOHAR-OMAN,IFF INDIA,MAERSK,721036267,721036267,04/09/2025,MAERSK KENTUCKY 536W,07/09/2025,JEBEL ALI-UAE,09/09/2025,SLS TOPAZ,04/09/2025,OK,SOB,10/09/2025,7,,,,09/09/2025,,,,,
340,MNBU4230258,NHAVA SHEVA-NSICT,UMM QASR NORTH-IRAQ,IFF INDIA,MAERSK,721038852,721038852,04/09/2025,MAERSK KENTUCKY 536W,07/09/2025,JEBEL ALI-UAE,12/09/2025,AS CLEMENTINA,04/09/2025,ok,SOB,13/09/2025,7,,,,12/09/2025,,,,,
341,MNBU3655535,NHAVA SHEVA-NSICT,SOHAR-OMAN,IFF INDIA,MAERSK,721041386,721041386,04/09/2025,MAERSK KENTUCKY 536W,07/09/2025,JEBEL ALI-UAE,09/09/2025,SLS TOPAZ,04/09/2025,OK,SOB,10/09/2025,7,,,,09/09/2025,,,,,
342,MNBU3320640,NHAVA SHEVA-NSICT,SOHAR-OMAN,IFF INDIA,MAERSK,721039330,721039330,04/09/2025,MAERSK KENTUCKY 536W,07/09/2025,JEBEL ALI-UAE,09/09/2025,SLS TOPAZ,04/09/2025,ok,SOB,10/09/2025,7,,,,09/09/2025,,,,,
343,OTPU6759470,NHAVA SHEVA-GTIL,HAIPHONG-VIETNAM,IFF INDIA,WAN HAI,204FX06400,204FX06400,04/09/2025,WAN HAI 507 E235,10/09/2025,PORT KLANG NORTH-MALAYSIA,19/09/2025,WAN HAI 361,04/09/2025,OKOK,SOB,22/09/2025,7,,,,10/09/2025,,,,,
344,OTPU6725232,NHAVA SHEVA-GTIL,HAIPHONG-VIETNAM,IFF INDIA,WAN HAI,204FX06170,204FX06170,04/09/2025,WAN HAI 507 E235,10/09/2025,PORT KLANG NORTH-MALAYSIA,19/09/2025,WAN HAI 361,04/09/2025,OK,SOB,22/09/2025,7,,,,10/09/2025,,,,,
345,SEKU9168703,NHAVA SHEVA-GTIL,HAIPHONG-VIETNAM,IFF INDIA,WAN HAI,204FX06183,204FX06183,04/09/2025,WAN HAI 507 E235,10/09/2025,PORT KLANG NORTH-MALAYSIA,19/09/2025,WAN HAI 361,04/09/2025,OK,SOB,22/09/2025,7,,,,10/09/2025,,,,,
346,EMCU5663019,MUNDRA - MDPT,HAIPHONG-VIETNAM,IFF INDIA,EVERGREEN,102500077596,EGLV102500077596,04/09/2025,INTERASIA AMPLIFY E009,11/09/2025,PORT KLANG WEST-MALAYSIA,15/09/2025,EVER WISE,04/09/2025,ETD CHANGE,SOB,19/09/2025,7,,,,10/09/2025,,,,,
347,EMCU5686734,NHAVA SHEVA-GTIL,MANILA NORTH-PHILIPPINES,IFF INDIA,EVERGREEN,102500077715,EGLV102500077715,04/09/2025,WAN HAI 507 E235,17/09/2025,KAOHSIUNG-TAIWAN,20/09/2025,EVER COMMAND,04/09/2025,OK,SOB,21/09/2025,7,,,,11/09/2025,,,,,
348,EMCU5562672,NHAVA SHEVA-GTIL,MANILA NORTH-PHILIPPINES,IFF INDIA,EVERGREEN,102500077235,EGLV102500077235,04/09/2025,WAN HAI 507 E235,17/09/2025,KAOHSIUNG-TAIWAN,20/09/2025,EVER COMMAND,04/09/2025,OK,SOB,21/09/2025,7,,,,11/09/2025,,,,,
349,EMCU5686190,MUNDRA - MDPT,CAT LAI-VIETNAM,IFF INDIA,EVERGREEN,102500077189,EGLV102500077189,04/09/2025,INTERASIA AMPLIFY E009,11/09/2025,PORT KLANG WEST-MALAYSIA,15/09/2025,EVER ORIENT,04/09/2025,ETD CHANGE,SOB,18/09/2025,7,,,,10/09/2025,,,,,
350,MNBU4058703,NHAVA SHEVA-NSICT,SHARJAH-UAE,PURE,MAERSK,721038845,721038845,04/09/2025,MAERSK KENTUCKY 536W,07/09/2025,JEBEL ALI-UAE,12/09/2025,X-PRESS KOHIMA,04/09/2025,ok,SOB,13/09/2025,7,,,,12/09/2025,,,,,
351,SUDU6142547,NHAVA SHEVA-NSICT,KHALIFA-BAHRAIN,KIRPA RAM DAIRY PRIVATE LIMITED,MAERSK,721036264,721036264,04/09/2025,MAERSK KENTUCKY 536W,07/09/2025,JEBEL ALI-UAE,14/09/2025,GFS PRIME,04/09/2025,ok,SOB,16/09/2025,7,,,,14/09/2025,,,,,
352,MNBU0677736,NHAVA SHEVA-NSICT,KHALIFA-BAHRAIN,KIRPA RAM DAIRY PRIVATE LIMITED,MAERSK,721036264,721036264,04/09/2025,MAERSK KENTUCKY 536W,07/09/2025,JEBEL ALI-UAE,14/09/2025,GFS PRIME,04/09/2025,ok,SOB,16/09/2025,7,,,,14/09/2025,,,,,
353,MNBU3670885,NHAVA SHEVA-NSICT,KHALIFA-BAHRAIN,KIRPA RAM DAIRY PRIVATE LIMITED,MAERSK,721047082,721047082,04/09/2025,MAERSK KENTUCKY 536W,07/09/2025,JEBEL ALI-UAE,14/09/2025,GFS PRIME,04/09/2025,ok,SOB,16/09/2025,7,,,,14/09/2025,,,,,
354,MNBU3032999,NHAVA SHEVA-NSICT,UMM QASR NORTH-IRAQ,INTERNATIONAL,MAERSK,721036265,721036265,04/09/2025,MAERSK KENTUCKY 536W,07/09/2025,JEBEL ALI-UAE,12/09/2025,AS CLEMENTINA,04/09/2025,OK,SOB,13/09/2025,7,,,,12/09/2025,,,,,
355,MNBU0093286,NHAVA SHEVA-NSICT,UMM QASR NORTH-IRAQ,INTERNATIONAL,MAERSK,721036266,721036266,04/09/2025,MAERSK KENTUCKY 536W,07/09/2025,JEBEL ALI-UAE,12/09/2025,AS CLEMENTINA,04/09/2025,OK,SOB,13/09/2025,7,,,,12/09/2025,,,,,
356,OTPU6680591,NHAVA SHEVA-GTIL,MANILA NORTH-PHILIPPINES,INTERNATIONAL,WAN HAI,204FX06153,204FX06153,04/09/2025,WAN HAI 507 E235,18/09/2025,KAOHSIUNG-TAIWAN,23/09/2025,SMOOTH SAILING,04/09/2025,OK,SOB,26/09/2025,7,,,,11/09/2025,,,,,
357,FSCU5930740,NHAVA SHEVA-GTIL,CAT LAI-VIETNAM,AL HASSAN,WAN HAI,204FX06342,204FX06342,04/09/2025,WAN HAI 507 E235,10/09/2025,PORT KLANG NORTH-MALAYSIA,14/09/2025,WAN HAI 326,04/09/2025,OK,SOB,16/09/2025,7,,,,10/09/2025,,,,,
358,MNBU4055366,NHAVA SHEVA-NSICT,SHARJAH-UAE,AL-NASIR,MAERSK,721036271,721036271,04/09/2025,MAERSK KENTUCKY 536W,07/09/2025,JEBEL ALI-UAE,12/09/2025,X-PRESS KOHIMA,04/09/2025,OK,SOB,13/09/2025,7,,,,12/09/2025,,,,,
359,MMAU1200380,NHAVA SHEVA-NSICT,UMM QASR NORTH-IRAQ,AL-NASIR,MAERSK,721041385,721041385,04/09/2025,MAERSK KENTUCKY 536W,07/09/2025,JEBEL ALI-UAE,12/09/2025,AS CLEMENTINA,04/09/2025,ok,SOB,13/09/2025,7,,,,12/09/2025,,,,,
360,OTPU6193844,NHAVA SHEVA-NSICT,AQABA-JORDAN,AL-NASIR,WAN HAI,204FX06174,204FX06174,04/09/2025,WAN HAI 501 W259,15/09/2025,JEDDAH-SAUDI ARABIA,,PENDING,04/09/2025,ETD CHANGED,SOB,22/09/2025,7,,,,11/09/2025,,,,,
361,SEGU9953065,MUNDRA - MDPT,AQABA-JORDAN,AL-NASIR,WAN HAI,204FX06014,204FX06014,04/09/2025,WAN HAI 311 W248,09/09/2025,JEDDAH-SAUDI ARABIA,12/09/2025,WAN HAI 308,04/09/2025,VESSEL PLANNING CHANGED,SOB,20/09/2025,7,,,,09/09/2025,,,,,
362,FSCU5705029,MUNDRA - MDPT,AQABA-JORDAN,AL-NASIR,WAN HAI,204FX05972,204FX05972,04/09/2025,WAN HAI 311 W248,09/09/2025,JEDDAH-SAUDI ARABIA,12/09/2025,WAN HAI 308,04/09/2025,VESSEL PLANNING CHANGED,SOB,20/09/2025,7,,,,09/09/2025,,,,,
363,SEKU9185357,NHAVA SHEVA-NSICT,AQABA-JORDAN,AL-NASIR,WAN HAI,204FX06175,204FX06175,04/09/2025,WAN HAI 501 W259,15/09/2025,JEDDAH-SAUDI ARABIA,,PENDING,04/09/2025,ETD CHANGED,SOB,22/09/2025,7,,,,11/09/2025,,,,,
364,OTPU6199863,NHAVA SHEVA-GTIL,HAIPHONG-VIETNAM,AL-NASIR,WAN HAI,204FX06244,204FX06244,04/09/2025,WAN HAI 507 E235,10/09/2025,PORT KLANG NORTH-MALAYSIA,19/09/2025,WAN HAI 361,04/09/2025,OK,SOB,22/09/2025,7,,,,10/09/2025,,,,,
365,OTPU6678423,NHAVA SHEVA-NSICT,AQABA-JORDAN,AL-NASIR,WAN HAI,204FX06176,204FX06176,04/09/2025,WAN HAI 501 W259,15/09/2025,JEDDAH-SAUDI ARABIA,,PENDING,04/09/2025,ETD CHANGED,SOB,22/09/2025,7,,,,11/09/2025,,,,,
366,OTPU6250137,NHAVA SHEVA-GTIL,HAIPHONG-VIETNAM,AL-NASIR,WAN HAI,204FX06171,204FX06171,04/09/2025,WAN HAI 507 E235,10/09/2025,PORT KLANG NORTH-MALAYSIA,19/09/2025,WAN HAI 361,04/09/2025,OKOK,SOB,22/09/2025,7,,,,10/09/2025,,,,,
367,FBIU5362314,MUNDRA - MDPT,AQABA-JORDAN,AL-NASIR,WAN HAI,204FX05887,204FX05887,04/09/2025,WAN HAI 311 W248,09/09/2025,JEDDAH-SAUDI ARABIA,12/09/2025,WAN HAI 308,04/09/2025,VESSEL PLANNING CHANGED,SOB,20/09/2025,7,,,,09/09/2025,,,,,
368,OTPU6684940,NHAVA SHEVA-GTIL,CAT LAI-VIETNAM,AL-NASIR,WAN HAI,204FX06243,204FX06243,04/09/2025,WAN HAI 507 E235,10/09/2025,PORT KLANG NORTH-MALAYSIA,14/09/2025,WAN HAI 326,04/09/2025,OK,SOB,16/09/2025,7,,,,10/09/2025,,,,,
369,EMCU5548890,MUNDRA - MDPT,CAT LAI-VIETNAM,AL-NASIR,EVERGREEN,102500077987,EGLV102500077987,04/09/2025,INTERASIA AMPLIFY E009,11/09/2025,PORT KLANG WEST-MALAYSIA,15/09/2025,EVER ORIENT,04/09/2025,ETD CHANGE,SOB,18/09/2025,7,,,,10/09/2025,,,,,
370,EMCU5545612,NHAVA SHEVA-GTIL,DA NANG-VIETNAM,AL-NASIR,EVERGREEN,102500076425,EGLV102500076425,04/09/2025,WAN HAI 507 E235,17/09/2025,KAOHSIUNG-TAIWAN,26/09/2025,EVER ORDER,04/09/2025,ok,SOB,28/09/2025,7,,,,11/09/2025,,,,,
371,MWCU5316363,NHAVA SHEVA-NSICT,SOHAR-OMAN,HMA,MAERSK,721036270,721036270,04/09/2025,MAERSK KENTUCKY 536W,07/09/2025,JEBEL ALI-UAE,09/09/2025,SLS TOPAZ,04/09/2025,OK,SOB,10/09/2025,7,,,,09/09/2025,,,,,
372,MNBU4013041,NHAVA SHEVA-NSICT,SOHAR-OMAN,HMA,MAERSK,721038847,721038847,04/09/2025,MAERSK KENTUCKY 536W,07/09/2025,JEBEL ALI-UAE,09/09/2025,SLS TOPAZ,04/09/2025,ok,SOB,10/09/2025,7,,,,09/09/2025,,,,,
373,MNBU4225523,NHAVA SHEVA-NSICT,PORT LOUIS-MAURITIUS,HMA,MAERSK,721038844,721038844,04/09/2025,OAKLAND EXPRESS 535W,08/09/2025,SALALAH-OMAN,14/09/2025,JPO AQUARIUS,04/09/2025,OK,SOB,23/09/2025,7,,,,14/09/2025,,,,,
374,SEGU9953424,MUNDRA - MDPT,ALEXANDRIA-EGYPT,HMA,WAN HAI,204FX05854,204FX05854,04/09/2025,WAN HAI 311 W248,,----Select----,,direct,04/09/2025,ETD CHANGED,SOB,18/09/2025,7,,,,10/09/2025,,,,,
375,SEGU9932252,MUNDRA - MDPT,ALEXANDRIA-EGYPT,HMA,WAN HAI,204FX05854,204FX05854,04/09/2025,WAN HAI 311 W248,,----Select----,,direct,04/09/2025,ETD CHANGED,SOB,18/09/2025,7,,,,10/09/2025,,,,,
376,FBIU5379997,MUNDRA - MDPT,ALEXANDRIA-EGYPT,HMA,WAN HAI,204FX06309,204FX06309,04/09/2025,WAN HAI 311 W248,,----Select----,,direct,04/09/2025,ETD CHANGED,SOB,18/09/2025,7,,,,10/09/2025,,,,,
377,OTPU6683522,MUNDRA - MDPT,ALEXANDRIA-EGYPT,HMA,WAN HAI,204FX05969,204FX05969,04/09/2025,WAN HAI 311 W248,,----Select----,,direct,04/09/2025,ETD CHANGED,SOB,18/09/2025,7,,,,10/09/2025,,,,,
378,FBIU5393779,MUNDRA - MDPT,ALEXANDRIA-EGYPT,HMA,WAN HAI,204FX05853,204FX05853,04/09/2025,WAN HAI 311 W248,,----Select----,,direct,04/09/2025,ETD CHANGED,SOB,18/09/2025,7,,,,10/09/2025,,,,,
379,SEGU9916734,MUNDRA - MDPT,ALEXANDRIA-EGYPT,HMA,WAN HAI,204FX05854,204FX05854,04/09/2025,WAN HAI 311 W248,,----Select----,,direct,04/09/2025,ETD CHANGED,SOB,18/09/2025,7,,,,10/09/2025,,,,,
380,SEGU9614380,MUNDRA - MDPT,ALEXANDRIA-EGYPT,HMA,WAN HAI,204FX06022,204FX06022,04/09/2025,WAN HAI 311 W248,,----Select----,,direct,04/09/2025,ETD CHANGED,SOB,18/09/2025,7,,,,10/09/2025,,,,,
381,FBIU5326045,MUNDRA - MDPT,ALEXANDRIA-EGYPT,HMA,WAN HAI,204FX06022,204FX06022,04/09/2025,WAN HAI 311 W248,,----Select----,,direct,04/09/2025,ETD CHANGED,SOB,18/09/2025,7,,,,10/09/2025,,,,,
382,FSCU5705796,MUNDRA - MDPT,ALEXANDRIA-EGYPT,HMA,WAN HAI,204FX06105,204FX06105,04/09/2025,WAN HAI 311 W248,,----Select----,,direct,04/09/2025,ETD CHANGED,SOB,18/09/2025,7,,,,10/09/2025,,,,,
383,SEGU9913397,MUNDRA - MDPT,ALEXANDRIA-EGYPT,HMA,WAN HAI,204FX06023,204FX06023,04/09/2025,WAN HAI 311 W248,,----Select----,,direct,04/09/2025,ETD CHANGED,SOB,18/09/2025,7,,,,10/09/2025,,,,,
384,OTPU6244978,MUNDRA - MDPT,ALEXANDRIA-EGYPT,HMA,WAN HAI,204FX05969,204FX05969,04/09/2025,WAN HAI 311 W248,,----Select----,,direct,04/09/2025,ETD CHANGED,SOB,18/09/2025,7,,,,10/09/2025,,,,,
385,OTPU6202308,MUNDRA - MDPT,ALEXANDRIA-EGYPT,HMA,WAN HAI,204FX06308,204FX06308,04/09/2025,WAN HAI 311 W248,,----Select----,,direct,04/09/2025,ETD CHANGED,SOB,18/09/2025,7,,,,10/09/2025,,,,,
386,SEGU9857375,MUNDRA - MDPT,ALEXANDRIA-EGYPT,HMA,WAN HAI,204FX06309,204FX06309,04/09/2025,WAN HAI 311 W248,,----Select----,,direct,04/09/2025,ETD CHANGED,SOB,18/09/2025,7,,,,10/09/2025,,,,,
387,FBIU5294101,MUNDRA - MDPT,ALEXANDRIA-EGYPT,HMA,WAN HAI,204FX06308,204FX06308,04/09/2025,WAN HAI 311 W248,,----Select----,,direct,04/09/2025,ETD CHANGED,SOB,18/09/2025,7,,,,10/09/2025,,,,,
388,FBIU5361555,MUNDRA - MDPT,ALEXANDRIA-EGYPT,HMA,WAN HAI,204FX06308,204FX06308,04/09/2025,WAN HAI 311 W248,,----Select----,,direct,04/09/2025,ETD CHANGED,SOB,18/09/2025,7,,,,10/09/2025,,,,,
389,SEGU9951817,MUNDRA - MDPT,ALEXANDRIA-EGYPT,HMA,WAN HAI,204FX06336,204FX06336,04/09/2025,WAN HAI 311 W248,,----Select----,,direct,04/09/2025,ETD CHANGED,SOB,18/09/2025,7,,,,10/09/2025,,,,,
390,FBIU5118416,MUNDRA - MDPT,AQABA-JORDAN,HMA,WAN HAI,204FX05889,204FX05889,04/09/2025,WAN HAI 311 W248,09/09/2025,JEDDAH-SAUDI ARABIA,12/09/2025,WAN HAI 308,04/09/2025,VESSEL PLANNING CHANGED,SOB,20/09/2025,7,,,,09/09/2025,,,,,
391,FBIU5395895,MUNDRA - MDPT,ALEXANDRIA-EGYPT,HMA,WAN HAI,204FX06309,204FX06309,04/09/2025,WAN HAI 311 W248,,----Select----,,direct,04/09/2025,ETD CHANGED,SOB,18/09/2025,7,,,,10/09/2025,,,,,
392,SEKU9079519,MUNDRA - MDPT,ALEXANDRIA-EGYPT,HMA,WAN HAI,204FX05853,204FX05853,04/09/2025,WAN HAI 311 W248,,----Select----,,direct,04/09/2025,ETD CHANGED,SOB,18/09/2025,7,,,,10/09/2025,,,,,
393,SEKU9299088,MUNDRA - MDPT,AQABA-JORDAN,HMA,WAN HAI,204FX05889,204FX05889,04/09/2025,WAN HAI 311 W248,09/09/2025,JEDDAH-SAUDI ARABIA,12/09/2025,WAN HAI 308,04/09/2025,VESSEL PLANNING CHANGED,SOB,20/09/2025,7,,,,09/09/2025,,,,,
394,OTPU6725818,MUNDRA - MDPT,ALEXANDRIA-EGYPT,HMA,WAN HAI,204FX05969,204FX05969,04/09/2025,WAN HAI 311 W248,,----Select----,,direct,04/09/2025,ETD CHANGED,SOB,18/09/2025,7,,,,10/09/2025,,,,,
395,FBIU5120141,MUNDRA - MDPT,ALEXANDRIA-EGYPT,HMA,WAN HAI,204FX05978,204FX05978,04/09/2025,WAN HAI 311 W248,,----Select----,,direct,04/09/2025,ETD CHANGED,SOB,18/09/2025,7,,,,10/09/2025,,,,,
396,OTPU6226378,MUNDRA - MDPT,ALEXANDRIA-EGYPT,HMA,WAN HAI,204FX06105,204FX06105,04/09/2025,WAN HAI 311 W248,,----Select----,,direct,04/09/2025,ETD CHANGED,SOB,18/09/2025,7,,,,10/09/2025,,,,,
397,OTPU6227040,MUNDRA - MDPT,ALEXANDRIA-EGYPT,HMA,WAN HAI,204FX06023,204FX06023,04/09/2025,WAN HAI 311 W248,,----Select----,,direct,04/09/2025,ETD CHANGED,SOB,18/09/2025,7,,,,10/09/2025,,,,,
398,SEKU9150833,MUNDRA - MDPT,ALEXANDRIA-EGYPT,HMA,WAN HAI,204FX06023,204FX06023,04/09/2025,WAN HAI 311 W248,,----Select----,,direct,04/09/2025,ETD CHANGED,SOB,18/09/2025,7,,,,10/09/2025,,,,,
399,SEGU9953759,NHAVA SHEVA-NSICT,AQABA-JORDAN,HMA,WAN HAI,204FX06173,204FX06173,04/09/2025,WAN HAI 501 W259,15/09/2025,JEDDAH-SAUDI ARABIA,,PENDING,04/09/2025,ETD CHANGED,SOB,22/09/2025,7,,,,11/09/2025,,,,,
400,FBIU5328500,MUNDRA - MDPT,AQABA-JORDAN,HMA,WAN HAI,204FX05889,204FX05889,04/09/2025,WAN HAI 311 W248,09/09/2025,JEDDAH-SAUDI ARABIA,12/09/2025,WAN HAI 308,04/09/2025,VESSEL PLANNING CHANGED,SOB,20/09/2025,7,,,,09/09/2025,,,,,
401,OTPU6686650,MUNDRA - MDPT,ALEXANDRIA-EGYPT,HMA,WAN HAI,204FX06336,204FX06336,04/09/2025,WAN HAI 311 W248,,----Select----,,direct,04/09/2025,ETD CHANGED,SOB,18/09/2025,7,,,,10/09/2025,,,,,
402,MNBU9073953,NHAVA SHEVA-NSICT,UMM QASR NORTH-IRAQ,AL AMMAR,MAERSK,721038851,721038851,04/09/2025,MAERSK KENTUCKY 536W,07/09/2025,JEBEL ALI-UAE,12/09/2025,AS CLEMENTINA,04/09/2025,ok,SOB,13/09/2025,7,,,,12/09/2025,,,,,
403,EMCU5672371,MUNDRA - MDPT,PORT KLANG WEST-MALAYSIA,AL AMMAR,EVERGREEN,102500076417,EGLV102500076417,04/09/2025,INTERASIA AMPLIFY E009,,----Select----,,DIRECT,04/09/2025,ETD CHANGE,SOB,11/09/2025,7,,,,10/09/2025,,,,,
404,TLLU1184043,MUNDRA - MDPT,PORT KLANG WEST-MALAYSIA,AL AMMAR,EVERGREEN,102500077162,EGLV102500077162,04/09/2025,INTERASIA AMPLIFY E009,,----Select----,,DIRECT,04/09/2025,ETD CHANGE,SOB,11/09/2025,7,,,,10/09/2025,,,,,
405,EMCU5718997,NHAVA SHEVA-GTIL,CEBU-PHILIPPINES,AL AMMAR,EVERGREEN,102500078436,EGLV102500078436,04/09/2025,WAN HAI 507 E235,17/09/2025,KAOHSIUNG-TAIWAN,22/09/2025,EVER CHANT,04/09/2025,ok,SOB,26/09/2025,7,,,,11/09/2025,,,,,
406,EMCU5550368,NHAVA SHEVA-GTIL,CEBU-PHILIPPINES,AL AMMAR,EVERGREEN,102500077219,EGLV102500077219,04/09/2025,WAN HAI 507 E235,17/09/2025,KAOHSIUNG-TAIWAN,22/09/2025,EVER CHANT,04/09/2025,ok,SOB,26/09/2025,7,,,,11/09/2025,,,,,
407,EMCU5717033,MUNDRA - MDPT,PORT KLANG WEST-MALAYSIA,AL AMMAR,EVERGREEN,102500077413,EGLV102500077413,04/09/2025,INTERASIA AMPLIFY E009,,----Select----,,DIRECT,04/09/2025,ETD CHANGE,SOB,11/09/2025,7,,,,10/09/2025,,,,,
408,EMCU5373241,NHAVA SHEVA-GTIL,CEBU-PHILIPPINES,AL AMMAR,EVERGREEN,102500077227,EGLV102500077227,04/09/2025,WAN HAI 507 E235,17/09/2025,KAOHSIUNG-TAIWAN,22/09/2025,EVER CHANT,04/09/2025,ok,SOB,26/09/2025,7,,,,11/09/2025,,,,,
409,OTPU6216338,NHAVA SHEVA-GTIL,CEBU-PHILIPPINES,AL AMMAR,EVERGREEN,102500078410,EGLV102500078410,04/09/2025,WAN HAI 507 E235,17/09/2025,KAOHSIUNG-TAIWAN,22/09/2025,EVER CHANT,04/09/2025,ok,SOB,26/09/2025,7,,,,11/09/2025,,,,,
410,EMCU5709906,NHAVA SHEVA-GTIL,CEBU-PHILIPPINES,AL AMMAR,EVERGREEN,102500079114,,04/09/2025,WAN HAI 507 E235,17/09/2025,KAOHSIUNG-TAIWAN,22/09/2025,EVER CHANT,04/09/2025,ok,SOB,26/09/2025,7,,,,11/09/2025,,,,,
411,EMCU5386402,MUNDRA - MDPT,PHUOC LONG-VIETNAM,AL AMMAR,EVERGREEN,102500077979,EGLV102500077979,04/09/2025,INTERASIA AMPLIFY E009,11/09/2025,PORT KLANG WEST-MALAYSIA,15/09/2025,EVER ORIENT,04/09/2025,ETD CHANGE,SOB,19/09/2025,7,,,,10/09/2025,,,,,
412,MNBU3888943,NHAVA SHEVA-NSICT,UMM QASR NORTH-IRAQ,AL AAYAT,MAERSK,721041384,721041384,04/09/2025,MAERSK KENTUCKY 536W,07/09/2025,JEBEL ALI-UAE,12/09/2025,AS CLEMENTINA,04/09/2025,ok,SOB,13/09/2025,7,,,,12/09/2025,,,,,
413,MNBU3218366,NHAVA SHEVA-NSICT,UMM QASR NORTH-IRAQ,AL AAYAT,MAERSK,721041383,721041383,04/09/2025,MAERSK KENTUCKY 536W,07/09/2025,JEBEL ALI-UAE,12/09/2025,AS CLEMENTINA,04/09/2025,ok,SOB,13/09/2025,7,,,,12/09/2025,,,,,
414,SEKU9167857,NHAVA SHEVA-GTIL,HAIPHONG-VIETNAM,AL AAYAT,WAN HAI,204FX06376,,04/09/2025,WAN HAI 507 E235,10/09/2025,PORT KLANG NORTH-MALAYSIA,19/09/2025,WAN HAI 361,04/09/2025,OK,SOB,22/09/2025,7,,,,10/09/2025,,,,,
415,FBIU5362588,NHAVA SHEVA-GTIL,HAIPHONG-VIETNAM,AL AAYAT,WAN HAI,204FX06377,204FX06377,04/09/2025,WAN HAI 507 E235,10/09/2025,PORT KLANG NORTH-MALAYSIA,19/09/2025,WAN HAI 361,04/09/2025,OK,SOB,22/09/2025,7,,,,10/09/2025,,,,,
416,FBIU5303353,NHAVA SHEVA-GTIL,HAIPHONG-VIETNAM,ANAA TRADERS,WAN HAI,204FX06155,204FX06155,04/09/2025,WAN HAI 507 E235,10/09/2025,PORT KLANG NORTH-MALAYSIA,19/09/2025,WAN HAI 361,04/09/2025,OK,SOB,22/09/2025,7,,,,10/09/2025,,,,,
417,MNBU0427790,NHAVA SHEVA-NSICT,SOHAR-OMAN,IFF INDIA,MAERSK,721036268,721036268,04/09/2025,MAERSK KENTUCKY 536W,07/09/2025,JEBEL ALI-UAE,09/09/2025,SLS TOPAZ,04/09/2025,OK,SOB,10/09/2025,7,,,,09/09/2025,,,,,
418,SUDU8021267,MUNDRA,SOHAR-OMAN,INTERNATIONAL,MAERSK,721046457,721046457,05/09/2025,SEADREAM 536W,10/09/2025,JEBEL ALI-UAE,16/09/2025,SOURCE BLESSING,05/09/2025,OK,SOB,17/09/2025,6,,,,10/09/2025,,,,,
419,MNBU4422522,MUNDRA,SHARJAH-UAE,PURE,MAERSK,721048009,,05/09/2025,SEADREAM 536W,10/09/2025,JEBEL ALI-UAE,12/09/2025,X PRESS KOHIMA,05/09/2025,OK,SOB,13/09/2025,6,,,,10/09/2025,,,,,
420,MNBU4362953,MUNDRA,SOHAR-OMAN,AL-NASIR,MAERSK,721043997,721043997,05/09/2025,SEADREAM 536W,10/09/2025,JEBEL ALI-UAE,16/09/2025,SOURCE BLESSING,05/09/2025,OK,SOB,17/09/2025,6,,,,10/09/2025,,,,,
421,MNBU3603830,MUNDRA,SHARJAH-UAE,AL-NASIR,MAERSK,721043998,721043998,05/09/2025,SEADREAM 536W,10/09/2025,JEBEL ALI-UAE,12/09/2025,X PRESS KOHIMA,05/09/2025,OK,SOB,13/09/2025,6,,,,10/09/2025,,,,,
422,MNBU3952092,MUNDRA,UMM QASR NORTH-IRAQ,AL-NASIR,MAERSK,721043995,721043995,05/09/2025,SEADREAM 536W,10/09/2025,JEBEL ALI-UAE,16/09/2025,AS CLEMENTINA,05/09/2025,OKOK,SOB,18/09/2025,6,,,,10/09/2025,,,,,
423,MNBU9050794,MUNDRA,SHUWAIKH-KUWAIT,HMA,MAERSK,721041602,721041602,05/09/2025,SEADREAM 536W,10/09/2025,JEBEL ALI-UAE,16/09/2025,(MAERSK YORKTOWN,05/09/2025,OK,SOB,19/09/2025,6,,,,10/09/2025,,,,,
424,SUDU8033226,MUNDRA,UMM QASR NORTH-IRAQ,HMA,MAERSK,721048007,721048007,05/09/2025,SEADREAM 536W,10/09/2025,JEBEL ALI-UAE,16/09/2025,AS CLEMENTINA,05/09/2025,OK,SOB,18/09/2025,6,,,,10/09/2025,,,,,
425,EMCU5582869,MUNDRA - MDPT,PORT KLANG WEST-MALAYSIA,HMA,EVERGREEN,102500077120,EGLV102500077120,05/09/2025,ONE MAJESTY 0020E,,----Select----,,DIRECT,05/09/2025,OK,SOB,11/09/2025,6,,,,11/09/2025,,,,,
426,EMCU5651764,MUNDRA - MDPT,PORT KLANG WEST-MALAYSIA,HMA,EVERGREEN,102500077031,EGLV102500077031,05/09/2025,ONE MAJESTY 0020E,,----Select----,,DIRECT,05/09/2025,OK,SOB,11/09/2025,6,,,,11/09/2025,,,,,
427,MNBU0057376,MUNDRA,UMM QASR NORTH-IRAQ,AL AMMAR,MAERSK,721043994,721043994,05/09/2025,SEADREAM 536W,10/09/2025,JEBEL ALI-UAE,16/09/2025,AS CLEMENTINA,05/09/2025,OK,SOB,18/09/2025,6,,,,10/09/2025,,,,,
428,SUDU8030377,MUNDRA,UMM QASR NORTH-IRAQ,RAYBAN FROZEN,MAERSK,721046456,721046456,05/09/2025,SEADREAM 536W,10/09/2025,JEBEL ALI-UAE,16/09/2025,AS CLEMENTINA,05/09/2025,OK,SOB,18/09/2025,6,,,,10/09/2025,,,,,
429,MNBU3164660,MUNDRA,UMM QASR NORTH-IRAQ,AL AAYAT,MAERSK,721048006,721048006,05/09/2025,SEADREAM 536W,10/09/2025,JEBEL ALI-UAE,16/09/2025,AS CLEMENTINA,05/09/2025,OK,SOB,18/09/2025,6,,,,10/09/2025,,,,,
430,MNBU3595040,MUNDRA,UMM QASR NORTH-IRAQ,AL AAYAT,MAERSK,721048019,721048019,05/09/2025,SEADREAM 536W,10/09/2025,JEBEL ALI-UAE,16/09/2025,AS CLEMENTINA,05/09/2025,OK,SOB,18/09/2025,6,,,,10/09/2025,,,,,
431,MNBU3326653,MUNDRA,UMM QASR NORTH-IRAQ,IFF INDIA,MAERSK,721043996,721043996,05/09/2025,SEADREAM 536W,10/09/2025,JEBEL ALI-UAE,16/09/2025,AS CLEMENTINA,05/09/2025,OK,SOB,18/09/2025,6,,,,10/09/2025,,,,,
432,MNBU4178566,MUNDRA,UMM QASR NORTH-IRAQ,IFF INDIA,MAERSK,721044442,721044442,05/09/2025,SEADREAM 536W,10/09/2025,----Select----,16/09/2025,AS CLEMENTINA,05/09/2025,OK,SOB,18/09/2025,6,,,,10/09/2025,,,,,
433,MNBU9153560,NHAVA SHEVA-BMCT,MONROVIA-LIBERIA,IFF INDIA,MAERSK,258473918,258473918,05/09/2025,MAERSK CONGO 536W,06/10/2025,LOME-TOGO,12/10/2025,AS SELINA,05/09/2025,ETD CHANGE,SOB,12/10/2025,6,,,,15/09/2025,,,,,
434,MNBU3250619,MUNDRA,SOHAR-OMAN,IFF INDIA,MAERSK,721048008,721048008,05/09/2025,SEADREAM 536W,10/09/2025,JEBEL ALI-UAE,16/09/2025,SOURCE BLESSING,05/09/2025,OK,SOB,17/09/2025,6,,,,10/09/2025,,,,,
435,EMCU5684372,MUNDRA - MDPT,HAIPHONG-VIETNAM,IFF INDIA,EVERGREEN,102500079297,EGLV102500079297,05/09/2025,ONE MAJESTY 0020E,11/09/2025,PORT KLANG WEST-MALAYSIA,15/09/2025,EVER WISE,05/09/2025,OK,SOB,19/09/2025,6,,,,11/09/2025,,,,,
436,EMCU5723340,MUNDRA - MDPT,PHUOC LONG-VIETNAM,MIRHA,EVERGREEN,102500079301,,05/09/2025,ONE MAJESTY 0020E,11/09/2025,PORT KLANG WEST-MALAYSIA,15/09/2025,ONE MAJESTY,05/09/2025,OK,SOB,20/09/2025,6,,,,11/09/2025,,,,,
437,OTPU6250292,MUNDRA - MICT (DP),AQABA-JORDAN,INTERNATIONAL,WAN HAI,204FX06520,,06/09/2025,X-PRESS ALTAIR W508,21/09/2025,JEDDAH-SAUDI ARABIA,05/10/2025,WAN HAI 315,06/09/2025,OK,SOB,09/10/2025,5,,,,17/09/2025,,,,,
438,CGMU5168520,NHAVA SHEVA-BMCT,DAMMAM-SAUDI ARABIA,AL AAYAT,CMA,CAD0830987,,06/09/2025,BORKUM 0UJ2FW1MA,,----Select----,,direct,06/09/2025,ETD CHANGE,SOB,12/09/2025,5,,,,12/09/2025,,,,,
439,BMOU9622558,NHAVA SHEVA-BMCT,DAMMAM-SAUDI ARABIA,MIRHA,CMA,CAD0830990,CAD0830990,06/09/2025,BORKUM 0UJ2FW1MA,,----Select----,,direct,06/09/2025,ETD CHANGE,SOB,12/09/2025,5,,,,12/09/2025,,,,,
440,MNBU0100929,MUNDRA,DAKAR-SENEGAL,AL-NASIR,MAERSK,258947740,258947740,06/09/2025,MAERSK CADIZ 535W,29/09/2025,TEMA-GHANA,05/10/2025,BOSTON,06/09/2025,OK,SOB,14/10/2025,5,,,,15/09/2025,,,,,
441,MWCU5306982,MUNDRA,ABIDJAN-COTE D IVORE,AL-NASIR,MAERSK,258947766,258947766,06/09/2025,MAERSK CADIZ 535W,,----Select----,,DIRECT,06/09/2025,OK,SOB,07/10/2025,5,,,,15/09/2025,,,,,
442,MNBU3247106,MUNDRA,DAKAR-SENEGAL,AL-NASIR,MAERSK,258947751,258947751,06/09/2025,MAERSK CADIZ 535W,29/09/2025,TEMA-GHANA,05/10/2025,BOSTON,06/09/2025,OK,SOB,14/10/2025,5,,,,15/09/2025,,,,,
443,SEKU9111204,MUNDRA - MICT (DP),AQABA-JORDAN,AL-NASIR,WAN HAI,204FX06315,204FX06315,06/09/2025,X-PRESS ALTAIR W508,21/09/2025,JEDDAH-SAUDI ARABIA,05/10/2025,WAN HAI 315,06/09/2025,ok,SOB,09/10/2025,5,,,,17/09/2025,,,,,
444,SEGU9932015,MUNDRA - MICT (DP),AQABA-JORDAN,AL-NASIR,WAN HAI,204FX06460,,06/09/2025,X-PRESS ALTAIR W508,21/09/2025,JEDDAH-SAUDI ARABIA,05/10/2025,WAN HAI 315,06/09/2025,ok,SOB,09/10/2025,5,,,,17/09/2025,,,,,
445,MNBU0262339,MUNDRA,DAKAR-SENEGAL,HMA,MAERSK,258907990,258907990,06/09/2025,MAERSK CADIZ 535W,29/09/2025,TEMA-GHANA,05/10/2025,BOSTON,06/09/2025,ok,SOB,14/10/2025,5,,,,16/09/2025,,,,,
446,TEMU9248570,NHAVA SHEVA-BMCT,DAMMAM-SAUDI ARABIA,HMA,CMA,CAD0830652,CAD0830652,06/09/2025,BORKUM 0UJ2FW1MA,,----Select----,,direct,06/09/2025,ETD CHANGE,SOB,12/09/2025,5,,,,12/09/2025,,,,,
447,TEMU9417536,NHAVA SHEVA-BMCT,DAMMAM-SAUDI ARABIA,HMA,CMA,CAD0830988,CAD0830988,06/09/2025,BORKUM 0UJ2FW1MA,,----Select----,,direct,06/09/2025,ETD CHANGE,SOB,12/09/2025,5,,,,12/09/2025,,,,,
448,CGMU5425593,NHAVA SHEVA-BMCT,DAMMAM-SAUDI ARABIA,HMA,CMA,CAD0830645,CAD0830645,06/09/2025,BORKUM 0UJ2FW1MA,,----Select----,,direct,06/09/2025,ETD CHANGE,SOB,12/09/2025,5,,,,12/09/2025,,,,,
449,CGMU5248707,NHAVA SHEVA-BMCT,DAMMAM-SAUDI ARABIA,HMA,CMA,CAD0831033,CAD0831033,06/09/2025,BORKUM 0UJ2FW1MA,,----Select----,,direct,06/09/2025,ETD CHANGE,SOB,12/09/2025,5,,,,12/09/2025,,,,,
450,CAIU5660288,MUNDRA - MDPT,DAKAR-SENEGAL,AL AMMAR,CMA,CAD0831038,CAD0831038,06/09/2025,APL GWANGYANG 0PED3W1MA,03/10/2025,TANGER MED-MOROCCO,06/10/2025,CMA CGM JAMAICA,06/09/2025,ok,SOB,12/10/2025,5,,,,16/09/2025,,,,,
451,MNBU3604693,MUNDRA,ABIDJAN-COTE D IVORE,AL-AALI,MAERSK,258947759,,06/09/2025,MAERSK CADIZ 535W,,----Select----,,DIRECT,06/09/2025,OK,SOB,07/10/2025,5,,,,15/09/2025,,,,,
452,MNBU3251908,MUNDRA,MANILA NORTH-PHILIPPINES,INTERNATIONAL,MAERSK,721044121,721044121,07/09/2025,X-PRESS CARINA 536E,18/09/2025,SINGAPORE-SINGAPORE,23/09/2025,DALLAS EXPRESS,07/09/2025,ok,SOB,29/09/2025,4,,,,15/09/2025,,,,,
453,OTPU6254111,MUNDRA - MICT (DP),TANJUNG PRIOK JAKARTA-INDONESIA,IFF INDIA,WAN HAI,204FX06444,204FX06444,07/09/2025,INTERASIA ACCELERATE E009,14/09/2025,PORT KLANG NORTH-MALAYSIA,17/09/2025,WAN HAI 351,07/09/2025,OK,SOB,19/09/2025,4,,,,14/09/2025,,,,,
454,EMCU5628506,MUNDRA - MDPT,TANJUNG PRIOK JAKARTA-INDONESIA,INTERNATIONAL,EVERGREEN,102500076948,,07/09/2025,TAMPA I 27E,16/09/2025,SINGAPORE-SINGAPORE,26/09/2025,ITAL BONUS,07/09/2025,ETD DELAY 3 DAYS,SOB,28/09/2025,4,,,,14/09/2025,,,,,
455,EGSU5049782,MUNDRA - MDPT,TANJUNG PRIOK JAKARTA-INDONESIA,INTERNATIONAL,EVERGREEN,102500077995,,07/09/2025,TAMPA I 27E,16/09/2025,SINGAPORE-SINGAPORE,26/09/2025,ITAL BONUS,07/09/2025,ETD DELAY 3 DAYS,SOB,28/09/2025,4,,,,14/09/2025,,,,,
456,SEGU9703512,MUNDRA - MICT (DP),CAT LAI-VIETNAM,AL-NASIR,WAN HAI,204FX06463,,07/09/2025,INTERASIA ACCELERATE E009,14/09/2025,PORT KLANG NORTH-MALAYSIA,22/09/2025,WAN HAI 353,07/09/2025,OK,SOB,24/09/2025,4,,,,14/09/2025,,,,,
457,OTPU6245470,MUNDRA - MICT (DP),CAT LAI-VIETNAM,AL-NASIR,WAN HAI,204FX06466,,07/09/2025,INTERASIA ACCELERATE E009,14/09/2025,PORT KLANG NORTH-MALAYSIA,22/09/2025,WAN HAI 353,07/09/2025,OK,SOB,24/09/2025,4,,,,14/09/2025,,,,,
458,MNBU3769902,NHAVA SHEVA-GTIL,ALEXANDRIA-EGYPT,HMA,MAERSK,721046458,721046458,07/09/2025,ALEXANDRA MAERSK 535W,10/09/2025,SALALAH-OMAN,12/09/2025,GFS PRESTIGE,07/09/2025,OK,SOB,25/09/2025,4,,,,10/09/2025,,,,,
459,SUDU9312457,NHAVA SHEVA-GTIL,PORT SAID WEST-EGYPT,HMA,MAERSK,721041601,721041601,07/09/2025,ALEXANDRA MAERSK 535W,10/09/2025,SALALAH-OMAN,12/09/2025,GFS PRESTIGE,07/09/2025,ok,SOB,29/09/2025,4,,,,10/09/2025,,,,,
460,MNBU0154550,NHAVA SHEVA-GTIL,ALEXANDRIA-EGYPT,HMA,MAERSK,721046458,721046458,07/09/2025,ALEXANDRA MAERSK 535W,10/09/2025,SALALAH-OMAN,12/09/2025,GFS PRESTIGE,07/09/2025,OK,SOB,25/09/2025,4,,,,10/09/2025,,,,,
461,MNBU3946886,NHAVA SHEVA-GTIL,ALEXANDRIA-EGYPT,HMA,MAERSK,721046458,721046458,07/09/2025,ALEXANDRA MAERSK 535W,10/09/2025,SALALAH-OMAN,12/09/2025,GFS PRESTIGE,07/09/2025,OK,SOB,25/09/2025,4,,,,10/09/2025,,,,,
462,MNBU0335266,NHAVA SHEVA-GTIL,ALEXANDRIA-EGYPT,HMA,MAERSK,721046458,721046458,07/09/2025,ALEXANDRA MAERSK 535W,10/09/2025,SALALAH-OMAN,12/09/2025,GFS PRESTIGE,07/09/2025,OK,SOB,25/09/2025,4,,,,10/09/2025,,,,,
463,MNBU3378723,NHAVA SHEVA-GTIL,PORT SAID WEST-EGYPT,HMA,MAERSK,721041601,721041601,07/09/2025,ALEXANDRA MAERSK 535W,10/09/2025,SALALAH-OMAN,12/09/2025,GFS PRESTIGE,07/09/2025,ok,SOB,29/09/2025,4,,,,10/09/2025,,,,,
464,MNBU0186537,NHAVA SHEVA-GTIL,ALEXANDRIA-EGYPT,HMA,MAERSK,721046458,721046458,07/09/2025,ALEXANDRA MAERSK 535W,10/09/2025,SALALAH-OMAN,12/09/2025,GFS PRESTIGE,07/09/2025,OK,SOB,25/09/2025,4,,,,10/09/2025,,,,,
465,MMAU1192880,NHAVA SHEVA-GTIL,PORT SAID WEST-EGYPT,HMA,MAERSK,721041601,721041601,07/09/2025,ALEXANDRA MAERSK 535W,10/09/2025,SALALAH-OMAN,12/09/2025,GFS PRESTIGE,07/09/2025,ok,SOB,29/09/2025,4,,,,10/09/2025,,,,,
466,MNBU9084691,NHAVA SHEVA-GTIL,HAMAD-QATAR,IFF INDIA,MAERSK,721041390,721041390,07/09/2025,ALEXANDRA MAERSK 535W,10/09/2025,SALALAH-OMAN,15/09/2025,SLS TOPAZ,07/09/2025,ok,SOB,20/09/2025,4,,,,10/09/2025,,,,,
467,MNBU9027069,NHAVA SHEVA-GTIL,HAMAD-QATAR,IFF INDIA,MAERSK,721041389,721041389,07/09/2025,ALEXANDRA MAERSK 535W,10/09/2025,SALALAH-OMAN,15/09/2025,SLS TOPAZ,07/09/2025,ok,SOB,20/09/2025,4,,,,10/09/2025,,,,,
468,SUDU6235948,NHAVA SHEVA-GTIL,BEIRUT-LEBANON,IFF INDIA,MAERSK,721048011,721048011,07/09/2025,ALEXANDRA MAERSK 535W,13/10/2025,PORT SAID EAST-EGYPT,25/10/2025,ADELINA,07/09/2025,OK,SOB,28/10/2025,4,,,,15/09/2025,,,,,
469,EMCU5743006,MUNDRA - MDPT,TANJUNG PRIOK JAKARTA-INDONESIA,INTERNATIONAL,EVERGREEN,102500078002,,07/09/2025,TAMPA I 27E,16/09/2025,SINGAPORE-SINGAPORE,26/09/2025,ITAL BONUS,07/09/2025,ETD DELAY 3 DAYS,SOB,28/09/2025,4,,,,14/09/2025,,,,,
470,ARKU5019720,NHAVA SHEVA-BMCT,AQABA-JORDAN,AL AMMAR,ARKAS LINE,NSA044370273,,08/09/2025,SASKIA A IMS17W25,,----Select----,,direct,08/09/2025,ok,SOB,20/09/2025,3,,,,17/09/2025,,,,,
471,ARKU5029250,NHAVA SHEVA-BMCT,ALEXANDRIA-EGYPT,AL AMMAR,ARKAS LINE,NSA080747709,,08/09/2025,SASKIA A IMS17W25,,----Select----,,direct,08/09/2025,ok,SOB,23/09/2025,3,,,,08/09/2025,,,,,
472,ARKU5017199,NHAVA SHEVA-BMCT,POTI-GEORGIA,IFF INDIA,ARKAS LINE,NSA059997893,NSA059997893,08/09/2025,SASKIA A IMS17W25,30/09/2025,MARPORT-TURKEY,,pending,08/09/2025,ok,SOB,07/10/2025,3,,,,15/09/2025,,,,,
473,ARKU5006928,NHAVA SHEVA-BMCT,POTI-GEORGIA,IFF INDIA,ARKAS LINE,NSA043848985,NSA043848985,08/09/2025,SASKIA A IMS17W25,30/09/2025,MARPORT-TURKEY,,pending,08/09/2025,ok,SOB,07/10/2025,3,,,,15/09/2025,,,,,
474,ARKU5015529,NHAVA SHEVA-BMCT,POTI-GEORGIA,IFF INDIA,ARKAS LINE,NSA076284021,NSA076284021,08/09/2025,SASKIA A IMS17W25,30/09/2025,MARPORT-TURKEY,,pending,08/09/2025,ok,SOB,07/10/2025,3,,,,15/09/2025,,,,,
475,ARKU5024460,NHAVA SHEVA-BMCT,JEDDAH-SAUDI ARABIA,PURE,ARKAS LINE,NSA012680147,,08/09/2025,SASKIA A IMS17W25,,----Select----,,dirrct,08/09/2025,ok,SOB,17/09/2025,3,,,,15/09/2025,,,,,
476,ARKU5026225,NHAVA SHEVA-BMCT,POTI-GEORGIA,IFF INDIA,ARKAS LINE,NSA059997893,NSA059997893,08/09/2025,SASKIA A IMS17W25,30/09/2025,MARPORT-TURKEY,,pending,08/09/2025,ok,SOB,07/10/2025,3,,,,15/09/2025,,,,,
477,TRIU8246565,KANDLA,BANDAR ABBAS-IRAN,PRAX IMPEX,GOODRICH,BALDEL2500325,BLTDER25000088,08/09/2025,SPECTRUM N 537W,11/09/2025,JEBEL ALI-UAE,,PENDING,08/09/2025,ok,SOB,22/09/2025,3,,,,11/09/2025,,,,,
478,APRU5098935,KANDLA,BANDAR ABBAS-IRAN,PRAX IMPEX,GOODRICH,BALDEL2500325,BLTDER25000088,08/09/2025,SPECTRUM N 537W,11/09/2025,JEBEL ALI-UAE,,PENDING,08/09/2025,ok,SOB,22/09/2025,3,,,,11/09/2025,,,,,
479,TRIU8359350,KANDLA,BANDAR ABBAS-IRAN,PRAX IMPEX,GOODRICH,BALDEL2500325,BLTDER25000088,08/09/2025,SPECTRUM N 537W,11/09/2025,JEBEL ALI-UAE,,PENDING,08/09/2025,OK,SOB,22/09/2025,3,,,,11/09/2025,,,,,
480,ARKU5011020,NHAVA SHEVA-BMCT,JEDDAH-SAUDI ARABIA,PURE,ARKAS LINE,NSA043147803,,08/09/2025,SASKIA A IMS17W25,,----Select----,,dirrct,08/09/2025,ok,SOB,17/09/2025,3,,,,22/09/2025,,,,,
481,ARKU5016470,NHAVA SHEVA-BMCT,AQABA-JORDAN,IFF INDIA,ARKAS LINE,NSA082399780,NSA082399780,08/09/2025,SASKIA A IMS17W25,,----Select----,,direct,08/09/2025,ok,SOB,20/09/2025,3,,,,16/09/2025,,,,,
482,MNBU9174331,MUNDRA,DAKAR-SENEGAL,AL-NASIR,MAERSK,258970125,258970125,09/09/2025,MAERSK CONGO 536W,04/10/2025,TEMA-GHANA,05/10/2025,BOSTON,09/09/2025,ok,SOB,14/10/2025,2,,,,20/09/2025,,,,,
483,HLBU6020312,NHAVA SHEVA-NSFT,SOHAR-OMAN,INTERNATIONAL,HAPAG,36077562,,09/09/2025,NORDIA 2535W,13/09/2025,JEBEL ALI-UAE,16/09/2025,SOURCE BLESSING,09/09/2025,ok,SOB,17/09/2025,2,,,,11/09/2025,,,,,
