Sr.,Container No,Shipper,S/Line,CFS,Line Handover,TR Handover,VGM Wt.
24,SZLU9555506,HMA AGRO INDUSTRIES LTD,SAMUDERA,TRANSWORLD-DADRI,31-01-26,06-08-25,33632
1386,OTPU6674541,HMA AGRO INDUSTRIES LTD,SAMUDERA,TRANSWORLD-DADRI,12-01-26,11-10-25,33778
469,CRLU1398348,IFF INDIA FROZEN FOODS PRIVATE LIMITED,GOODRICH,TRANSWORLD-DADRI,26-12-25,27-12-25,33892
340,CXRU1635104,IFF INDIA FROZEN FOODS PRIVATE LIMITED,CMA,TRANSWORLD-DADRI,27-12-25,30-12-25,33421.6
349,TTNU8258319,MEEM AGRO FOODS PVT LTD,CMA,TRANSWORLD-DADRI,27-12-25,30-12-25,33716
453,CGMU9404623,AL AAYAT FOOD EXPO PVT. LTD,CMA,TRANSWORLD-DADRI,26-12-25,30-12-25,33702
454,SZLU9860048,AL AAYAT FOOD EXPO PVT. LTD,CMA,TRANSWORLD-DADRI,26-12-25,30-12-25,33780
9,TRIU8424029,MIRHA EXPORTS PVT. LTD.(PUNJAB),GOODRICH,TRANSWORLD-DADRI,31-12-25,01-01-26,33732.8
113,TTNU8697034,HMA AGRO INDUSTRIES LTD,CMA,TRANSWORLD-DADRI,29-12-25,01-01-26,33646
341,SEGU9405098,HMA AGRO INDUSTRIES LTD,CMA,TRANSWORLD-DADRI,27-12-25,01-01-26,33780
449,CGMU6922125,AL AMMAR FROZEN FOOD EXPORTS PVT LTD,CMA,TRANSWORLD-DADRI,26-12-25,01-01-26,33345.4
456,SEGU9540858,HMA AGRO INDUSTRIES LTD,CMA,TRANSWORLD-DADRI,26-12-25,01-01-26,33732.8
462,TEMU9431869,HMA AGRO INDUSTRIES LTD,CMA,TRANSWORLD-DADRI,26-12-25,01-01-26,33160.5
466,SEGU9536755,HMA AGRO INDUSTRIES LTD,CMA,TRANSWORLD-DADRI,26-12-25,01-01-26,33632
467,CGMU5283570,HMA AGRO INDUSTRIES LTD,CMA,TRANSWORLD-DADRI,26-12-25,01-01-26,33702
470,CGMU9411026,HMA AGRO INDUSTRIES LTD,CMA,TRANSWORLD-DADRI,26-12-25,01-01-26,33642
471,TTNU8624866,AL AAYAT FOOD EXPO PVT. LTD,CMA,TRANSWORLD-DADRI,26-12-25,01-01-26,33702
474,CGMU5308874,HMA AGRO INDUSTRIES LTD,CMA,TRANSWORLD-DADRI,26-12-25,01-01-26,33702
475,CGMU5194560,INTERNATIONAL AGRO FOODS,CMA,TRANSWORLD-DADRI,26-12-25,01-01-26,33632
12,TCLU1229999,HMA AGRO INDUSTRIES LTD,CMA,TRANSWORLD-DADRI,31-12-25,02-01-26,33632
116,EGSU5103780,MIRHA EXPORTS PVT. LTD.(PUNJAB),EVERGREEN,TRANSWORLD-DADRI,29-12-25,02-01-26,33452
120,EMCU5642361,HMA AGRO INDUSTRIES LTD,EVERGREEN,TRANSWORLD-DADRI,29-12-25,02-01-26,33382
122,EMCU5436709,HMA AGRO INDUSTRIES LTD,EVERGREEN,TRANSWORLD-DADRI,29-12-25,02-01-26,33632
128,EMCU5374464,HMA AGRO INDUSTRIES LTD,EVERGREEN,TRANSWORLD-DADRI,29-12-25,02-01-26,33692
133,EMCU5736049,AL-NASIR EXPORTS PVT LTD (U.P),EVERGREEN,TRANSWORLD-DADRI,29-12-25,02-01-26,33605.4
136,EGSU5042860,AL-NASIR EXPORTS PVT LTD (U.P),EVERGREEN,TRANSWORLD-DADRI,29-12-25,02-01-26,33632
140,EGSU5099504,AL AMMAR FROZEN FOOD EXPORTS PVT LTD,EVERGREEN,TRANSWORLD-DADRI,29-12-25,02-01-26,33712
333,TCLU1055644,HMA AGRO INDUSTRIES LTD,CMA,TRANSWORLD-DADRI,27-12-25,02-01-26,33991.75
334,CXRU1252213,HMA AGRO INDUSTRIES LTD,CMA,TRANSWORLD-DADRI,27-12-25,02-01-26,33632
338,EMCU5392350,HMA AGRO INDUSTRIES LTD,EVERGREEN,TRANSWORLD-DADRI,27-12-25,02-01-26,33592
342,EGSU5096070,HMA AGRO INDUSTRIES LTD,EVERGREEN,TRANSWORLD-DADRI,27-12-25,02-01-26,33670
345,EMCU5525621,HMA AGRO INDUSTRIES LTD,EVERGREEN,TRANSWORLD-DADRI,27-12-25,02-01-26,33732.8
346,TTNU8004572,HMA AGRO INDUSTRIES LTD,CMA,TRANSWORLD-DADRI,27-12-25,02-01-26,33632
347,EMCU5515290,HMA AGRO INDUSTRIES LTD,EVERGREEN,TRANSWORLD-DADRI,27-12-25,02-01-26,33632
348,EMCU5459751,HMA AGRO INDUSTRIES LTD,EVERGREEN,TRANSWORLD-DADRI,27-12-25,02-01-26,33642
351,EGSU5068118,HMA AGRO INDUSTRIES LTD,EVERGREEN,TRANSWORLD-DADRI,27-12-25,02-01-26,33632
448,HLBU9006431,IFF INDIA FROZEN FOODS PRIVATE LIMITED,HAPAG,TRANSWORLD-DADRI,26-12-25,02-01-26,33345.4
1153,EMCU5736049,MIRHA EXPORTS PVT. LTD.(PUNJAB),EVERGREEN,TRANSWORLD-DADRI,16-03-26,02-01-26,33605.4
6,ARKU5009681,IFF INDIA FROZEN FOODS PRIVATE LIMITED,ARKAS LINE,TRANSWORLD-DADRI,31-12-25,03-01-26,33632
7,ARKU5009001,IFF INDIA FROZEN FOODS PRIVATE LIMITED,ARKAS LINE,TRANSWORLD-DADRI,31-12-25,03-01-26,33778
8,ARKU5031920,IFF INDIA FROZEN FOODS PRIVATE LIMITED,ARKAS LINE,TRANSWORLD-DADRI,31-12-25,03-01-26,33892
112,ARKU5017624,IFF INDIA FROZEN FOODS PRIVATE LIMITED,ARKAS LINE,TRANSWORLD-DADRI,29-12-25,03-01-26,33421.6
118,ARKU5034853,IFF INDIA FROZEN FOODS PRIVATE LIMITED,ARKAS LINE,TRANSWORLD-DADRI,29-12-25,03-01-26,33716
119,ARKU5033311,IFF INDIA FROZEN FOODS PRIVATE LIMITED,ARKAS LINE,TRANSWORLD-DADRI,29-12-25,03-01-26,33702
123,ARKU5007462,IFF INDIA FROZEN FOODS PRIVATE LIMITED,ARKAS LINE,TRANSWORLD-DADRI,29-12-25,03-01-26,33780
124,ARKU5029374,IFF INDIA FROZEN FOODS PRIVATE LIMITED,ARKAS LINE,TRANSWORLD-DADRI,29-12-25,03-01-26,33732.8
129,ARKU5007570,IFF INDIA FROZEN FOODS PRIVATE LIMITED,ARKAS LINE,TRANSWORLD-DADRI,29-12-25,03-01-26,33646
130,ARKU5011950,IFF INDIA FROZEN FOODS PRIVATE LIMITED,ARKAS LINE,TRANSWORLD-DADRI,29-12-25,03-01-26,33780
131,ARKU5022580,IFF INDIA FROZEN FOODS PRIVATE LIMITED,ARKAS LINE,TRANSWORLD-DADRI,29-12-25,03-01-26,33345.4
138,ARKU5019205,IFF INDIA FROZEN FOODS PRIVATE LIMITED,ARKAS LINE,TRANSWORLD-DADRI,29-12-25,03-01-26,33732.8
139,ARKU5031617,IFF INDIA FROZEN FOODS PRIVATE LIMITED,ARKAS LINE,TRANSWORLD-DADRI,29-12-25,03-01-26,33160.5
142,ARKU5034766,IFF INDIA FROZEN FOODS PRIVATE LIMITED,ARKAS LINE,TRANSWORLD-DADRI,29-12-25,03-01-26,33632
2107,SEGU9754551,AL-NASIR EXPORTS PVT LTD (U.P),WAN HAI,TRANSWORLD-DADRI,02-01-26,03-01-26,33702
2200,APRU6112215,HMA AGRO INDUSTRIES LTD,CMA,TRANSWORLD-DADRI,01-01-26,03-01-26,33642
2202,TRIU8922700,HMA AGRO INDUSTRIES LTD,CMA,TRANSWORLD-DADRI,01-01-26,03-01-26,33702
717,OTPU6664836,AL-NASIR EXPORTS PVT LTD (U.P),SAMUDERA,TRANSWORLD-DADRI,23-12-25,04-01-26,33702
797,SZLU9445767,AL HASSAN OVRESEAS  PVT LTD-UP,SAMUDERA,TRANSWORLD-DADRI,22-12-25,04-01-26,33632
15,SEGU9702460,IFF INDIA FROZEN FOODS PRIVATE LIMITED,WAN HAI,TRANSWORLD-DADRI,31-12-25,05-01-26,33632
125,EMCU5438065,AL AMMAR FROZEN FOOD EXPORTS PVT LTD,EVERGREEN,TRANSWORLD-DADRI,29-12-25,05-01-26,33452
350,EMCU5640121,AL AMMAR FROZEN FOOD EXPORTS PVT LTD,EVERGREEN,TRANSWORLD-DADRI,27-12-25,05-01-26,33382
455,EMCU5733409,AL AMMAR FROZEN FOOD EXPORTS PVT LTD,EVERGREEN,TRANSWORLD-DADRI,26-12-25,05-01-26,33632
1852,OTPU6679158,IFF INDIA FROZEN FOODS PRIVATE LIMITED,WAN HAI,TRANSWORLD-DADRI,05-01-26,05-01-26,33692
1853,SEKU9370904,IFF INDIA FROZEN FOODS PRIVATE LIMITED,WAN HAI,TRANSWORLD-DADRI,05-01-26,05-01-26,33605.4
2010,SEGU9703030,AL-NASIR EXPORTS PVT LTD (U.P),WAN HAI,TRANSWORLD-DADRI,03-01-26,05-01-26,33632
2011,WHSU2088851,MADHAVI IMPEX.,WAN HAI,TRANSWORLD-DADRI,03-01-26,05-01-26,33712
2012,SEGU9927683,AL-NASIR EXPORTS PVT LTD (U.P),WAN HAI,TRANSWORLD-DADRI,03-01-26,05-01-26,33991.75
4,GESU9604475,IFF INDIA FROZEN FOODS PRIVATE LIMITED,CMA,TRANSWORLD-DADRI,31-12-25,06-01-26,33632
5,OTPU6665489,HMA AGRO INDUSTRIES LTD,SAMUDERA,TRANSWORLD-DADRI,31-12-25,06-01-26,33592
13,TEMU9577600,AL-SUPER FROZEN FOODS PVT LTD,CMA,TRANSWORLD-DADRI,31-12-25,06-01-26,33670
14,FBIU5383744,AL-NASIR EXPORTS PVT LTD (U.P),WAN HAI,TRANSWORLD-DADRI,31-12-25,06-01-26,33732.8
29,OTPU6666741,HMA AGRO INDUSTRIES LTD,SAMUDERA,TRANSWORLD-DADRI,30-12-25,06-01-26,33632
32,CGMU5163301,MIRHA EXPORTS PVT. LTD.(PUNJAB),CMA,TRANSWORLD-DADRI,30-12-25,06-01-26,33632
34,OTPU6776224,AL-NASIR EXPORTS PVT LTD (U.P),WAN HAI,TRANSWORLD-DADRI,30-12-25,06-01-26,33642
114,SEKU9142735,HMA AGRO INDUSTRIES LTD,CMA,TRANSWORLD-DADRI,29-12-25,06-01-26,33632
115,SEGU9658178,HMA AGRO INDUSTRIES LTD,CMA,TRANSWORLD-DADRI,29-12-25,06-01-26,33345.4
121,CGMU5363017,HMA AGRO INDUSTRIES LTD,CMA,TRANSWORLD-DADRI,29-12-25,06-01-26,33605.4
126,TCLU1207480,HMA AGRO INDUSTRIES LTD,CMA,TRANSWORLD-DADRI,29-12-25,06-01-26,33632
127,CGMU5291072,HMA AGRO INDUSTRIES LTD,CMA,TRANSWORLD-DADRI,29-12-25,06-01-26,33778
134,OTPU6674372,AL-NASIR EXPORTS PVT LTD (U.P),SAMUDERA,TRANSWORLD-DADRI,29-12-25,06-01-26,33892
135,OTPU6674351,AL-NASIR EXPORTS PVT LTD (U.P),SAMUDERA,TRANSWORLD-DADRI,29-12-25,06-01-26,33421.6
137,TTNU8659857,HMA AGRO INDUSTRIES LTD,CMA,TRANSWORLD-DADRI,29-12-25,06-01-26,33716
332,OTPU6814659,MIRHA EXPORTS PVT. LTD.(PUNJAB),WAN HAI,TRANSWORLD-DADRI,27-12-25,06-01-26,33702
336,OTPU6806273,MIRHA EXPORTS PVT. LTD.(PUNJAB),WAN HAI,TRANSWORLD-DADRI,27-12-25,06-01-26,33780
339,SEKU9372126,MIRHA EXPORTS PVT. LTD.(PUNJAB),WAN HAI,TRANSWORLD-DADRI,27-12-25,06-01-26,33732.8
343,FBIU5118550,MIRHA EXPORTS PVT. LTD.(PUNJAB),WAN HAI,TRANSWORLD-DADRI,27-12-25,06-01-26,33646
344,OTPU6223960,MIRHA EXPORTS PVT. LTD.(PUNJAB),WAN HAI,TRANSWORLD-DADRI,27-12-25,06-01-26,33780
457,OTPU6200218,HMA AGRO INDUSTRIES LTD,WAN HAI,TRANSWORLD-DADRI,26-12-25,06-01-26,33345.4
458,FBIU5359922,HMA AGRO INDUSTRIES LTD,WAN HAI,TRANSWORLD-DADRI,26-12-25,06-01-26,33732.8
460,SEGU9924597,AL-NASIR EXPORTS PVT LTD (U.P),WAN HAI,TRANSWORLD-DADRI,26-12-25,06-01-26,33160.5
465,SZLU9747073,MARHABA FROZEN FOODS,WAN HAI,TRANSWORLD-DADRI,26-12-25,06-01-26,33632
1635,CXRU1320447,AL-SUPER FROZEN FOODS PVT LTD,CMA,TRANSWORLD-DADRI,08-01-26,06-01-26,33702
1785,OTPU6758534,MIRHA EXPORTS PVT. LTD.(PUNJAB),WAN HAI,TRANSWORLD-DADRI,06-01-26,06-01-26,33642
1787,OTPU6661694,AL-NASIR EXPORTS PVT LTD (U.P),SAMUDERA,TRANSWORLD-DADRI,06-01-26,06-01-26,33702
1788,SZLU9710238,AL-NASIR EXPORTS PVT LTD (U.P),WAN HAI,TRANSWORLD-DADRI,06-01-26,06-01-26,33702
1792,OTPU6688777,IFF INDIA FROZEN FOODS PRIVATE LIMITED,WAN HAI,TRANSWORLD-DADRI,06-01-26,06-01-26,33632
1793,OTPU6833026,IFF INDIA FROZEN FOODS PRIVATE LIMITED,WAN HAI,TRANSWORLD-DADRI,06-01-26,06-01-26,33632
2007,ARKU5025316,IFF INDIA FROZEN FOODS PRIVATE LIMITED,ARKAS LINE,TRANSWORLD-DADRI,03-01-26,06-01-26,33452
2008,ARKU5014420,IFF INDIA FROZEN FOODS PRIVATE LIMITED,ARKAS LINE,TRANSWORLD-DADRI,03-01-26,06-01-26,33382
2105,FBIU5323998,AL-NASIR EXPORTS PVT LTD (U.P),WAN HAI,TRANSWORLD-DADRI,02-01-26,06-01-26,33632
2108,SZLU9747284,AL-NASIR EXPORTS PVT LTD (U.P),WAN HAI,TRANSWORLD-DADRI,02-01-26,06-01-26,33692
2109,OTPU6771984,MEEM AGRO FOODS PVT LTD,WAN HAI,TRANSWORLD-DADRI,02-01-26,06-01-26,33605.4
2195,CGMU5299031,HMA AGRO INDUSTRIES LTD,CMA,TRANSWORLD-DADRI,01-01-26,06-01-26,33632
2196,TRIU8599752,HMA AGRO INDUSTRIES LTD,CMA,TRANSWORLD-DADRI,01-01-26,06-01-26,33712
2197,SZLU9804419,HMA AGRO INDUSTRIES LTD,CMA,TRANSWORLD-DADRI,01-01-26,06-01-26,33991.75
2198,TCLU1059830,HMA AGRO INDUSTRIES LTD,CMA,TRANSWORLD-DADRI,01-01-26,06-01-26,33632
2201,TTNU8331750,HMA AGRO INDUSTRIES LTD,CMA,TRANSWORLD-DADRI,01-01-26,06-01-26,33592
2203,FBIU5387035,AL-NASIR EXPORTS PVT LTD (U.P),WAN HAI,TRANSWORLD-DADRI,01-01-26,06-01-26,33670
16,CGMU9291147,HMA AGRO INDUSTRIES LTD,CMA,TRANSWORLD-DADRI,31-12-25,08-01-26,33732.8
1633,OTPU6248720,MIRHA EXPORTS PVT. LTD.(PUNJAB),WAN HAI,TRANSWORLD-DADRI,08-01-26,08-01-26,33632
1634,SEKU9164396,AL-NASIR EXPORTS PVT LTD (U.P),WAN HAI,TRANSWORLD-DADRI,08-01-26,08-01-26,33632
1637,FBIU5386379,AL-NASIR EXPORTS PVT LTD (U.P),WAN HAI,TRANSWORLD-DADRI,08-01-26,08-01-26,33642
1786,CRSU6095735,RAYBAN FROZEN FOODS PVT.LTD,CMA,TRANSWORLD-DADRI,06-01-26,08-01-26,33632
1850,CGMU6504742,IFF INDIA FROZEN FOODS PRIVATE LIMITED,CMA,TRANSWORLD-DADRI,05-01-26,08-01-26,33345.4
1932,CRSU6095735,IFF INDIA FROZEN FOODS PRIVATE LIMITED,CMA,TRANSWORLD-DADRI,04-04-26,08-01-26,33605.4
2101,TRIU8440631,HMA AGRO INDUSTRIES LTD,GOODRICH,TRANSWORLD-DADRI,02-01-26,08-01-26,33632
2102,CXRU1002718,RAYBAN FROZEN FOODS PVT.LTD,CMA,TRANSWORLD-DADRI,02-01-26,08-01-26,33778
2106,TCLU1246445,HMA AGRO INDUSTRIES LTD,CMA,TRANSWORLD-DADRI,02-01-26,08-01-26,33892
2110,TCLU1157271,AL-SUPER FROZEN FOODS PVT LTD,CMA,TRANSWORLD-DADRI,02-01-26,08-01-26,33421.6
2112,FBIU5217002,MARHABA FROZEN FOODS,CMA,TRANSWORLD-DADRI,02-01-26,08-01-26,33716
2114,CGMU6520574,HMA AGRO INDUSTRIES LTD,CMA,TRANSWORLD-DADRI,02-01-26,08-01-26,33702
2115,TCLU1133705,HMA AGRO INDUSTRIES LTD,CMA,TRANSWORLD-DADRI,02-01-26,08-01-26,33780
2116,TEMU9205630,AL-NASIR EXPORTS PVT LTD (U.P),CMA,TRANSWORLD-DADRI,02-01-26,08-01-26,33732.8
2117,TRIU8120073,AL-NASIR EXPORTS PVT LTD (U.P),CMA,TRANSWORLD-DADRI,02-01-26,08-01-26,33646
2119,TRIU8432955,HMA AGRO INDUSTRIES LTD,GOODRICH,TRANSWORLD-DADRI,02-01-26,08-01-26,33780
2120,TRIU8328426,HMA AGRO INDUSTRIES LTD,GOODRICH,TRANSWORLD-DADRI,02-01-26,08-01-26,33345.4
2121,TEMU9578253,HMA AGRO INDUSTRIES LTD,CMA,TRANSWORLD-DADRI,02-01-26,08-01-26,33732.8
2123,TCLU1212722,HMA AGRO INDUSTRIES LTD,CMA,TRANSWORLD-DADRI,02-01-26,08-01-26,33160.5
2124,CGMU5048000,RAYBAN FROZEN FOODS PVT.LTD,CMA,TRANSWORLD-DADRI,02-01-26,08-01-26,33632
2194,TRIU8029549,IFF INDIA FROZEN FOODS PRIVATE LIMITED,GOODRICH,TRANSWORLD-DADRI,01-01-26,08-01-26,33702
2199,TRIU8345911,IFF INDIA FROZEN FOODS PRIVATE LIMITED,GOODRICH,TRANSWORLD-DADRI,01-01-26,08-01-26,33642
1575,SZLU9709129,AL-NASIR EXPORTS PVT LTD (U.P),WAN HAI,TRANSWORLD-DADRI,09-01-26,10-01-26,33702
1576,FBIU5121493,IFF INDIA FROZEN FOODS PRIVATE LIMITED,WAN HAI,TRANSWORLD-DADRI,09-01-26,10-01-26,33702
1577,FSCU5922786,MEEM AGRO FOODS PVT LTD,WAN HAI,TRANSWORLD-DADRI,09-01-26,10-01-26,33632
1580,SEGU9915126,RAYBAN FROZEN FOODS PVT.LTD,WAN HAI,TRANSWORLD-DADRI,09-01-26,10-01-26,33632
1582,FSCU5927710,MIRHA EXPORTS PVT. LTD.(PUNJAB),WAN HAI,TRANSWORLD-DADRI,09-01-26,10-01-26,33452
1584,FBIU5395576,AL-NASIR EXPORTS PVT LTD (U.P),WAN HAI,TRANSWORLD-DADRI,09-01-26,10-01-26,33382
1585,OTPU6689032,AL-NASIR EXPORTS PVT LTD (U.P),WAN HAI,TRANSWORLD-DADRI,09-01-26,10-01-26,33632
1587,FBIU5381227,AL-NASIR EXPORTS PVT LTD (U.P),WAN HAI,TRANSWORLD-DADRI,09-01-26,10-01-26,33692
31,EMCU5646958,AL AMMAR FROZEN FOOD EXPORTS PVT LTD,EVERGREEN,TRANSWORLD-DADRI,30-12-25,11-01-26,33605.4
2,EMCU5471572,HMA AGRO INDUSTRIES LTD,EVERGREEN,TRANSWORLD-DADRI,31-12-25,12-01-26,33632
3,EMCU5525874,HMA AGRO INDUSTRIES LTD,EVERGREEN,TRANSWORLD-DADRI,31-12-25,12-01-26,33712
10,EMCU5527368,HMA AGRO INDUSTRIES LTD,EVERGREEN,TRANSWORLD-DADRI,31-12-25,12-01-26,33991.75
11,EMCU5389485,HMA AGRO INDUSTRIES LTD,EVERGREEN,TRANSWORLD-DADRI,31-12-25,12-01-26,33632
33,EGSU5099973,HMA AGRO INDUSTRIES LTD,EVERGREEN,TRANSWORLD-DADRI,30-12-25,12-01-26,33592
35,EMCU5668767,AL AMMAR FROZEN FOOD EXPORTS PVT LTD,EVERGREEN,TRANSWORLD-DADRI,30-12-25,12-01-26,33670
739,EMCU5538378,HMA AGRO INDUSTRIES LTD,EVERGREEN,TRANSWORLD-DADRI,23-03-26,12-01-26,33732.8
1479,EMCU5610169,HMA AGRO INDUSTRIES LTD,EVERGREEN,TRANSWORLD-DADRI,10-03-26,12-01-26,33632
1581,TEMU9078854,IFF INDIA FROZEN FOODS PRIVATE LIMITED,HAPAG,TRANSWORLD-DADRI,09-01-26,12-01-26,33632
1583,HLBU9670029,IFF INDIA FROZEN FOODS PRIVATE LIMITED,HAPAG,TRANSWORLD-DADRI,09-01-26,12-01-26,33642
1630,TTNU8056724,IFF INDIA FROZEN FOODS PRIVATE LIMITED,TRANSWORLD,TRANSWORLD-DADRI,08-01-26,12-01-26,33632
1632,EMCU5442717,HMA AGRO INDUSTRIES LTD,EVERGREEN,TRANSWORLD-DADRI,08-01-26,12-01-26,33345.4
1636,CGMU5450235,HMA AGRO INDUSTRIES LTD,CMA,TRANSWORLD-DADRI,08-01-26,12-01-26,33605.4
1638,SEKU9008198,HMA AGRO INDUSTRIES LTD,CMA,TRANSWORLD-DADRI,08-01-26,12-01-26,33632
1639,UACU4748678,IFF INDIA FROZEN FOODS PRIVATE LIMITED,HAPAG,TRANSWORLD-DADRI,08-01-26,12-01-26,33778
1641,TRIU8734220,HMA AGRO INDUSTRIES LTD,CMA,TRANSWORLD-DADRI,08-01-26,12-01-26,33892
1699,EMCU5547404,AL-NASIR EXPORTS PVT LTD (U.P),EVERGREEN,TRANSWORLD-DADRI,07-01-26,12-01-26,33421.6
1701,TRIU8741620,HMA AGRO INDUSTRIES LTD,CMA,TRANSWORLD-DADRI,07-01-26,12-01-26,33716
1702,CGMU6515979,HMA AGRO INDUSTRIES LTD,CMA,TRANSWORLD-DADRI,07-01-26,12-01-26,33702
1704,APRU5065551,PURE FOODSTUFF PRIVATE LIMITED,GOODRICH,TRANSWORLD-DADRI,07-01-26,12-01-26,33780
1705,EMCU5538378,HMA AGRO INDUSTRIES LTD,EVERGREEN,TRANSWORLD-DADRI,07-01-26,12-01-26,33732.8
1710,EMCU5442759,AL-NASIR EXPORTS PVT LTD (U.P),EVERGREEN,TRANSWORLD-DADRI,07-01-26,12-01-26,33646
1791,OTPU6204039,AL-NASIR EXPORTS PVT LTD (U.P),WAN HAI,TRANSWORLD-DADRI,06-01-26,12-01-26,33780
1845,OTPU6203644,AL-AALI EXPORTS PVT LTD-(UP),WAN HAI,TRANSWORLD-DADRI,05-01-26,12-01-26,33345.4
1848,EMCU5716171,HMA AGRO INDUSTRIES LTD,EVERGREEN,TRANSWORLD-DADRI,05-01-26,12-01-26,33732.8
1849,OTPU6759905,MIRHA EXPORTS PVT. LTD.(PUNJAB),WAN HAI,TRANSWORLD-DADRI,05-01-26,12-01-26,33160.5
1851,EMCU5406345,AL AMMAR FROZEN FOOD EXPORTS PVT LTD,EVERGREEN,TRANSWORLD-DADRI,05-01-26,12-01-26,33632
2009,EMCU5472202,HMA AGRO INDUSTRIES LTD,EVERGREEN,TRANSWORLD-DADRI,03-01-26,12-01-26,33702
2103,TLLU1187926,AL-NASIR EXPORTS PVT LTD (U.P),EVERGREEN,TRANSWORLD-DADRI,02-01-26,12-01-26,33642
2104,EMCU5436289,AL AMMAR FROZEN FOOD EXPORTS PVT LTD,EVERGREEN,TRANSWORLD-DADRI,02-01-26,12-01-26,33702
2111,EMCU5549412,HMA AGRO INDUSTRIES LTD,EVERGREEN,TRANSWORLD-DADRI,02-01-26,12-01-26,33702
2113,EMCU5464629,HMA AGRO INDUSTRIES LTD,EVERGREEN,TRANSWORLD-DADRI,02-01-26,12-01-26,33632
2118,TCLU1221684,HMA AGRO INDUSTRIES LTD,CMA,TRANSWORLD-DADRI,02-01-26,12-01-26,33632
2122,EMCU5446944,HMA AGRO INDUSTRIES LTD,EVERGREEN,TRANSWORLD-DADRI,02-01-26,12-01-26,33452
2204,EMCU5610169,HMA AGRO INDUSTRIES LTD,EVERGREEN,TRANSWORLD-DADRI,01-01-26,12-01-26,33382
1382,OTPU6674264,HMA AGRO INDUSTRIES LTD,SAMUDERA,TRANSWORLD-DADRI,12-01-26,13-01-26,33632
1574,SEGU9645885,MIRHA EXPORTS PVT. LTD.(PUNJAB),WAN HAI,TRANSWORLD-DADRI,09-01-26,13-01-26,33692
1700,OTPU6244279,HMA AGRO INDUSTRIES LTD,WAN HAI,TRANSWORLD-DADRI,07-01-26,13-01-26,33605.4
1703,EMCU5430362,AL AMMAR FROZEN FOOD EXPORTS PVT LTD,EVERGREEN,TRANSWORLD-DADRI,07-01-26,13-01-26,33632
1200,TEMU9252673,AL AAYAT FOOD EXPO PVT. LTD,CMA,TRANSWORLD-DADRI,16-01-26,15-01-26,33712
1319,ARKU5001633,IFF INDIA FROZEN FOODS PRIVATE LIMITED,ARKAS LINE,TRANSWORLD-DADRI,13-01-26,15-01-26,33991.75
1384,ARKU5007903,IFF INDIA FROZEN FOODS PRIVATE LIMITED,ARKAS LINE,TRANSWORLD-DADRI,12-01-26,15-01-26,33632
1391,TEMU9899280,HMA AGRO INDUSTRIES LTD,CMA,TRANSWORLD-DADRI,12-01-26,15-01-26,33592
1393,FSCU5962881,INTERNATIONAL AGRO FOODS,CMA,TRANSWORLD-DADRI,12-01-26,15-01-26,33670
1394,ARKU5006759,IFF INDIA FROZEN FOODS PRIVATE LIMITED,ARKAS LINE,TRANSWORLD-DADRI,12-01-26,15-01-26,33732.8
1573,SEKU9083838,AL-NASIR EXPORTS PVT LTD (U.P),WAN HAI,TRANSWORLD-DADRI,09-01-26,15-01-26,33632
1578,FBIU5397943,AL-NASIR EXPORTS PVT LTD (U.P),WAN HAI,TRANSWORLD-DADRI,09-01-26,15-01-26,33632
1579,SEKU9032810,HMA AGRO INDUSTRIES LTD,KMTC,TRANSWORLD-DADRI,09-01-26,15-01-26,33642
1586,CGMU5336726,AL-NASIR EXPORTS PVT LTD (U.P),CMA,TRANSWORLD-DADRI,09-01-26,15-01-26,33632
1631,CGMU5097730,AL AMMAR FROZEN FOOD EXPORTS PVT LTD,CMA,TRANSWORLD-DADRI,08-01-26,15-01-26,33345.4
1707,ARKU5003451,ARS AGRO FOODS,ARKAS LINE,TRANSWORLD-DADRI,07-01-26,15-01-26,33605.4
1708,ARKU5023437,IFF INDIA FROZEN FOODS PRIVATE LIMITED,ARKAS LINE,TRANSWORLD-DADRI,07-01-26,15-01-26,33632
1709,ARKU5000447,IFF INDIA FROZEN FOODS PRIVATE LIMITED,ARKAS LINE,TRANSWORLD-DADRI,07-01-26,15-01-26,33778
1196,SZLU9547706,HMA AGRO INDUSTRIES LTD,SAMUDERA,TRANSWORLD-DADRI,16-01-26,17-01-26,33892
1232,ARKU5007333,IFF INDIA FROZEN FOODS PRIVATE LIMITED,ARKAS LINE,TRANSWORLD-DADRI,15-01-26,17-01-26,33421.6
1237,ARKU5016021,IFF INDIA FROZEN FOODS PRIVATE LIMITED,ARKAS LINE,TRANSWORLD-DADRI,15-01-26,17-01-26,33716
1251,ARKU5018301,IFF INDIA FROZEN FOODS PRIVATE LIMITED,ARKAS LINE,TRANSWORLD-DADRI,15-01-26,17-01-26,33702
1253,ARKU5014266,IFF INDIA FROZEN FOODS PRIVATE LIMITED,ARKAS LINE,TRANSWORLD-DADRI,14-01-26,17-01-26,33780
1254,SZLU9855993,IFF INDIA FROZEN FOODS PRIVATE LIMITED,ARKAS LINE,TRANSWORLD-DADRI,14-01-26,17-01-26,33732.8
1260,ARKU5014672,IFF INDIA FROZEN FOODS PRIVATE LIMITED,ARKAS LINE,TRANSWORLD-DADRI,14-01-26,17-01-26,33646
1262,ARKU5022765,IFF INDIA FROZEN FOODS PRIVATE LIMITED,ARKAS LINE,TRANSWORLD-DADRI,14-01-26,17-01-26,33780
1264,EMCU5575108,IFF INDIA FROZEN FOODS PRIVATE LIMITED,EVERGREEN,TRANSWORLD-DADRI,14-01-26,17-01-26,33345.4
1265,ARKU5022554,IFF INDIA FROZEN FOODS PRIVATE LIMITED,ARKAS LINE,TRANSWORLD-DADRI,14-01-26,17-01-26,33732.8
1266,ARKU5019951,IFF INDIA FROZEN FOODS PRIVATE LIMITED,ARKAS LINE,TRANSWORLD-DADRI,14-01-26,17-01-26,33160.5
1267,ARKU5008577,IFF INDIA FROZEN FOODS PRIVATE LIMITED,ARKAS LINE,TRANSWORLD-DADRI,14-01-26,17-01-26,33632
1270,OTPU6243605,MARHABA FROZEN FOODS,WAN HAI,TRANSWORLD-DADRI,14-01-26,17-01-26,33702
1271,ARKU5003786,IFF INDIA FROZEN FOODS PRIVATE LIMITED,ARKAS LINE,TRANSWORLD-DADRI,14-01-26,17-01-26,33642
1324,TRIU8515258,RAYBAN FROZEN FOODS PVT.LTD,GOODRICH,TRANSWORLD-DADRI,13-01-26,17-01-26,33702
1385,OTPU6726732,MARHABA FROZEN FOODS,WAN HAI,TRANSWORLD-DADRI,12-01-26,17-01-26,33702
779,TEMU9888032,VRACHOS FOODS PRIVATE LIMITED,CMA,TRANSWORLD-DADRI,23-01-26,19-01-26,33632
827,CGMU5051847,VRACHOS FOODS PRIVATE LIMITED,CMA,TRANSWORLD-DADRI,21-01-26,19-01-26,33632
1186,GMOU9026379,HMA AGRO INDUSTRIES LTD,GOLD STAR,TRANSWORLD-DADRI,16-01-26,19-01-26,33452
1198,GMOU9021037,HMA AGRO INDUSTRIES LTD,GOLD STAR,TRANSWORLD-DADRI,16-01-26,19-01-26,33382
1249,GMOU9003650,HMA AGRO INDUSTRIES LTD,GOLD STAR,TRANSWORLD-DADRI,15-01-26,19-01-26,33632
1256,WHSU2263506,MADHAVI IMPEX.,WAN HAI,TRANSWORLD-DADRI,14-01-26,19-01-26,33692
1257,EMCU5440355,AL AMMAR FROZEN FOOD EXPORTS PVT LTD,EVERGREEN,TRANSWORLD-DADRI,14-01-26,19-01-26,33605.4
1263,GMOU9017778,HMA AGRO INDUSTRIES LTD,GOLD STAR,TRANSWORLD-DADRI,14-01-26,19-01-26,33632
1318,OTPU6692381,AL-NASIR EXPORTS PVT LTD (U.P),WAN HAI,TRANSWORLD-DADRI,13-01-26,19-01-26,33712
1322,GMOU9017042,HMA AGRO INDUSTRIES LTD,GOLD STAR,TRANSWORLD-DADRI,13-01-26,19-01-26,33991.75
1323,GMOU9003141,HMA AGRO INDUSTRIES LTD,GOLD STAR,TRANSWORLD-DADRI,13-01-26,19-01-26,33632
1325,GMOU9028237,HMA AGRO INDUSTRIES LTD,GOLD STAR,TRANSWORLD-DADRI,13-01-26,19-01-26,33592
1331,GMOU9011830,HMA AGRO INDUSTRIES LTD,GOLD STAR,TRANSWORLD-DADRI,13-01-26,19-01-26,33670
1333,OTPU6687106,AL-NASIR EXPORTS PVT LTD (U.P),WAN HAI,TRANSWORLD-DADRI,13-01-26,19-01-26,33732.8
1387,OTPU6810191,HMA AGRO INDUSTRIES LTD,WAN HAI,TRANSWORLD-DADRI,12-01-26,19-01-26,33632
1389,EMCU5694365,AL AMMAR FROZEN FOOD EXPORTS PVT LTD,EVERGREEN,TRANSWORLD-DADRI,12-01-26,19-01-26,33632
1640,SEGU9525215,HMA AGRO INDUSTRIES LTD,CMA,TRANSWORLD-DADRI,08-01-26,19-01-26,33642
1706,APRU6110249,RAYBAN FROZEN FOODS PVT.LTD,CMA,TRANSWORLD-DADRI,07-01-26,19-01-26,33632
1711,BMOU9808706,HMA AGRO INDUSTRIES LTD,CMA,TRANSWORLD-DADRI,07-01-26,19-01-26,33345.4
1789,GMOU9027375,HMA AGRO INDUSTRIES LTD,GOLD STAR,TRANSWORLD-DADRI,06-01-26,19-01-26,33605.4
1790,BMOU9759094,HMA AGRO INDUSTRIES LTD,CMA,TRANSWORLD-DADRI,06-01-26,19-01-26,33632
1794,CGMU5283328,HMA AGRO INDUSTRIES LTD,CMA,TRANSWORLD-DADRI,06-01-26,19-01-26,33778
1846,BMOU9876974,HMA AGRO INDUSTRIES LTD,CMA,TRANSWORLD-DADRI,05-01-26,19-01-26,33892
1847,GMOU9052146,HMA AGRO INDUSTRIES LTD,GOLD STAR,TRANSWORLD-DADRI,05-01-26,19-01-26,33421.6
2100,GMOU9040649,HMA AGRO INDUSTRIES LTD,GOLD STAR,TRANSWORLD-DADRI,02-01-26,19-01-26,33716
985,FBIU5295345,AL-NASIR EXPORTS PVT LTD (U.P),WAN HAI,TRANSWORLD-DADRI,19-01-26,20-01-26,33702
986,SZLU9748784,MEEM AGRO FOODS PVT LTD,WAN HAI,TRANSWORLD-DADRI,19-01-26,20-01-26,33780
996,FSCU5930483,AL-NASIR EXPORTS PVT LTD (U.P),WAN HAI,TRANSWORLD-DADRI,19-01-26,20-01-26,33732.8
997,OTPU6755371,AL-NASIR EXPORTS PVT LTD (U.P),WAN HAI,TRANSWORLD-DADRI,19-01-26,20-01-26,33646
1001,SEGU9754314,AL-NASIR EXPORTS PVT LTD (U.P),WAN HAI,TRANSWORLD-DADRI,19-01-26,20-01-26,33780
1002,SEGU9949105,AL-NASIR EXPORTS PVT LTD (U.P),WAN HAI,TRANSWORLD-DADRI,19-01-26,20-01-26,33345.4
1191,SEGU9927169,AL-NASIR EXPORTS PVT LTD (U.P),WAN HAI,TRANSWORLD-DADRI,16-01-26,20-01-26,33732.8
1193,OTPU6194861,MEEM AGRO FOODS PVT LTD,WAN HAI,TRANSWORLD-DADRI,16-01-26,20-01-26,33160.5
1195,SEGU9617461,AL-NASIR EXPORTS PVT LTD (U.P),WAN HAI,TRANSWORLD-DADRI,16-01-26,20-01-26,33632
1234,FBIU5396295,AL-NASIR EXPORTS PVT LTD (U.P),WAN HAI,TRANSWORLD-DADRI,15-01-26,20-01-26,33702
1235,SEGU9757340,MARHABA FROZEN FOODS,WAN HAI,TRANSWORLD-DADRI,15-01-26,20-01-26,33642
1240,FBIU5386070,AL-NASIR EXPORTS PVT LTD (U.P),WAN HAI,TRANSWORLD-DADRI,15-01-26,20-01-26,33702
1248,OTPU6670248,INTERNATIONAL AGRO FOODS,WAN HAI,TRANSWORLD-DADRI,15-01-26,20-01-26,33702
1383,OTPU6808635,RAYBAN FROZEN FOODS PVT.LTD,WAN HAI,TRANSWORLD-DADRI,12-01-26,20-01-26,33632
1388,SEGU9753452,RAYBAN FROZEN FOODS PVT.LTD,WAN HAI,TRANSWORLD-DADRI,12-01-26,20-01-26,33632
1392,FBIU5387708,AL-NASIR EXPORTS PVT LTD (U.P),WAN HAI,TRANSWORLD-DADRI,12-01-26,20-01-26,33452
829,MEDU9008854,INTERNATIONAL AGRO FOODS,MSC,TRANSWORLD-DADRI,21-01-26,21-01-26,33382
909,OTPU6250712,MIRHA EXPORTS PVT. LTD.(PUNJAB),WAN HAI,TRANSWORLD-DADRI,20-01-26,21-01-26,33632
1113,SEGU3282099,MADHAVI IMPEX.,KMTC,TRANSWORLD-DADRI,17-01-26,22-01-26,33692
1261,CXRU1177383,HMA AGRO INDUSTRIES LTD,CORTEN,TRANSWORLD-DADRI,14-01-26,22-01-26,33605.4
1268,BMOU9833519,HMA AGRO INDUSTRIES LTD,CORTEN,TRANSWORLD-DADRI,14-01-26,22-01-26,33632
1269,TRIU8669485,HMA AGRO INDUSTRIES LTD,CORTEN,TRANSWORLD-DADRI,14-01-26,22-01-26,33712
1317,SEKU9052729,MIRHA EXPORTS PVT. LTD.(PUNJAB),CMA,TRANSWORLD-DADRI,13-01-26,22-01-26,33991.75
1320,TXGU9002358,HMA AGRO INDUSTRIES LTD,CMA,TRANSWORLD-DADRI,13-01-26,22-01-26,33632
1321,CGMU5300132,HMA AGRO INDUSTRIES LTD,CMA,TRANSWORLD-DADRI,13-01-26,22-01-26,33592
1326,SEGU9399312,HMA AGRO INDUSTRIES LTD,CORTEN,TRANSWORLD-DADRI,13-01-26,22-01-26,33670
1328,SEGU9320745,HMA AGRO INDUSTRIES LTD,CORTEN,TRANSWORLD-DADRI,13-01-26,22-01-26,33732.8
1329,BMOU9788127,HMA AGRO INDUSTRIES LTD,CORTEN,TRANSWORLD-DADRI,13-01-26,22-01-26,33632
1332,SEKU9006913,HMA AGRO INDUSTRIES LTD,CMA,TRANSWORLD-DADRI,13-01-26,22-01-26,33632
1334,SEGU9715771,HMA AGRO INDUSTRIES LTD,CMA,TRANSWORLD-DADRI,13-01-26,22-01-26,33642
1335,SZLU9883547,HMA AGRO INDUSTRIES LTD,CMA,TRANSWORLD-DADRI,13-01-26,22-01-26,33632
1336,BEAU9703378,HMA AGRO INDUSTRIES LTD,CMA,TRANSWORLD-DADRI,13-01-26,22-01-26,33345.4
1390,TRIU8131972,IFF INDIA FROZEN FOODS PRIVATE LIMITED,CMA,TRANSWORLD-DADRI,12-01-26,22-01-26,33605.4
987,OTPU6684196,AL-NASIR EXPORTS PVT LTD (U.P),WAN HAI,TRANSWORLD-DADRI,19-01-26,23-01-26,33632
988,OTPU6250332,MIRHA EXPORTS PVT. LTD.(PUNJAB),WAN HAI,TRANSWORLD-DADRI,19-01-26,23-01-26,33778
992,SZLU9733803,AL-NASIR EXPORTS PVT LTD (U.P),WAN HAI,TRANSWORLD-DADRI,19-01-26,23-01-26,33892
998,SZLU9754920,MIRHA EXPORTS PVT. LTD.(PUNJAB),WAN HAI,TRANSWORLD-DADRI,19-01-26,23-01-26,33421.6
1114,OTPU6773992,INTERNATIONAL AGRO FOODS,WAN HAI,TRANSWORLD-DADRI,17-01-26,23-01-26,33716
1115,OTPU6679498,AL-NASIR EXPORTS PVT LTD (U.P),WAN HAI,TRANSWORLD-DADRI,17-01-26,23-01-26,33702
814,CGMU5623536,AL AMMAR FROZEN FOOD EXPORTS PVT LTD,CMA,TRANSWORLD-DADRI,22-01-26,24-01-26,33780
826,CGMU5230101,MIRHA EXPORTS PVT. LTD.(PUNJAB),CMA,TRANSWORLD-DADRI,21-01-26,24-01-26,33732.8
894,SZLU9835657,HMA AGRO INDUSTRIES LTD,CMA,TRANSWORLD-DADRI,20-01-26,24-01-26,33646
896,CGMU6576336,AL-NASIR EXPORTS PVT LTD (U.P),CMA,TRANSWORLD-DADRI,20-01-26,24-01-26,33780
897,ARKU5023761,IFF INDIA FROZEN FOODS PRIVATE LIMITED,ARKAS LINE,TRANSWORLD-DADRI,20-01-26,24-01-26,33345.4
898,SEKU9005516,HMA AGRO INDUSTRIES LTD,CMA,TRANSWORLD-DADRI,20-01-26,24-01-26,33732.8
899,CGMU5117902,HMA AGRO INDUSTRIES LTD,CMA,TRANSWORLD-DADRI,20-01-26,24-01-26,33160.5
900,SZLU9628217,HMA AGRO INDUSTRIES LTD,CMA,TRANSWORLD-DADRI,20-01-26,24-01-26,33632
901,GCXU8012490,IFF INDIA FROZEN FOODS PRIVATE LIMITED,ARKAS LINE,TRANSWORLD-DADRI,20-01-26,24-01-26,33702
903,CGMU6596728,AL-NASIR EXPORTS PVT LTD (U.P),CMA,TRANSWORLD-DADRI,20-01-26,24-01-26,33642
904,ARKU5014034,IFF INDIA FROZEN FOODS PRIVATE LIMITED,ARKAS LINE,TRANSWORLD-DADRI,20-01-26,24-01-26,33702
905,SZLU9865121,HMA AGRO INDUSTRIES LTD,CMA,TRANSWORLD-DADRI,20-01-26,24-01-26,33702
906,ARKU5000180,IFF INDIA FROZEN FOODS PRIVATE LIMITED,ARKAS LINE,TRANSWORLD-DADRI,20-01-26,24-01-26,33632
907,CXRU1087530,HMA AGRO INDUSTRIES LTD,CMA,TRANSWORLD-DADRI,20-01-26,24-01-26,33632
908,CGMU5609712,HMA AGRO INDUSTRIES LTD,CMA,TRANSWORLD-DADRI,20-01-26,24-01-26,33452
991,ARKU5003507,IFF INDIA FROZEN FOODS PRIVATE LIMITED,ARKAS LINE,TRANSWORLD-DADRI,19-01-26,24-01-26,33382
994,ARKU5013830,IFF INDIA FROZEN FOODS PRIVATE LIMITED,ARKAS LINE,TRANSWORLD-DADRI,19-01-26,24-01-26,33632
1187,CGMU5380396,AL-NASIR EXPORTS PVT LTD (U.P),CMA,TRANSWORLD-DADRI,16-01-26,24-01-26,33692
1192,FSCU5918153,AL AMMAR FROZEN FOOD EXPORTS PVT LTD,CMA,TRANSWORLD-DADRI,16-01-26,24-01-26,33605.4
1194,TTNU8203173,HMA AGRO INDUSTRIES LTD,CMA,TRANSWORLD-DADRI,16-01-26,24-01-26,33632
1197,ATKU4111645,HMA AGRO INDUSTRIES LTD,CMA,TRANSWORLD-DADRI,16-01-26,24-01-26,33712
1231,CGMU5531168,AL-NASIR EXPORTS PVT LTD (U.P),CMA,TRANSWORLD-DADRI,15-01-26,24-01-26,33991.75
1233,SEKU9068520,HMA AGRO INDUSTRIES LTD,CMA,TRANSWORLD-DADRI,15-01-26,24-01-26,33632
1239,SEKU9144487,AL-NASIR EXPORTS PVT LTD (U.P),CMA,TRANSWORLD-DADRI,15-01-26,24-01-26,33592
1242,TEMU9269444,AL-NASIR EXPORTS PVT LTD (U.P),CMA,TRANSWORLD-DADRI,15-01-26,24-01-26,33670
1243,CGMU6568557,INTERNATIONAL AGRO FOODS,CMA,TRANSWORLD-DADRI,15-01-26,24-01-26,33732.8
1244,SILU7004480,AL-NASIR EXPORTS PVT LTD (U.P),CMA,TRANSWORLD-DADRI,15-01-26,24-01-26,33632
1250,FBIU5114468,AL-NASIR EXPORTS PVT LTD (U.P),CMA,TRANSWORLD-DADRI,15-01-26,24-01-26,33632
1327,CGMU5162080,MEATGEEKS PROTEINS PRIVATE LIMITED-(UP),CMA,TRANSWORLD-DADRI,13-01-26,24-01-26,33642
816,CGMU6596986,HMA AGRO INDUSTRIES LTD,CMA,TRANSWORLD-DADRI,22-01-26,25-01-26,33632
1000,CGMU5759559,HMA AGRO INDUSTRIES LTD,CMA,TRANSWORLD-DADRI,19-01-26,25-01-26,33345.4
1003,TCLU1132036,HMA AGRO INDUSTRIES LTD,CMA,TRANSWORLD-DADRI,19-01-26,25-01-26,33605.4
1112,ARKU5012432,IFF INDIA FROZEN FOODS PRIVATE LIMITED,ARKAS LINE,TRANSWORLD-DADRI,17-01-26,25-01-26,33632
775,ARKU5017671,IFF INDIA FROZEN FOODS PRIVATE LIMITED,ARKAS LINE,TRANSWORLD-DADRI,23-01-26,26-01-26,33778
780,OOLU6500058,MEEM AGRO FOODS PVT LTD,OOCL,TRANSWORLD-DADRI,23-01-26,26-01-26,33892
781,ARKU5005325,IFF INDIA FROZEN FOODS PRIVATE LIMITED,ARKAS LINE,TRANSWORLD-DADRI,23-01-26,26-01-26,33421.6
784,ARKU5015703,IFF INDIA FROZEN FOODS PRIVATE LIMITED,ARKAS LINE,TRANSWORLD-DADRI,23-01-26,26-01-26,33716
895,FSCU5311452,AL-NASIR EXPORTS PVT LTD (U.P),OOCL,TRANSWORLD-DADRI,20-01-26,26-01-26,33702
902,HLBU9406504,IFF INDIA FROZEN FOODS PRIVATE LIMITED,HAPAG,TRANSWORLD-DADRI,20-01-26,26-01-26,33780
1116,EMCU5621414,AL AMMAR FROZEN FOOD EXPORTS PVT LTD,EVERGREEN,TRANSWORLD-DADRI,17-01-26,26-01-26,33732.8
1188,HLBU9147743,IFF INDIA FROZEN FOODS PRIVATE LIMITED,HAPAG,TRANSWORLD-DADRI,16-01-26,26-01-26,33646
1189,OTPU6244833,AL-NASIR EXPORTS PVT LTD (U.P),WAN HAI,TRANSWORLD-DADRI,16-01-26,26-01-26,33780
1190,HLBU9124162,IFF INDIA FROZEN FOODS PRIVATE LIMITED,HAPAG,TRANSWORLD-DADRI,16-01-26,26-01-26,33345.4
1199,HLBU9431744,IFF INDIA FROZEN FOODS PRIVATE LIMITED,HAPAG,TRANSWORLD-DADRI,16-01-26,26-01-26,33732.8
1201,HLBU9332042,IFF INDIA FROZEN FOODS PRIVATE LIMITED,HAPAG,TRANSWORLD-DADRI,16-01-26,26-01-26,33160.5
1236,SEGU9620085,HMA AGRO INDUSTRIES LTD,WAN HAI,TRANSWORLD-DADRI,15-01-26,26-01-26,33632
1238,EGSU5075360,AL AMMAR FROZEN FOOD EXPORTS PVT LTD,EVERGREEN,TRANSWORLD-DADRI,15-01-26,26-01-26,33702
1241,EGSU5093738,MIRHA EXPORTS PVT. LTD.(PUNJAB),EVERGREEN,TRANSWORLD-DADRI,15-01-26,26-01-26,33642
1245,SZLU9737985,HMA AGRO INDUSTRIES LTD,WAN HAI,TRANSWORLD-DADRI,15-01-26,26-01-26,33702
1246,EMCU5705984,AL AMMAR FROZEN FOOD EXPORTS PVT LTD,EVERGREEN,TRANSWORLD-DADRI,15-01-26,26-01-26,33702
1247,OTPU6193103,AL-NASIR EXPORTS PVT LTD (U.P),WAN HAI,TRANSWORLD-DADRI,15-01-26,26-01-26,33632
1252,OTPU6804352,HMA AGRO INDUSTRIES LTD,WAN HAI,TRANSWORLD-DADRI,14-01-26,26-01-26,33632
1255,FBIU5302450,AL-NASIR EXPORTS PVT LTD (U.P),WAN HAI,TRANSWORLD-DADRI,14-01-26,26-01-26,33452
1258,SEKU9192232,MIRHA EXPORTS PVT. LTD.(PUNJAB),WAN HAI,TRANSWORLD-DADRI,14-01-26,26-01-26,33382
1259,SEGU9677497,HMA AGRO INDUSTRIES LTD,WAN HAI,TRANSWORLD-DADRI,14-01-26,26-01-26,33632
1330,WHSU2850777,MADHAVI IMPEX.,WAN HAI,TRANSWORLD-DADRI,13-01-26,26-01-26,33692
321,CRLU1252775,AL HASSAN OVRESEAS  PVT LTD-UP,MSC,TRANSWORLD-DADRI,28-01-26,28-01-26,33605.4
711,TRIU8691339,HMA AGRO INDUSTRIES LTD,CMA,TRANSWORLD-DADRI,24-01-26,28-01-26,33632
713,SZLU9082656,IFF INDIA FROZEN FOODS PRIVATE LIMITED,CMA,TRANSWORLD-DADRI,24-01-26,28-01-26,33712
769,TRIU8950363,PURE FOODSTUFF PRIVATE LIMITED,CORTEN,TRANSWORLD-DADRI,23-01-26,28-01-26,33991.75
770,TTNU8189455,AL AMMAR FROZEN FOOD EXPORTS PVT LTD,CORTEN,TRANSWORLD-DADRI,23-01-26,28-01-26,33632
771,SEGU9481821,PURE FOODSTUFF PRIVATE LIMITED,CORTEN,TRANSWORLD-DADRI,23-01-26,28-01-26,33592
773,TEMU9460960,AL-NASIR EXPORTS PVT LTD (U.P),CMA,TRANSWORLD-DADRI,23-01-26,28-01-26,33670
782,CXRU1211235,AL AMMAR FROZEN FOOD EXPORTS PVT LTD,CORTEN,TRANSWORLD-DADRI,23-01-26,28-01-26,33732.8
783,TTNU8436679,PURE FOODSTUFF PRIVATE LIMITED,CORTEN,TRANSWORLD-DADRI,23-01-26,28-01-26,33632
785,BMOU9836483,AL AMMAR FROZEN FOOD EXPORTS PVT LTD,CORTEN,TRANSWORLD-DADRI,23-01-26,28-01-26,33632
787,CGMU5277412,MEEM AGRO FOODS PVT LTD,CMA,TRANSWORLD-DADRI,23-01-26,28-01-26,33642
815,CGMU5225152,HMA AGRO INDUSTRIES LTD,CMA,TRANSWORLD-DADRI,22-01-26,28-01-26,33632
324,SEKU9363973,AL-NASIR EXPORTS PVT LTD (U.P),WAN HAI,TRANSWORLD-DADRI,28-01-26,29-01-26,33345.4
435,SEGU9748292,HMA AGRO INDUSTRIES LTD,WAN HAI,TRANSWORLD-DADRI,27-01-26,29-01-26,33605.4
436,ARKU5007246,AL AMMAR FROZEN FOOD EXPORTS PVT LTD,ARKAS LINE,TRANSWORLD-DADRI,27-01-26,29-01-26,33632
437,ARKU5009573,IFF INDIA FROZEN FOODS PRIVATE LIMITED,ARKAS LINE,TRANSWORLD-DADRI,27-01-26,29-01-26,33778
440,FBIU5119222,AL-NASIR EXPORTS PVT LTD (U.P),WAN HAI,TRANSWORLD-DADRI,27-01-26,29-01-26,33892
441,ARKU5022174,IFF INDIA FROZEN FOODS PRIVATE LIMITED,ARKAS LINE,TRANSWORLD-DADRI,27-01-26,29-01-26,33421.6
445,ARKU5002270,AL AMMAR FROZEN FOOD EXPORTS PVT LTD,ARKAS LINE,TRANSWORLD-DADRI,27-01-26,29-01-26,33716
446,FBIU5302505,HMA AGRO INDUSTRIES LTD,WAN HAI,TRANSWORLD-DADRI,27-01-26,29-01-26,33702
714,ARKU5027710,PETAL EXPORTS,ARKAS LINE,TRANSWORLD-DADRI,24-01-26,29-01-26,33780
716,ARKU5003343,AL AMMAR FROZEN FOOD EXPORTS PVT LTD,ARKAS LINE,TRANSWORLD-DADRI,24-01-26,29-01-26,33732.8
768,GMOU9033402,INTERNATIONAL AGRO FOODS,GOLD STAR,TRANSWORLD-DADRI,23-01-26,29-01-26,33646
772,OTPU6759720,MIRHA EXPORTS PVT. LTD.(PUNJAB),WAN HAI,TRANSWORLD-DADRI,23-01-26,29-01-26,33780
774,GMOU9051514,INTERNATIONAL AGRO FOODS,GOLD STAR,TRANSWORLD-DADRI,23-01-26,29-01-26,33345.4
776,OTPU6252649,IFF INDIA FROZEN FOODS PRIVATE LIMITED,WAN HAI,TRANSWORLD-DADRI,23-01-26,29-01-26,33732.8
777,GMOU9052594,INTERNATIONAL AGRO FOODS,GOLD STAR,TRANSWORLD-DADRI,23-01-26,29-01-26,33160.5
778,SEKU9111230,IFF INDIA FROZEN FOODS PRIVATE LIMITED,WAN HAI,TRANSWORLD-DADRI,23-01-26,29-01-26,33632
810,GMOU9052418,INTERNATIONAL AGRO FOODS,GOLD STAR,TRANSWORLD-DADRI,22-01-26,29-01-26,33702
811,GMOU9029953,INTERNATIONAL AGRO FOODS,GOLD STAR,TRANSWORLD-DADRI,22-01-26,29-01-26,33642
813,GMOU9023791,INTERNATIONAL AGRO FOODS,GOLD STAR,TRANSWORLD-DADRI,22-01-26,29-01-26,33702
817,GMOU9039988,INTERNATIONAL AGRO FOODS,GOLD STAR,TRANSWORLD-DADRI,22-01-26,29-01-26,33702
831,GMOU9030511,MIRHA EXPORTS PVT. LTD.(PUNJAB),GOLD STAR,TRANSWORLD-DADRI,21-01-26,29-01-26,33632
989,ARKU5010281,AL AMMAR FROZEN FOOD EXPORTS PVT LTD,ARKAS LINE,TRANSWORLD-DADRI,19-01-26,29-01-26,33632
990,ARKU5008509,AL AMMAR FROZEN FOOD EXPORTS PVT LTD,ARKAS LINE,TRANSWORLD-DADRI,19-01-26,29-01-26,33452
993,ARKU5015745,AL AMMAR FROZEN FOOD EXPORTS PVT LTD,ARKAS LINE,TRANSWORLD-DADRI,19-01-26,29-01-26,33382
995,ARKU5024897,AL AMMAR FROZEN FOOD EXPORTS PVT LTD,ARKAS LINE,TRANSWORLD-DADRI,19-01-26,29-01-26,33632
999,ARKU5012540,AL AMMAR FROZEN FOOD EXPORTS PVT LTD,ARKAS LINE,TRANSWORLD-DADRI,19-01-26,29-01-26,33692
207,OTPU6668132,HMA AGRO INDUSTRIES LTD,SAMUDERA,TRANSWORLD-DADRI,29-01-26,30-01-26,33605.4
95,TCLU1223990,HMA AGRO INDUSTRIES LTD,GOODRICH,TRANSWORLD-DADRI,30-01-26,31-01-26,33632
96,TRIU8899209,HMA AGRO INDUSTRIES LTD,GOODRICH,TRANSWORLD-DADRI,30-01-26,31-01-26,33712
108,TRIU8221340,HMA AGRO INDUSTRIES LTD,GOODRICH,TRANSWORLD-DADRI,30-01-26,31-01-26,33991.75
215,CGMU5553399,AL AAYAT FOOD EXPO PVT. LTD,CMA,TRANSWORLD-DADRI,29-01-26,31-01-26,33632
314,CXRU1313371,HMA AGRO INDUSTRIES LTD,CMA,TRANSWORLD-DADRI,28-01-26,31-01-26,33592
316,CGMU5603566,AL-NASIR EXPORTS PVT LTD (U.P),CMA,TRANSWORLD-DADRI,28-01-26,31-01-26,33670
322,CGMU6509831,HMA AGRO INDUSTRIES LTD,CMA,TRANSWORLD-DADRI,28-01-26,31-01-26,33732.8
323,APRU6115282,AL-NASIR EXPORTS PVT LTD (U.P),CMA,TRANSWORLD-DADRI,28-01-26,31-01-26,33632
328,SEKU9130014,HMA AGRO INDUSTRIES LTD,CMA,TRANSWORLD-DADRI,28-01-26,31-01-26,33632
330,SZLU9882812,HMA AGRO INDUSTRIES LTD,CMA,TRANSWORLD-DADRI,28-01-26,31-01-26,33642
434,TTNU8318491,AL-NASIR EXPORTS PVT LTD (U.P),CMA,TRANSWORLD-DADRI,27-01-26,31-01-26,33632
442,SZLU9627139,HMA AGRO INDUSTRIES LTD,CMA,TRANSWORLD-DADRI,27-01-26,31-01-26,33345.4
447,TRIU8851680,AL AMMAR FROZEN FOOD EXPORTS PVT LTD,GOODRICH,TRANSWORLD-DADRI,27-01-26,31-01-26,33605.4
205,EMCU5396102,HMA AGRO INDUSTRIES LTD,EVERGREEN,TRANSWORLD-DADRI,29-01-26,03-02-26,33632
213,SEKU9056914,IFF INDIA FROZEN FOODS PRIVATE LIMITED,CMA,TRANSWORLD-DADRI,29-01-26,03-02-26,33778
326,EMCU5509641,HMA AGRO INDUSTRIES LTD,EVERGREEN,TRANSWORLD-DADRI,28-01-26,03-02-26,33892
438,CGMU5464239,AL HASSAN OVRESEAS  PVT LTD-UP,CMA,TRANSWORLD-DADRI,27-01-26,03-02-26,33421.6
439,EGSU5027187,MARHABA FROZEN FOODS,EVERGREEN,TRANSWORLD-DADRI,27-01-26,03-02-26,33716
444,EGSU5097163,AL AMMAR FROZEN FOOD EXPORTS PVT LTD,EVERGREEN,TRANSWORLD-DADRI,27-01-26,03-02-26,33702
712,EMCU5478197,AL-NASIR EXPORTS PVT LTD (U.P),EVERGREEN,TRANSWORLD-DADRI,24-01-26,03-02-26,33780
832,EMCU5446137,MARHABA FROZEN FOODS,EVERGREEN,TRANSWORLD-DADRI,21-01-26,03-02-26,33732.8
2006,SZLU9138605,IFF INDIA FROZEN FOODS PRIVATE LIMITED,TRANSWORLD,TRANSWORLD-DADRI,03-02-26,03-02-26,33646
20,OTPU6200882,AL-NASIR EXPORTS PVT LTD (U.P),WAN HAI,TRANSWORLD-DADRI,31-01-26,04-02-26,33780
23,SEGU9857360,AL-NASIR EXPORTS PVT LTD (U.P),WAN HAI,TRANSWORLD-DADRI,31-01-26,04-02-26,33345.4
28,OOLU6261890,AL-NASIR EXPORTS PVT LTD (U.P),OOCL,TRANSWORLD-DADRI,31-01-26,04-02-26,33732.8
91,FBIU5308329,HMA AGRO INDUSTRIES LTD,WAN HAI,TRANSWORLD-DADRI,30-01-26,04-02-26,33160.5
93,ARKU5002394,IFF INDIA FROZEN FOODS PRIVATE LIMITED,ARKAS LINE,TRANSWORLD-DADRI,30-01-26,04-02-26,33632
98,SEGU9919820,AL-NASIR EXPORTS PVT LTD (U.P),WAN HAI,TRANSWORLD-DADRI,30-01-26,04-02-26,33702
99,FBIU5106647,AL AAYAT FOOD EXPO PVT. LTD,CMA,TRANSWORLD-DADRI,30-01-26,04-02-26,33642
100,FBIU5324382,HMA AGRO INDUSTRIES LTD,WAN HAI,TRANSWORLD-DADRI,30-01-26,04-02-26,33702
102,FBIU5384653,HMA AGRO INDUSTRIES LTD,WAN HAI,TRANSWORLD-DADRI,30-01-26,04-02-26,33702
104,SEKU9191025,HMA AGRO INDUSTRIES LTD,WAN HAI,TRANSWORLD-DADRI,30-01-26,04-02-26,33632
105,SEKU9111950,HMA AGRO INDUSTRIES LTD,WAN HAI,TRANSWORLD-DADRI,30-01-26,04-02-26,33632
106,SEGU9482221,HMA AGRO INDUSTRIES LTD,CMA,TRANSWORLD-DADRI,30-01-26,04-02-26,33452
109,OTPU6205101,MARHABA FROZEN FOODS,WAN HAI,TRANSWORLD-DADRI,30-01-26,04-02-26,33382
210,TCLU1332230,IFF INDIA FROZEN FOODS PRIVATE LIMITED,CMA,TRANSWORLD-DADRI,29-01-26,04-02-26,33632
212,ARKU5033944,IFF INDIA FROZEN FOODS PRIVATE LIMITED,ARKAS LINE,TRANSWORLD-DADRI,29-01-26,04-02-26,33692
319,ARKU5010548,AL AMMAR FROZEN FOOD EXPORTS PVT LTD,ARKAS LINE,TRANSWORLD-DADRI,28-01-26,04-02-26,33605.4
325,ARKU5016607,AL AMMAR FROZEN FOOD EXPORTS PVT LTD,ARKAS LINE,TRANSWORLD-DADRI,28-01-26,04-02-26,33632
327,CGMU8001710,IFF INDIA FROZEN FOODS PRIVATE LIMITED,CMA,TRANSWORLD-DADRI,28-01-26,04-02-26,33712
1944,TRLU1607974,AL-NASIR EXPORTS PVT LTD (U.P),MSC,TRANSWORLD-DADRI,04-02-26,04-02-26,33991.75
21,CGMU5444382,RAYBAN FROZEN FOODS PVT.LTD,CMA,TRANSWORLD-DADRI,31-01-26,05-02-26,33632
94,ARKU5006281,IFF INDIA FROZEN FOODS PRIVATE LIMITED,ARKAS LINE,TRANSWORLD-DADRI,30-01-26,05-02-26,33592
101,CGMU5631927,RAYBAN FROZEN FOODS PVT.LTD,CMA,TRANSWORLD-DADRI,30-01-26,05-02-26,33670
103,ARKU5013064,IFF INDIA FROZEN FOODS PRIVATE LIMITED,ARKAS LINE,TRANSWORLD-DADRI,30-01-26,05-02-26,33732.8
209,SEKU9286748,HMA AGRO INDUSTRIES LTD,CMA,TRANSWORLD-DADRI,29-01-26,05-02-26,33632
216,SEGU9914217,MIRHA EXPORTS PVT. LTD.(PUNJAB),WAN HAI,TRANSWORLD-DADRI,29-01-26,05-02-26,33632
812,EMCU5510278,AL-AALI EXPORTS PVT LTD-(UP),EVERGREEN,TRANSWORLD-DADRI,22-01-26,05-02-26,33642
1937,SEKU9151510,HMA AGRO INDUSTRIES LTD,WAN HAI,TRANSWORLD-DADRI,04-02-26,05-02-26,33632
2003,SEGU9755901,MIRHA EXPORTS PVT. LTD.(PUNJAB),WAN HAI,TRANSWORLD-DADRI,03-02-26,05-02-26,33345.4
2090,FBIU5119449,MIRHA EXPORTS PVT. LTD.(PUNJAB),WAN HAI,TRANSWORLD-DADRI,02-02-26,05-02-26,33605.4
2099,HLBU9055781,AL-NASIR EXPORTS PVT LTD (U.P),HAPAG,TRANSWORLD-DADRI,02-02-26,05-02-26,33632
307,HLBU9317583,AL-NASIR EXPORTS PVT LTD (U.P),HAPAG,TRANSWORLD-DADRI,28-02-26,06-02-26,33778
37,FBIU5123752,HMA AGRO INDUSTRIES LTD,WAN HAI,TRANSWORLD-DADRI,30-10-25,07-02-26,33892
92,AMCU9316013,HMA AGRO INDUSTRIES LTD,CMA,TRANSWORLD-DADRI,30-01-26,07-02-26,33421.6
317,CSCU1018187,AL HASSAN OVRESEAS  PVT LTD-UP,CORTEN,TRANSWORLD-DADRI,28-01-26,07-02-26,33716
443,OOLU6470755,AL-NASIR EXPORTS PVT LTD (U.P),OOCL,TRANSWORLD-DADRI,27-01-26,07-02-26,33702
789,OOLU6471392,AL-NASIR EXPORTS PVT LTD (U.P),OOCL,TRANSWORLD-DADRI,23-01-26,07-02-26,33780
1767,SEGU9953039,AL-NASIR EXPORTS PVT LTD (U.P),WAN HAI,TRANSWORLD-DADRI,06-02-26,07-02-26,33732.8
1770,EMCU5709038,HMA AGRO INDUSTRIES LTD,EVERGREEN,TRANSWORLD-DADRI,06-02-26,07-02-26,33646
1774,SEGU9007160,MIRHA EXPORTS PVT. LTD.(PUNJAB),CORTEN,TRANSWORLD-DADRI,06-02-26,07-02-26,33780
1776,SEGU9400141,MIRHA EXPORTS PVT. LTD.(PUNJAB),CORTEN,TRANSWORLD-DADRI,06-02-26,07-02-26,33345.4
1779,SEGU9163332,MIRHA EXPORTS PVT. LTD.(PUNJAB),CORTEN,TRANSWORLD-DADRI,06-02-26,07-02-26,33732.8
1784,BMOU9835363,MIRHA EXPORTS PVT. LTD.(PUNJAB),CORTEN,TRANSWORLD-DADRI,06-02-26,07-02-26,33160.5
1831,SEKU9371198,MIRHA EXPORTS PVT. LTD.(PUNJAB),WAN HAI,TRANSWORLD-DADRI,05-02-26,07-02-26,33632
1832,FBIU5123752,IFF INDIA FROZEN FOODS PRIVATE LIMITED,WAN HAI,TRANSWORLD-DADRI,05-02-26,07-02-26,33702
1834,EMCU5695952,AL AAYAT FOOD EXPO PVT. LTD,EVERGREEN,TRANSWORLD-DADRI,05-02-26,07-02-26,33642
1835,SZLU9735405,MIRHA EXPORTS PVT. LTD.(PUNJAB),WAN HAI,TRANSWORLD-DADRI,05-02-26,07-02-26,33702
1842,SZLU9493786,HMA AGRO INDUSTRIES LTD,CMA,TRANSWORLD-DADRI,05-02-26,07-02-26,33702
1938,TTNU8381895,HMA AGRO INDUSTRIES LTD,CMA,TRANSWORLD-DADRI,04-02-26,07-02-26,33632
1940,EMCU5745740,HMA AGRO INDUSTRIES LTD,EVERGREEN,TRANSWORLD-DADRI,04-02-26,07-02-26,33632
1941,TRIU8094971,AL AMMAR FROZEN FOOD EXPORTS PVT LTD,CORTEN,TRANSWORLD-DADRI,04-02-26,07-02-26,33452
1942,CXRU1129425,AL AMMAR FROZEN FOOD EXPORTS PVT LTD,CORTEN,TRANSWORLD-DADRI,04-02-26,07-02-26,33382
1943,AMHU8001318,AL AMMAR FROZEN FOOD EXPORTS PVT LTD,CORTEN,TRANSWORLD-DADRI,04-02-26,07-02-26,33632
1991,HLBU9213064,HMA AGRO INDUSTRIES LTD,HAPAG,TRANSWORLD-DADRI,03-02-26,07-02-26,33692
1994,EMCU5750725,HMA AGRO INDUSTRIES LTD,EVERGREEN,TRANSWORLD-DADRI,03-02-26,07-02-26,33605.4
1998,HLBU9102749,HMA AGRO INDUSTRIES LTD,HAPAG,TRANSWORLD-DADRI,03-02-26,07-02-26,33632
2002,HLBU9637102,HMA AGRO INDUSTRIES LTD,HAPAG,TRANSWORLD-DADRI,03-02-26,07-02-26,33712
2005,FTAU1116464,MADHAVI IMPEX.,KMTC,TRANSWORLD-DADRI,03-02-26,07-02-26,33991.75
2088,OOLU6462317,AL-NASIR EXPORTS PVT LTD (U.P),OOCL,TRANSWORLD-DADRI,02-02-26,07-02-26,33632
2089,EMCU5511248,AL-AALI EXPORTS PVT LTD-(UP),EVERGREEN,TRANSWORLD-DADRI,02-02-26,07-02-26,33592
2095,OOLU6442291,AL-NASIR EXPORTS PVT LTD (U.P),OOCL,TRANSWORLD-DADRI,02-02-26,07-02-26,33670
1698,EMCU5742165,HMA AGRO INDUSTRIES LTD,EVERGREEN,TRANSWORLD-DADRI,07-02-26,09-02-26,33732.8
1777,EMCU5647194,HMA AGRO INDUSTRIES LTD,EVERGREEN,TRANSWORLD-DADRI,06-02-26,09-02-26,33632
1778,EMCU5622600,HMA AGRO INDUSTRIES LTD,EVERGREEN,TRANSWORLD-DADRI,06-02-26,09-02-26,33632
1839,EMCU5609403,HMA AGRO INDUSTRIES LTD,EVERGREEN,TRANSWORLD-DADRI,05-02-26,09-02-26,33642
27,OOLU6247865,RAYBAN FROZEN FOODS PVT.LTD,OOCL,TRANSWORLD-DADRI,31-01-26,10-02-26,33632
1542,CXRU1145241,PURE FOODSTUFF PRIVATE LIMITED,CORTEN,TRANSWORLD-DADRI,09-02-26,10-02-26,33345.4
1543,TTNU8439364,PURE FOODSTUFF PRIVATE LIMITED,CORTEN,TRANSWORLD-DADRI,09-02-26,10-02-26,33605.4
1546,CXRU1137499,PURE FOODSTUFF PRIVATE LIMITED,CORTEN,TRANSWORLD-DADRI,09-02-26,10-02-26,33632
1557,TRIU8692211,PURE FOODSTUFF PRIVATE LIMITED,CORTEN,TRANSWORLD-DADRI,09-02-26,10-02-26,33778
1570,BMOU9835620,PURE FOODSTUFF PRIVATE LIMITED,CORTEN,TRANSWORLD-DADRI,09-02-26,10-02-26,33892
1691,SEGU9614694,HMA AGRO INDUSTRIES LTD,WAN HAI,TRANSWORLD-DADRI,07-02-26,10-02-26,33421.6
1694,OTPU6774052,HMA AGRO INDUSTRIES LTD,WAN HAI,TRANSWORLD-DADRI,07-02-26,10-02-26,33716
1696,OTPU6754143,HMA AGRO INDUSTRIES LTD,WAN HAI,TRANSWORLD-DADRI,07-02-26,10-02-26,33702
1697,HLBU9639743,HMA AGRO INDUSTRIES LTD,HAPAG,TRANSWORLD-DADRI,07-02-26,10-02-26,33780
1766,ARKU5009233,IFF INDIA FROZEN FOODS PRIVATE LIMITED,ARKAS LINE,TRANSWORLD-DADRI,06-02-26,10-02-26,33732.8
1781,OTPU6663064,AL-NASIR EXPORTS PVT LTD (U.P),SAMUDERA,TRANSWORLD-DADRI,06-02-26,10-02-26,33646
1783,ARKU5006260,IFF INDIA FROZEN FOODS PRIVATE LIMITED,ARKAS LINE,TRANSWORLD-DADRI,06-02-26,10-02-26,33780
1837,BMOU9896646,IFF INDIA FROZEN FOODS PRIVATE LIMITED,CMA,TRANSWORLD-DADRI,05-02-26,10-02-26,33345.4
1841,ARKU5026971,ARS AGRO FOODS,ARKAS LINE,TRANSWORLD-DADRI,05-02-26,10-02-26,33732.8
1843,SZLU9539059,HMA AGRO INDUSTRIES LTD,SAMUDERA,TRANSWORLD-DADRI,05-02-26,10-02-26,33160.5
1939,OOLU6337280,MEEM AGRO FOODS PVT LTD,OOCL,TRANSWORLD-DADRI,04-02-26,10-02-26,33632
1997,FBIU5207350,HMA AGRO INDUSTRIES LTD,CMA,TRANSWORLD-DADRI,03-02-26,10-02-26,33702
2000,TCLU1211500,HMA AGRO INDUSTRIES LTD,CMA,TRANSWORLD-DADRI,03-02-26,10-02-26,33642
2004,OTPU6674238,HMA AGRO INDUSTRIES LTD,SAMUDERA,TRANSWORLD-DADRI,03-02-26,10-02-26,33702
2087,AMCU9308229,AL AMMAR FROZEN FOOD EXPORTS PVT LTD,CMA,TRANSWORLD-DADRI,02-02-26,10-02-26,33702
2093,OOLU6281685,KIRPA RAM DAIRY PRIVATE LIMITED,OOCL,TRANSWORLD-DADRI,02-02-26,10-02-26,33632
398,ARKU5006928,IFF INDIA FROZEN FOODS PRIVATE LIMITED,ARKAS LINE,TRANSWORLD-DADRI,27-08-25,11-02-26,33632
1485,EMCU5507401,AL-NASIR EXPORTS PVT LTD (U.P),EVERGREEN,TRANSWORLD-DADRI,10-03-26,11-02-26,33452
1520,EMCU5483866,AL-NASIR EXPORTS PVT LTD (U.P),EVERGREEN,TRANSWORLD-DADRI,09-03-26,11-02-26,33382
1732,ARKU5006928,IFF INDIA FROZEN FOODS PRIVATE LIMITED,ARKAS LINE,TRANSWORLD-DADRI,06-03-26,11-02-26,33632
1692,AMCU9365342,HMA AGRO INDUSTRIES LTD,CMA,TRANSWORLD-DADRI,07-02-26,12-02-26,33692
1693,SZLU9885128,MARHABA FROZEN FOODS,CMA,TRANSWORLD-DADRI,07-02-26,12-02-26,33605.4
1695,SILU7009287,MARHABA FROZEN FOODS,CMA,TRANSWORLD-DADRI,07-02-26,12-02-26,33632
1833,CGMU5322846,HMA AGRO INDUSTRIES LTD,CMA,TRANSWORLD-DADRI,05-02-26,12-02-26,33712
1840,SEGU9711586,IFF INDIA FROZEN FOODS PRIVATE LIMITED,CMA,TRANSWORLD-DADRI,05-02-26,12-02-26,33991.75
1377,TRIU8951586,IFF INDIA FROZEN FOODS PRIVATE LIMITED,GOODRICH,TRANSWORLD-DADRI,12-02-26,13-02-26,33632
1378,TTNU8345326,IFF INDIA FROZEN FOODS PRIVATE LIMITED,GOODRICH,TRANSWORLD-DADRI,12-02-26,13-02-26,33592
1379,TCLU1224791,IFF INDIA FROZEN FOODS PRIVATE LIMITED,GOODRICH,TRANSWORLD-DADRI,12-02-26,13-02-26,33670
1448,HLBU9422130,AL-NASIR EXPORTS PVT LTD (U.P),HAPAG,TRANSWORLD-DADRI,11-02-26,13-02-26,33732.8
1449,TTNU8536106,AL-NASIR EXPORTS PVT LTD (U.P),HAPAG,TRANSWORLD-DADRI,11-02-26,13-02-26,33632
1492,TCLU1044470,AL-NASIR EXPORTS PVT LTD (U.P),HAPAG,TRANSWORLD-DADRI,10-02-26,13-02-26,33632
1494,HLBU9853307,AL-NASIR EXPORTS PVT LTD (U.P),HAPAG,TRANSWORLD-DADRI,10-02-26,13-02-26,33642
1496,HLBU9858989,AL-NASIR EXPORTS PVT LTD (U.P),HAPAG,TRANSWORLD-DADRI,10-02-26,13-02-26,33632
1545,CGMU5198653,MIRHA EXPORTS PVT. LTD.(PUNJAB),CMA,TRANSWORLD-DADRI,09-02-26,13-02-26,33345.4
1559,CGMU5350658,AL AAYAT FOOD EXPO PVT. LTD,CMA,TRANSWORLD-DADRI,09-02-26,13-02-26,33605.4
1562,SZLU9551239,AL-NASIR EXPORTS PVT LTD (U.P),SAMUDERA,TRANSWORLD-DADRI,09-02-26,13-02-26,33632
1689,SEKU9069465,HMA AGRO INDUSTRIES LTD,CMA,TRANSWORLD-DADRI,07-02-26,13-02-26,33778
1773,HLBU9171837,AL-NASIR EXPORTS PVT LTD (U.P),HAPAG,TRANSWORLD-DADRI,06-02-26,13-02-26,33892
1296,EMCU5543522,AL-NASIR EXPORTS PVT LTD (U.P),EVERGREEN,TRANSWORLD-DADRI,13-02-26,14-02-26,33421.6
1312,EMCU5578961,IFF INDIA FROZEN FOODS PRIVATE LIMITED,EVERGREEN,TRANSWORLD-DADRI,13-02-26,14-02-26,33716
1381,EMCU5387060,HMA AGRO INDUSTRIES LTD,EVERGREEN,TRANSWORLD-DADRI,12-02-26,14-02-26,33702
1437,EMCU5728608,AL AAYAT FOOD EXPO PVT. LTD,EVERGREEN,TRANSWORLD-DADRI,11-02-26,14-02-26,33780
1547,EMCU5697003,HMA AGRO INDUSTRIES LTD,EVERGREEN,TRANSWORLD-DADRI,09-02-26,14-02-26,33732.8
1555,EMCU5555061,HMA AGRO INDUSTRIES LTD,EVERGREEN,TRANSWORLD-DADRI,09-02-26,14-02-26,33646
22,TTNU8270947,HMA AGRO INDUSTRIES LTD,GOLD STAR,TRANSWORLD-DADRI,31-01-26,16-02-26,33780
25,JXLU5106470,HMA AGRO INDUSTRIES LTD,GOLD STAR,TRANSWORLD-DADRI,31-01-26,16-02-26,33345.4
26,SZLU9061000,HMA AGRO INDUSTRIES LTD,GOLD STAR,TRANSWORLD-DADRI,31-01-26,16-02-26,33732.8
97,GMOU9041413,AL AAYAT FOOD EXPO PVT. LTD,GOLD STAR,TRANSWORLD-DADRI,30-01-26,16-02-26,33160.5
110,GMOU9036058,AL-NASIR EXPORTS PVT LTD (U.P),GOLD STAR,TRANSWORLD-DADRI,30-01-26,16-02-26,33632
1305,GMOU9005340,HMA AGRO INDUSTRIES LTD,GOLD STAR,TRANSWORLD-DADRI,13-02-26,16-02-26,33702
1380,CGMU5545705,HMA AGRO INDUSTRIES LTD,CMA,TRANSWORLD-DADRI,12-02-26,16-02-26,33642
1436,BMOU9660687,HMA AGRO INDUSTRIES LTD,CMA,TRANSWORLD-DADRI,11-02-26,16-02-26,33702
1439,CGMU5105408,AL AAYAT FOOD EXPO PVT. LTD,CMA,TRANSWORLD-DADRI,11-02-26,16-02-26,33702
1453,GMOU8877733,AL-NASIR EXPORTS PVT LTD (U.P),GOLD STAR,TRANSWORLD-DADRI,11-02-26,16-02-26,33632
1489,GMOU8871798,HMA AGRO INDUSTRIES LTD,GOLD STAR,TRANSWORLD-DADRI,10-02-26,16-02-26,33632
1490,GMOU9038620,HMA AGRO INDUSTRIES LTD,GOLD STAR,TRANSWORLD-DADRI,10-02-26,16-02-26,33452
1495,GMOU9045403,HMA AGRO INDUSTRIES LTD,GOLD STAR,TRANSWORLD-DADRI,10-02-26,16-02-26,33382
1497,CGMU5361652,HMA AGRO INDUSTRIES LTD,CMA,TRANSWORLD-DADRI,10-02-26,16-02-26,33632
1498,SEGU9530119,MARHABA FROZEN FOODS,CMA,TRANSWORLD-DADRI,10-02-26,16-02-26,33692
1499,CGMU5631280,AL-NASIR EXPORTS PVT LTD (U.P),CMA,TRANSWORLD-DADRI,10-02-26,16-02-26,33605.4
1541,SEGU9012104,AL AAYAT FOOD EXPO PVT. LTD,CMA,TRANSWORLD-DADRI,09-02-26,16-02-26,33632
1565,CGMU9367807,HMA AGRO INDUSTRIES LTD,CMA,TRANSWORLD-DADRI,09-02-26,16-02-26,33712
1567,GMOU9052486,AL-NASIR EXPORTS PVT LTD (U.P),GOLD STAR,TRANSWORLD-DADRI,09-02-26,16-02-26,33991.75
1569,CGMU5441110,AL AMMAR FROZEN FOOD EXPORTS PVT LTD,CMA,TRANSWORLD-DADRI,09-02-26,16-02-26,33632
1761,SEGU9558230,IFF INDIA FROZEN FOODS PRIVATE LIMITED,CMA,TRANSWORLD-DADRI,06-02-26,16-02-26,33592
1764,GMOU9045086,HMA AGRO INDUSTRIES LTD,GOLD STAR,TRANSWORLD-DADRI,06-02-26,16-02-26,33670
1836,CGMU6542336,IFF INDIA FROZEN FOODS PRIVATE LIMITED,CMA,TRANSWORLD-DADRI,05-02-26,16-02-26,33732.8
1838,GMOU9009900,AL-NASIR EXPORTS PVT LTD (U.P),GOLD STAR,TRANSWORLD-DADRI,05-02-26,16-02-26,33632
1844,GMOU9041157,HMA AGRO INDUSTRIES LTD,GOLD STAR,TRANSWORLD-DADRI,05-02-26,16-02-26,33632
1936,GMOU9007569,HMA AGRO INDUSTRIES LTD,GOLD STAR,TRANSWORLD-DADRI,04-02-26,16-02-26,33642
1992,TRIU8199951,HMA AGRO INDUSTRIES LTD,GOLD STAR,TRANSWORLD-DADRI,03-02-26,16-02-26,33632
1999,GMOU8876188,HMA AGRO INDUSTRIES LTD,GOLD STAR,TRANSWORLD-DADRI,03-02-26,16-02-26,33345.4
2001,JXLU5112390,HMA AGRO INDUSTRIES LTD,GOLD STAR,TRANSWORLD-DADRI,03-02-26,16-02-26,33605.4
2094,JXLU5127359,AL-NASIR EXPORTS PVT LTD (U.P),GOLD STAR,TRANSWORLD-DADRI,02-02-26,16-02-26,33632
2097,JXLU5826675,HMA AGRO INDUSTRIES LTD,GOLD STAR,TRANSWORLD-DADRI,02-02-26,16-02-26,33778
2098,GMOU9008098,MIRHA EXPORTS PVT. LTD.(PUNJAB),GOLD STAR,TRANSWORLD-DADRI,02-02-26,16-02-26,33892
1297,SZLU9753435,AL-NASIR EXPORTS PVT LTD (U.P),WAN HAI,TRANSWORLD-DADRI,13-02-26,17-02-26,33421.6
1299,CXRU1071750,IFF INDIA FROZEN FOODS PRIVATE LIMITED,CMA,TRANSWORLD-DADRI,13-02-26,17-02-26,33716
1303,OTPU6192323,AL-NASIR EXPORTS PVT LTD (U.P),WAN HAI,TRANSWORLD-DADRI,13-02-26,17-02-26,33702
1306,SEGU9621245,MIRHA EXPORTS PVT. LTD.(PUNJAB),WAN HAI,TRANSWORLD-DADRI,13-02-26,17-02-26,33780
1307,SEGU9913967,AL-NASIR EXPORTS PVT LTD (U.P),WAN HAI,TRANSWORLD-DADRI,13-02-26,17-02-26,33732.8
1308,OTPU6756995,AL-NASIR EXPORTS PVT LTD (U.P),WAN HAI,TRANSWORLD-DADRI,13-02-26,17-02-26,33646
1315,TEMU9135229,IFF INDIA FROZEN FOODS PRIVATE LIMITED,CMA,TRANSWORLD-DADRI,13-02-26,17-02-26,33780
1376,SEGU9928885,AL AAYAT FOOD EXPO PVT. LTD,WAN HAI,TRANSWORLD-DADRI,12-02-26,17-02-26,33345.4
1443,SEGU9924961,RAYBAN FROZEN FOODS PVT.LTD,WAN HAI,TRANSWORLD-DADRI,11-02-26,17-02-26,33732.8
1491,OTPU6725377,AL-NASIR EXPORTS PVT LTD (U.P),WAN HAI,TRANSWORLD-DADRI,10-02-26,17-02-26,33160.5
1493,SZLU9752402,AL-NASIR EXPORTS PVT LTD (U.P),WAN HAI,TRANSWORLD-DADRI,10-02-26,17-02-26,33632
1544,SEGU9550516,HMA AGRO INDUSTRIES LTD,CMA,TRANSWORLD-DADRI,09-02-26,17-02-26,33702
1548,TCLU1386149,HMA AGRO INDUSTRIES LTD,CMA,TRANSWORLD-DADRI,09-02-26,17-02-26,33642
1549,TTNU8662450,HMA AGRO INDUSTRIES LTD,CMA,TRANSWORLD-DADRI,09-02-26,17-02-26,33702
1550,CGMU5409592,HMA AGRO INDUSTRIES LTD,CMA,TRANSWORLD-DADRI,09-02-26,17-02-26,33702
1551,SEGU9485196,HMA AGRO INDUSTRIES LTD,CMA,TRANSWORLD-DADRI,09-02-26,17-02-26,33632
1552,TTNU8289747,HMA AGRO INDUSTRIES LTD,CMA,TRANSWORLD-DADRI,09-02-26,17-02-26,33632
1553,TTNU8628840,HMA AGRO INDUSTRIES LTD,CMA,TRANSWORLD-DADRI,09-02-26,17-02-26,33452
1554,CGMU5282131,HMA AGRO INDUSTRIES LTD,CMA,TRANSWORLD-DADRI,09-02-26,17-02-26,33382
1556,TTNU8633744,HMA AGRO INDUSTRIES LTD,CMA,TRANSWORLD-DADRI,09-02-26,17-02-26,33632
1558,FBIU5119726,AL-NASIR EXPORTS PVT LTD (U.P),WAN HAI,TRANSWORLD-DADRI,09-02-26,17-02-26,33692
1560,OTPU6679775,AL-NASIR EXPORTS PVT LTD (U.P),WAN HAI,TRANSWORLD-DADRI,09-02-26,17-02-26,33605.4
1561,CGMU5200323,HMA AGRO INDUSTRIES LTD,CMA,TRANSWORLD-DADRI,09-02-26,17-02-26,33632
1563,BMOU9628788,HMA AGRO INDUSTRIES LTD,CMA,TRANSWORLD-DADRI,09-02-26,17-02-26,33712
1564,CGMU5161572,HMA AGRO INDUSTRIES LTD,CMA,TRANSWORLD-DADRI,09-02-26,17-02-26,33991.75
1566,OTPU6248382,AL-AALI EXPORTS PVT LTD-(UP),WAN HAI,TRANSWORLD-DADRI,09-02-26,17-02-26,33632
1568,TTNU8701480,HMA AGRO INDUSTRIES LTD,CMA,TRANSWORLD-DADRI,09-02-26,17-02-26,33592
1571,SEGU9236341,HMA AGRO INDUSTRIES LTD,CMA,TRANSWORLD-DADRI,09-02-26,17-02-26,33670
1572,CAIU5655888,HMA AGRO INDUSTRIES LTD,CMA,TRANSWORLD-DADRI,09-02-26,17-02-26,33732.8
1690,OTPU6247323,HMA AGRO INDUSTRIES LTD,WAN HAI,TRANSWORLD-DADRI,07-02-26,17-02-26,33632
1759,SZLU9882535,HMA AGRO INDUSTRIES LTD,CMA,TRANSWORLD-DADRI,06-02-26,17-02-26,33632
1760,FBIU5219556,HMA AGRO INDUSTRIES LTD,CMA,TRANSWORLD-DADRI,06-02-26,17-02-26,33642
1762,BMOU9895260,HMA AGRO INDUSTRIES LTD,CMA,TRANSWORLD-DADRI,06-02-26,17-02-26,33632
1763,AMCU9321154,HMA AGRO INDUSTRIES LTD,CMA,TRANSWORLD-DADRI,06-02-26,17-02-26,33345.4
1765,CGMU5264457,HMA AGRO INDUSTRIES LTD,CMA,TRANSWORLD-DADRI,06-02-26,17-02-26,33605.4
1768,CGMU5252800,HMA AGRO INDUSTRIES LTD,CMA,TRANSWORLD-DADRI,06-02-26,17-02-26,33632
1769,FBIU5222143,HMA AGRO INDUSTRIES LTD,CMA,TRANSWORLD-DADRI,06-02-26,17-02-26,33778
1771,TTNU8308430,HMA AGRO INDUSTRIES LTD,CMA,TRANSWORLD-DADRI,06-02-26,17-02-26,33892
1772,CGMU5235633,HMA AGRO INDUSTRIES LTD,CMA,TRANSWORLD-DADRI,06-02-26,17-02-26,33421.6
1775,SZLU9680750,HMA AGRO INDUSTRIES LTD,CMA,TRANSWORLD-DADRI,06-02-26,17-02-26,33716
1780,TCLU1369645,HMA AGRO INDUSTRIES LTD,CMA,TRANSWORLD-DADRI,06-02-26,17-02-26,33702
1782,CAIU5659862,HMA AGRO INDUSTRIES LTD,CMA,TRANSWORLD-DADRI,06-02-26,17-02-26,33780
1046,TRIU8373976,INTERNATIONAL AGRO FOODS,MSC,TRANSWORLD-DADRI,18-02-26,18-02-26,33732.8
1095,GMOU9005334,HMA AGRO INDUSTRIES LTD,GOLD STAR,TRANSWORLD-DADRI,17-02-26,18-02-26,33646
1103,TRIU6674482,HMA AGRO INDUSTRIES LTD,GOODRICH,TRANSWORLD-DADRI,17-02-26,18-02-26,33780
1107,TRIU6635022,HMA AGRO INDUSTRIES LTD,GOODRICH,TRANSWORLD-DADRI,17-02-26,18-02-26,33345.4
1165,SZLU9716832,HMA AGRO INDUSTRIES LTD,CMA,TRANSWORLD-DADRI,16-02-26,18-02-26,33732.8
1166,FBIU5207508,HMA AGRO INDUSTRIES LTD,CMA,TRANSWORLD-DADRI,16-02-26,18-02-26,33160.5
1171,CGMU5251260,HMA AGRO INDUSTRIES LTD,CMA,TRANSWORLD-DADRI,16-02-26,18-02-26,33632
1176,SEKU9132402,HMA AGRO INDUSTRIES LTD,CMA,TRANSWORLD-DADRI,16-02-26,18-02-26,33702
1177,FSCU5962860,HMA AGRO INDUSTRIES LTD,CMA,TRANSWORLD-DADRI,16-02-26,18-02-26,33642
1182,APRU6112832,IFF INDIA FROZEN FOODS PRIVATE LIMITED,CMA,TRANSWORLD-DADRI,16-02-26,18-02-26,33702
1183,CGMU5409571,IFF INDIA FROZEN FOODS PRIVATE LIMITED,CMA,TRANSWORLD-DADRI,16-02-26,18-02-26,33702
1301,ARKU5004674,AL-NASIR EXPORTS PVT LTD (U.P),ARKAS LINE,TRANSWORLD-DADRI,13-02-26,18-02-26,33632
1758,SZLU9226711,AL-NASIR EXPORTS PVT LTD (U.P),CMA,TRANSWORLD-DADRI,06-02-26,18-02-26,33632
1295,CXRU1289320,AL AAYAT FOOD EXPO PVT. LTD,CMA,TRANSWORLD-DADRI,13-02-26,19-02-26,33452
1300,CGMU5437207,IFF INDIA FROZEN FOODS PRIVATE LIMITED,CMA,TRANSWORLD-DADRI,13-02-26,19-02-26,33382
1304,SZLU9822372,INTERNATIONAL AGRO FOODS,CMA,TRANSWORLD-DADRI,13-02-26,19-02-26,33632
1438,SEGU9004650,PURE FOODSTUFF PRIVATE LIMITED,CORTEN,TRANSWORLD-DADRI,11-02-26,19-02-26,33692
1440,SEGU9401636,PURE FOODSTUFF PRIVATE LIMITED,CORTEN,TRANSWORLD-DADRI,11-02-26,19-02-26,33605.4
1441,TEMU9098824,PURE FOODSTUFF PRIVATE LIMITED,CORTEN,TRANSWORLD-DADRI,11-02-26,19-02-26,33632
1442,SEGU9037360,AL AMMAR FROZEN FOOD EXPORTS PVT LTD,CORTEN,TRANSWORLD-DADRI,11-02-26,19-02-26,33712
1444,BMOU9837849,PURE FOODSTUFF PRIVATE LIMITED,CORTEN,TRANSWORLD-DADRI,11-02-26,19-02-26,33991.75
1445,CXRU1145679,AL AMMAR FROZEN FOOD EXPORTS PVT LTD,CORTEN,TRANSWORLD-DADRI,11-02-26,19-02-26,33632
1446,SEGU9317660,PURE FOODSTUFF PRIVATE LIMITED,CORTEN,TRANSWORLD-DADRI,11-02-26,19-02-26,33592
1447,TRIU8924750,AL AMMAR FROZEN FOOD EXPORTS PVT LTD,CORTEN,TRANSWORLD-DADRI,11-02-26,19-02-26,33670
1452,CXRU1553069,PURE FOODSTUFF PRIVATE LIMITED,CORTEN,TRANSWORLD-DADRI,11-02-26,19-02-26,33732.8
889,TRLU1648356,INTERNATIONAL AGRO FOODS,MSC,TRANSWORLD-DADRI,20-02-26,20-02-26,33632
967,MORU0402460,IFF INDIA FROZEN FOODS PRIVATE LIMITED,GOODRICH,TRANSWORLD-DADRI,19-02-26,20-02-26,33632
968,TRIU8897361,IFF INDIA FROZEN FOODS PRIVATE LIMITED,GOODRICH,TRANSWORLD-DADRI,19-02-26,20-02-26,33642
969,TRIU8420065,IFF INDIA FROZEN FOODS PRIVATE LIMITED,GOODRICH,TRANSWORLD-DADRI,19-02-26,20-02-26,33632
970,TRIU8311845,IFF INDIA FROZEN FOODS PRIVATE LIMITED,GOODRICH,TRANSWORLD-DADRI,19-02-26,20-02-26,33345.4
971,CGMU5256364,AL AMMAR FROZEN FOOD EXPORTS PVT LTD,CMA,TRANSWORLD-DADRI,19-02-26,20-02-26,33605.4
973,OTPU6245146,HMA AGRO INDUSTRIES LTD,WAN HAI,TRANSWORLD-DADRI,19-02-26,20-02-26,33632
978,OTPU6775655,IFF INDIA FROZEN FOODS PRIVATE LIMITED,WAN HAI,TRANSWORLD-DADRI,19-02-26,20-02-26,33778
982,FBIU5395724,HMA AGRO INDUSTRIES LTD,WAN HAI,TRANSWORLD-DADRI,19-02-26,20-02-26,33892
1036,SZLU9751284,HMA AGRO INDUSTRIES LTD,WAN HAI,TRANSWORLD-DADRI,18-02-26,20-02-26,33421.6
1037,SZLU9754447,HMA AGRO INDUSTRIES LTD,WAN HAI,TRANSWORLD-DADRI,18-02-26,20-02-26,33716
1041,EMCU5543060,AL-NASIR EXPORTS PVT LTD (U.P),EVERGREEN,TRANSWORLD-DADRI,18-02-26,20-02-26,33702
1045,SEGU9856424,IFF INDIA FROZEN FOODS PRIVATE LIMITED,WAN HAI,TRANSWORLD-DADRI,18-02-26,20-02-26,33780
1047,ARKU5004191,AL-NASIR EXPORTS PVT LTD (U.P),ARKAS LINE,TRANSWORLD-DADRI,18-02-26,20-02-26,33732.8
1053,EMCU5626102,AL AMMAR FROZEN FOOD EXPORTS PVT LTD,EVERGREEN,TRANSWORLD-DADRI,18-02-26,20-02-26,33646
1078,EMCU5533545,HMA AGRO INDUSTRIES LTD,EVERGREEN,TRANSWORLD-DADRI,17-02-26,20-02-26,33780
1080,ARKU5032568,AL AMMAR FROZEN FOOD EXPORTS PVT LTD,ARKAS LINE,TRANSWORLD-DADRI,17-02-26,20-02-26,33345.4
1083,FBIU5121019,HMA AGRO INDUSTRIES LTD,WAN HAI,TRANSWORLD-DADRI,17-02-26,20-02-26,33732.8
1084,ARKU5016649,AL-NASIR EXPORTS PVT LTD (U.P),ARKAS LINE,TRANSWORLD-DADRI,17-02-26,20-02-26,33160.5
1085,ARKU5021481,AL-NASIR EXPORTS PVT LTD (U.P),ARKAS LINE,TRANSWORLD-DADRI,17-02-26,20-02-26,33632
1097,ARKU5001607,AL AMMAR FROZEN FOOD EXPORTS PVT LTD,ARKAS LINE,TRANSWORLD-DADRI,17-02-26,20-02-26,33702
1098,ARKU5018600,AL AMMAR FROZEN FOOD EXPORTS PVT LTD,ARKAS LINE,TRANSWORLD-DADRI,17-02-26,20-02-26,33642
1099,ARKU5026740,IFF INDIA FROZEN FOODS PRIVATE LIMITED,ARKAS LINE,TRANSWORLD-DADRI,17-02-26,20-02-26,33702
1102,ARKU5003560,IFF INDIA FROZEN FOODS PRIVATE LIMITED,ARKAS LINE,TRANSWORLD-DADRI,17-02-26,20-02-26,33702
1108,ARKU5035660,AL AMMAR FROZEN FOOD EXPORTS PVT LTD,ARKAS LINE,TRANSWORLD-DADRI,17-02-26,20-02-26,33632
1162,OTPU6202123,AL-NASIR EXPORTS PVT LTD (U.P),WAN HAI,TRANSWORLD-DADRI,16-02-26,20-02-26,33632
1167,FBIU5359157,RAYBAN FROZEN FOODS PVT.LTD,WAN HAI,TRANSWORLD-DADRI,16-02-26,20-02-26,33452
1168,SEGU9821095,RAYBAN FROZEN FOODS PVT.LTD,WAN HAI,TRANSWORLD-DADRI,16-02-26,20-02-26,33382
1173,ARKU5015278,AL-NASIR EXPORTS PVT LTD (U.P),ARKAS LINE,TRANSWORLD-DADRI,16-02-26,20-02-26,33632
1174,OTPU6213051,AL-NASIR EXPORTS PVT LTD (U.P),EVERGREEN,TRANSWORLD-DADRI,16-02-26,20-02-26,33692
1180,EGSU5098093,AL AMMAR FROZEN FOOD EXPORTS PVT LTD,EVERGREEN,TRANSWORLD-DADRI,16-02-26,20-02-26,33605.4
1185,OTPU6227327,RAYBAN FROZEN FOODS PVT.LTD,WAN HAI,TRANSWORLD-DADRI,16-02-26,20-02-26,33632
1298,CAXU5284217,IFF INDIA FROZEN FOODS PRIVATE LIMITED,TURKON LINE,TRANSWORLD-DADRI,13-02-26,20-02-26,33712
1309,WHSU2349322,MADHAVI IMPEX.,WAN HAI,TRANSWORLD-DADRI,13-02-26,20-02-26,33991.75
1311,TRKU1200425,IFF INDIA FROZEN FOODS PRIVATE LIMITED,TURKON LINE,TRANSWORLD-DADRI,13-02-26,20-02-26,33632
1313,BMOU9215378,IFF INDIA FROZEN FOODS PRIVATE LIMITED,TURKON LINE,TRANSWORLD-DADRI,13-02-26,20-02-26,33592
1314,CRXU6929737,IFF INDIA FROZEN FOODS PRIVATE LIMITED,TURKON LINE,TRANSWORLD-DADRI,13-02-26,20-02-26,33670
1316,EMCU5596327,AL-NASIR EXPORTS PVT LTD (U.P),EVERGREEN,TRANSWORLD-DADRI,13-02-26,20-02-26,33732.8
880,CGMU5478567,RAYBAN FROZEN FOODS PVT.LTD,CMA,TRANSWORLD-DADRI,20-02-26,21-02-26,33632
975,UACU4783107,AL-NASIR EXPORTS PVT LTD (U.P),HAPAG,TRANSWORLD-DADRI,19-02-26,21-02-26,33632
1038,HLBU9917994,AL-NASIR EXPORTS PVT LTD (U.P),HAPAG,TRANSWORLD-DADRI,18-02-26,21-02-26,33642
1160,HLBU9873448,AL-NASIR EXPORTS PVT LTD (U.P),HAPAG,TRANSWORLD-DADRI,16-02-26,21-02-26,33632
1161,SEGU9650557,AL-AALI EXPORTS PVT LTD-(UP),CMA,TRANSWORLD-DADRI,16-02-26,21-02-26,33345.4
1175,CXRU1636163,AL-AALI EXPORTS PVT LTD-(UP),CMA,TRANSWORLD-DADRI,16-02-26,21-02-26,33605.4
1184,FBIU5106740,IFF INDIA FROZEN FOODS PRIVATE LIMITED,CMA,TRANSWORLD-DADRI,16-02-26,21-02-26,33632
1450,SEGU9091910,AL-NASIR EXPORTS PVT LTD (U.P),HAPAG,TRANSWORLD-DADRI,11-02-26,21-02-26,33778
1451,OOLU6477739,MARHABA FROZEN FOODS,OOCL,TRANSWORLD-DADRI,11-02-26,21-02-26,33892
819,CAAU4220297,PURE FOODSTUFF PRIVATE LIMITED,HUB  & LINKS,TRANSWORLD-DADRI,21-02-26,22-02-26,33421.6
820,CGMU5263569,IFF INDIA FROZEN FOODS PRIVATE LIMITED,CMA,TRANSWORLD-DADRI,21-02-26,22-02-26,33716
821,ARKU5007288,AL AMMAR FROZEN FOOD EXPORTS PVT LTD,ARKAS LINE,TRANSWORLD-DADRI,21-02-26,22-02-26,33702
822,CAAU4220276,PURE FOODSTUFF PRIVATE LIMITED,HUB  & LINKS,TRANSWORLD-DADRI,21-02-26,22-02-26,33780
824,CAAU4219491,PURE FOODSTUFF PRIVATE LIMITED,HUB  & LINKS,TRANSWORLD-DADRI,21-02-26,22-02-26,33732.8
825,SEKU9060684,PETAL EXPORTS,CMA,TRANSWORLD-DADRI,21-02-26,22-02-26,33646
876,EGSU5079405,IFF INDIA FROZEN FOODS PRIVATE LIMITED,EVERGREEN,TRANSWORLD-DADRI,20-02-26,23-02-26,33780
885,CGMU5362200,AL-AALI EXPORTS PVT LTD-(UP),CMA,TRANSWORLD-DADRI,20-02-26,23-02-26,33345.4
977,EGSU5058655,MIRHA EXPORTS PVT. LTD.(PUNJAB),EVERGREEN,TRANSWORLD-DADRI,19-02-26,23-02-26,33732.8
980,EMCU5746978,AL-NASIR EXPORTS PVT LTD (U.P),EVERGREEN,TRANSWORLD-DADRI,19-02-26,23-02-26,33160.5
981,EMCU5518495,AL-NASIR EXPORTS PVT LTD (U.P),EVERGREEN,TRANSWORLD-DADRI,19-02-26,23-02-26,33632
983,EMCU5493709,AL-NASIR EXPORTS PVT LTD (U.P),EVERGREEN,TRANSWORLD-DADRI,19-02-26,23-02-26,33702
1042,CGMU5155116,PETAL EXPORTS,CMA,TRANSWORLD-DADRI,18-02-26,23-02-26,33642
1081,CGMU5182765,PETAL EXPORTS,CMA,TRANSWORLD-DADRI,17-02-26,23-02-26,33702
743,SEGU9930861,HMA AGRO INDUSTRIES LTD,WAN HAI,TRANSWORLD-DADRI,23-02-26,24-02-26,33702
745,ARKU5016314,IFF INDIA FROZEN FOODS PRIVATE LIMITED,ARKAS LINE,TRANSWORLD-DADRI,23-02-26,24-02-26,33632
746,SEGU9859188,MARHABA FROZEN FOODS,WAN HAI,TRANSWORLD-DADRI,23-02-26,24-02-26,33632
747,TTNU8697902,AL-NASIR EXPORTS PVT LTD (U.P),CMA,TRANSWORLD-DADRI,23-02-26,24-02-26,33452
748,SZLU9734923,IFF INDIA FROZEN FOODS PRIVATE LIMITED,WAN HAI,TRANSWORLD-DADRI,23-02-26,24-02-26,33382
751,OTPU6684215,HMA AGRO INDUSTRIES LTD,WAN HAI,TRANSWORLD-DADRI,23-02-26,24-02-26,33632
754,SZLU9752737,MIRHA EXPORTS PVT. LTD.(PUNJAB),WAN HAI,TRANSWORLD-DADRI,23-02-26,24-02-26,33692
760,FBIU5300333,IFF INDIA FROZEN FOODS PRIVATE LIMITED,WAN HAI,TRANSWORLD-DADRI,23-02-26,24-02-26,33605.4
762,SEGU9756317,IFF INDIA FROZEN FOODS PRIVATE LIMITED,WAN HAI,TRANSWORLD-DADRI,23-02-26,24-02-26,33632
764,MEDU9075430,INTERNATIONAL AGRO FOODS,MSC,TRANSWORLD-DADRI,23-02-26,24-02-26,33712
818,CGMU5350880,AL AAYAT FOOD EXPO PVT. LTD,CMA,TRANSWORLD-DADRI,21-02-26,24-02-26,33991.75
823,OTPU6829915,HMA AGRO INDUSTRIES LTD,WAN HAI,TRANSWORLD-DADRI,21-02-26,24-02-26,33632
878,CGMU5352537,HMA AGRO INDUSTRIES LTD,CMA,TRANSWORLD-DADRI,20-02-26,24-02-26,33592
879,CGMU6541896,HMA AGRO INDUSTRIES LTD,CMA,TRANSWORLD-DADRI,20-02-26,24-02-26,33670
881,FBIU5396150,AL-NASIR EXPORTS PVT LTD (U.P),WAN HAI,TRANSWORLD-DADRI,20-02-26,24-02-26,33732.8
883,CGMU5147764,HMA AGRO INDUSTRIES LTD,CMA,TRANSWORLD-DADRI,20-02-26,24-02-26,33632
886,OOLU6234805,KIRPA RAM DAIRY PRIVATE LIMITED,OOCL,TRANSWORLD-DADRI,20-02-26,24-02-26,33632
887,CGMU5277808,HMA AGRO INDUSTRIES LTD,CMA,TRANSWORLD-DADRI,20-02-26,24-02-26,33642
890,SZLU9706834,IFF INDIA FROZEN FOODS PRIVATE LIMITED,WAN HAI,TRANSWORLD-DADRI,20-02-26,24-02-26,33632
891,ARKU5002706,AL AMMAR FROZEN FOOD EXPORTS PVT LTD,ARKAS LINE,TRANSWORLD-DADRI,20-02-26,24-02-26,33345.4
893,CXRU1585744,HMA AGRO INDUSTRIES LTD,CMA,TRANSWORLD-DADRI,20-02-26,24-02-26,33605.4
966,CAIU5588943,HMA AGRO INDUSTRIES LTD,CMA,TRANSWORLD-DADRI,19-02-26,24-02-26,33632
972,SEGU9395560,IFF INDIA FROZEN FOODS PRIVATE LIMITED,CMA,TRANSWORLD-DADRI,19-02-26,24-02-26,33778
974,TTNU8375001,HMA AGRO INDUSTRIES LTD,CMA,TRANSWORLD-DADRI,19-02-26,24-02-26,33892
976,SEGU9529247,HMA AGRO INDUSTRIES LTD,CMA,TRANSWORLD-DADRI,19-02-26,24-02-26,33421.6
979,SEGU9550440,HMA AGRO INDUSTRIES LTD,CMA,TRANSWORLD-DADRI,19-02-26,24-02-26,33716
984,CGMU5183870,HMA AGRO INDUSTRIES LTD,CMA,TRANSWORLD-DADRI,19-02-26,24-02-26,33702
1034,SEGU9236927,HMA AGRO INDUSTRIES LTD,CMA,TRANSWORLD-DADRI,18-02-26,24-02-26,33780
1035,CGMU5178301,HMA AGRO INDUSTRIES LTD,CMA,TRANSWORLD-DADRI,18-02-26,24-02-26,33732.8
1039,FBIU5068763,MEEM AGRO FOODS PVT LTD,OOCL,TRANSWORLD-DADRI,18-02-26,24-02-26,33646
1040,BMOU9895439,IFF INDIA FROZEN FOODS PRIVATE LIMITED,CMA,TRANSWORLD-DADRI,18-02-26,24-02-26,33780
1043,SEGU9532852,HMA AGRO INDUSTRIES LTD,CMA,TRANSWORLD-DADRI,18-02-26,24-02-26,33345.4
1048,SEKU9132790,HMA AGRO INDUSTRIES LTD,CMA,TRANSWORLD-DADRI,18-02-26,24-02-26,33732.8
1049,TLLU1057389,HMA AGRO INDUSTRIES LTD,CMA,TRANSWORLD-DADRI,18-02-26,24-02-26,33160.5
1050,TTNU8978371,HMA AGRO INDUSTRIES LTD,CMA,TRANSWORLD-DADRI,18-02-26,24-02-26,33632
1054,CGMU6529669,HMA AGRO INDUSTRIES LTD,CMA,TRANSWORLD-DADRI,18-02-26,24-02-26,33702
1079,CGMU5315385,HMA AGRO INDUSTRIES LTD,CMA,TRANSWORLD-DADRI,17-02-26,24-02-26,33642
1082,CGMU6530968,HMA AGRO INDUSTRIES LTD,CMA,TRANSWORLD-DADRI,17-02-26,24-02-26,33702
1086,SEGU9387116,HMA AGRO INDUSTRIES LTD,CMA,TRANSWORLD-DADRI,17-02-26,24-02-26,33702
1087,TTNU8658850,HMA AGRO INDUSTRIES LTD,CMA,TRANSWORLD-DADRI,17-02-26,24-02-26,33632
1088,TEMU9513910,HMA AGRO INDUSTRIES LTD,CMA,TRANSWORLD-DADRI,17-02-26,24-02-26,33632
1089,CGMU5289630,HMA AGRO INDUSTRIES LTD,CMA,TRANSWORLD-DADRI,17-02-26,24-02-26,33452
1090,CXRU1627393,HMA AGRO INDUSTRIES LTD,CMA,TRANSWORLD-DADRI,17-02-26,24-02-26,33382
1091,TTNU8689928,HMA AGRO INDUSTRIES LTD,CMA,TRANSWORLD-DADRI,17-02-26,24-02-26,33632
1092,BMOU9652505,HMA AGRO INDUSTRIES LTD,CMA,TRANSWORLD-DADRI,17-02-26,24-02-26,33692
1093,CGMU5158012,HMA AGRO INDUSTRIES LTD,CMA,TRANSWORLD-DADRI,17-02-26,24-02-26,33605.4
1094,CGMU5144451,HMA AGRO INDUSTRIES LTD,CMA,TRANSWORLD-DADRI,17-02-26,24-02-26,33632
1096,CXRU1603323,HMA AGRO INDUSTRIES LTD,CMA,TRANSWORLD-DADRI,17-02-26,24-02-26,33712
1100,TTNU8893968,HMA AGRO INDUSTRIES LTD,CMA,TRANSWORLD-DADRI,17-02-26,24-02-26,33991.75
1101,CGMU5128240,HMA AGRO INDUSTRIES LTD,CMA,TRANSWORLD-DADRI,17-02-26,24-02-26,33632
1104,SEGU9329830,HMA AGRO INDUSTRIES LTD,CMA,TRANSWORLD-DADRI,17-02-26,24-02-26,33592
1105,CGMU5354329,HMA AGRO INDUSTRIES LTD,CMA,TRANSWORLD-DADRI,17-02-26,24-02-26,33670
1106,SZLU9498427,HMA AGRO INDUSTRIES LTD,CMA,TRANSWORLD-DADRI,17-02-26,24-02-26,33732.8
1109,SEGU9330450,HMA AGRO INDUSTRIES LTD,CMA,TRANSWORLD-DADRI,17-02-26,24-02-26,33632
1110,TLLU1046065,HMA AGRO INDUSTRIES LTD,CMA,TRANSWORLD-DADRI,17-02-26,24-02-26,33632
1111,CGMU5134664,HMA AGRO INDUSTRIES LTD,CMA,TRANSWORLD-DADRI,17-02-26,24-02-26,33642
1163,CGMU5121923,HMA AGRO INDUSTRIES LTD,CMA,TRANSWORLD-DADRI,16-02-26,24-02-26,33632
1164,TCLU1212358,HMA AGRO INDUSTRIES LTD,CMA,TRANSWORLD-DADRI,16-02-26,24-02-26,33345.4
1169,FBIU5114215,HMA AGRO INDUSTRIES LTD,CMA,TRANSWORLD-DADRI,16-02-26,24-02-26,33605.4
1170,TEMU9426327,HMA AGRO INDUSTRIES LTD,CMA,TRANSWORLD-DADRI,16-02-26,24-02-26,33632
1172,CGMU5628266,MIRHA EXPORTS PVT. LTD.(PUNJAB),CMA,TRANSWORLD-DADRI,16-02-26,24-02-26,33778
1178,SEGU9529170,HMA AGRO INDUSTRIES LTD,CMA,TRANSWORLD-DADRI,16-02-26,24-02-26,33892
1179,SEKU9070635,HMA AGRO INDUSTRIES LTD,CMA,TRANSWORLD-DADRI,16-02-26,24-02-26,33421.6
1181,CGMU6517740,HMA AGRO INDUSTRIES LTD,CMA,TRANSWORLD-DADRI,16-02-26,24-02-26,33716
1302,CGMU5478340,HMA AGRO INDUSTRIES LTD,CMA,TRANSWORLD-DADRI,13-02-26,24-02-26,33702
1310,TEMU9477978,HMA AGRO INDUSTRIES LTD,CMA,TRANSWORLD-DADRI,13-02-26,24-02-26,33780
693,CAAU4219911,AL AMMAR FROZEN FOOD EXPORTS PVT LTD,HUB  & LINKS,TRANSWORLD-DADRI,24-02-26,25-02-26,33732.8
694,GMOU9042030,IFF INDIA FROZEN FOODS PRIVATE LIMITED,GOLD STAR,TRANSWORLD-DADRI,24-02-26,25-02-26,33646
695,CAAU4220390,AL AMMAR FROZEN FOOD EXPORTS PVT LTD,HUB  & LINKS,TRANSWORLD-DADRI,24-02-26,25-02-26,33780
697,SZLU9848865,MARHABA FROZEN FOODS,ARKAS LINE,TRANSWORLD-DADRI,24-02-26,25-02-26,33345.4
699,CAAU4219526,AL AMMAR FROZEN FOOD EXPORTS PVT LTD,HUB  & LINKS,TRANSWORLD-DADRI,24-02-26,25-02-26,33732.8
701,EISU5680955,IFF INDIA FROZEN FOODS PRIVATE LIMITED,GOODRICH,TRANSWORLD-DADRI,24-02-26,25-02-26,33160.5
706,ARKU5006297,MARHABA FROZEN FOODS,ARKAS LINE,TRANSWORLD-DADRI,24-02-26,25-02-26,33632
707,ARKU5014522,MARHABA FROZEN FOODS,ARKAS LINE,TRANSWORLD-DADRI,24-02-26,25-02-26,33702
708,ARKU5032275,MARHABA FROZEN FOODS,ARKAS LINE,TRANSWORLD-DADRI,24-02-26,25-02-26,33642
605,GMOU8870929,HMA AGRO INDUSTRIES LTD,GOLD STAR,TRANSWORLD-DADRI,25-02-26,26-02-26,33702
613,FSCU5702919,AL-NASIR EXPORTS PVT LTD (U.P),WAN HAI,TRANSWORLD-DADRI,25-02-26,26-02-26,33702
710,OTPU6253769,MIRHA EXPORTS PVT. LTD.(PUNJAB),WAN HAI,TRANSWORLD-DADRI,24-02-26,26-02-26,33632
750,CGMU5194690,HMA AGRO INDUSTRIES LTD,CMA,TRANSWORLD-DADRI,23-02-26,26-02-26,33632
755,CGMU5335102,HMA AGRO INDUSTRIES LTD,CMA,TRANSWORLD-DADRI,23-02-26,26-02-26,33452
756,BMOU9643186,HMA AGRO INDUSTRIES LTD,CMA,TRANSWORLD-DADRI,23-02-26,26-02-26,33382
757,CGMU5157192,HMA AGRO INDUSTRIES LTD,CMA,TRANSWORLD-DADRI,23-02-26,26-02-26,33632
765,TTNU8879717,HMA AGRO INDUSTRIES LTD,CMA,TRANSWORLD-DADRI,23-02-26,26-02-26,33692
872,CXRU1131459,PURE FOODSTUFF PRIVATE LIMITED,CORTEN,TRANSWORLD-DADRI,20-02-26,26-02-26,33605.4
873,TTNU8198713,PURE FOODSTUFF PRIVATE LIMITED,CORTEN,TRANSWORLD-DADRI,20-02-26,26-02-26,33632
874,TGHU9956972,PURE FOODSTUFF PRIVATE LIMITED,CORTEN,TRANSWORLD-DADRI,20-02-26,26-02-26,33712
965,DFVU8000941,PURE FOODSTUFF PRIVATE LIMITED,CORTEN,TRANSWORLD-DADRI,19-02-26,26-02-26,33991.75
1044,CXRU1227709,AL AMMAR FROZEN FOOD EXPORTS PVT LTD,CORTEN,TRANSWORLD-DADRI,18-02-26,26-02-26,33632
1051,CXRU1056252,AL AMMAR FROZEN FOOD EXPORTS PVT LTD,CORTEN,TRANSWORLD-DADRI,18-02-26,26-02-26,33592
1052,TEMU9193673,AL AMMAR FROZEN FOOD EXPORTS PVT LTD,CORTEN,TRANSWORLD-DADRI,18-02-26,26-02-26,33670
509,ARKU5000452,AL-NASIR EXPORTS PVT LTD (U.P),ARKAS LINE,TRANSWORLD-DADRI,26-02-26,27-02-26,33732.8
510,MORU5808998,IFF INDIA FROZEN FOODS PRIVATE LIMITED,GOODRICH,TRANSWORLD-DADRI,26-02-26,27-02-26,33632
511,TRIU8295580,IFF INDIA FROZEN FOODS PRIVATE LIMITED,GOODRICH,TRANSWORLD-DADRI,26-02-26,27-02-26,33632
512,TRLU1631327,IFF INDIA FROZEN FOODS PRIVATE LIMITED,GOODRICH,TRANSWORLD-DADRI,26-02-26,27-02-26,33642
513,TRLU1662586,IFF INDIA FROZEN FOODS PRIVATE LIMITED,GOODRICH,TRANSWORLD-DADRI,26-02-26,27-02-26,33632
520,MEDU9042165,INTERNATIONAL AGRO FOODS,MSC,TRANSWORLD-DADRI,26-02-26,27-02-26,33345.4
696,SEGU9928503,AL-NASIR EXPORTS PVT LTD (U.P),WAN HAI,TRANSWORLD-DADRI,24-02-26,27-02-26,33605.4
698,FBIU5303420,HMA AGRO INDUSTRIES LTD,WAN HAI,TRANSWORLD-DADRI,24-02-26,27-02-26,33632
705,BMOU1211484,MADHAVI IMPEX.,WAN HAI,TRANSWORLD-DADRI,24-02-26,27-02-26,33778
709,OTPU6206263,HMA AGRO INDUSTRIES LTD,WAN HAI,TRANSWORLD-DADRI,24-02-26,27-02-26,33892
308,HLBU9905798,PURE FOODSTUFF PRIVATE LIMITED,HAPAG,TRANSWORLD-DADRI,28-02-26,01-03-26,33421.6
313,HLBU9075197,PURE FOODSTUFF PRIVATE LIMITED,HAPAG,TRANSWORLD-DADRI,28-02-26,01-03-26,33716
428,EMCU5400429,AL AMMAR FROZEN FOOD EXPORTS PVT LTD,EVERGREEN,TRANSWORLD-DADRI,27-02-26,01-03-26,33702
431,TRIU8439991,AL AMMAR FROZEN FOOD EXPORTS PVT LTD,GOODRICH,TRANSWORLD-DADRI,27-02-26,01-03-26,33780
606,HJCU6105146,IFF INDIA FROZEN FOODS PRIVATE LIMITED,GOODRICH,TRANSWORLD-DADRI,25-02-26,01-03-26,33732.8
614,EMCU5713399,MIRHA EXPORTS PVT. LTD.(PUNJAB),EVERGREEN,TRANSWORLD-DADRI,25-02-26,01-03-26,33646
700,CRXU6942889,IFF INDIA FROZEN FOODS PRIVATE LIMITED,GOODRICH,TRANSWORLD-DADRI,24-02-26,01-03-26,33780
744,EMCU5483260,MIRHA EXPORTS PVT. LTD.(PUNJAB),EVERGREEN,TRANSWORLD-DADRI,23-02-26,01-03-26,33345.4
749,EMCU5577266,HMA AGRO INDUSTRIES LTD,EVERGREEN,TRANSWORLD-DADRI,23-02-26,01-03-26,33732.8
752,EMCU5715051,AL-NASIR EXPORTS PVT LTD (U.P),EVERGREEN,TRANSWORLD-DADRI,23-02-26,01-03-26,33160.5
753,EGSU5102803,AL-NASIR EXPORTS PVT LTD (U.P),EVERGREEN,TRANSWORLD-DADRI,23-02-26,01-03-26,33632
763,EMCU5732779,AL-NASIR EXPORTS PVT LTD (U.P),EVERGREEN,TRANSWORLD-DADRI,23-02-26,01-03-26,33702
767,EMCU5688948,AL AMMAR FROZEN FOOD EXPORTS PVT LTD,EVERGREEN,TRANSWORLD-DADRI,23-02-26,01-03-26,33642
1661,CAAU4220002,IFF INDIA FROZEN FOODS PRIVATE LIMITED,HUB  & LINKS,TRANSWORLD-DADRI,07-04-26,01-03-26,33702
306,HLBU9106512,AL-NASIR EXPORTS PVT LTD (U.P),HAPAG,TRANSWORLD-DADRI,28-02-26,02-03-26,33702
311,SEGU9619438,HMA AGRO INDUSTRIES LTD,WAN HAI,TRANSWORLD-DADRI,28-02-26,02-03-26,33632
312,OTPU6754288,IFF INDIA FROZEN FOODS PRIVATE LIMITED,WAN HAI,TRANSWORLD-DADRI,28-02-26,02-03-26,33632
421,SEGU9859151,IFF INDIA FROZEN FOODS PRIVATE LIMITED,WAN HAI,TRANSWORLD-DADRI,27-02-26,02-03-26,33452
423,OTPU6201493,AL-NASIR EXPORTS PVT LTD (U.P),WAN HAI,TRANSWORLD-DADRI,27-02-26,02-03-26,33382
427,SEGU9613384,IFF INDIA FROZEN FOODS PRIVATE LIMITED,WAN HAI,TRANSWORLD-DADRI,27-02-26,02-03-26,33632
504,CGMU5413123,AL-NASIR EXPORTS PVT LTD (U.P),CMA,TRANSWORLD-DADRI,26-02-26,02-03-26,33692
514,OTPU6811460,IFF INDIA FROZEN FOODS PRIVATE LIMITED,WAN HAI,TRANSWORLD-DADRI,26-02-26,02-03-26,33605.4
515,FBIU5302573,IFF INDIA FROZEN FOODS PRIVATE LIMITED,WAN HAI,TRANSWORLD-DADRI,26-02-26,02-03-26,33632
516,SEGU9760575,MEEM AGRO FOODS PVT LTD,WAN HAI,TRANSWORLD-DADRI,26-02-26,02-03-26,33712
522,OTPU6757008,HMA AGRO INDUSTRIES LTD,WAN HAI,TRANSWORLD-DADRI,26-02-26,02-03-26,33991.75
523,SEGU9950810,IFF INDIA FROZEN FOODS PRIVATE LIMITED,WAN HAI,TRANSWORLD-DADRI,26-02-26,02-03-26,33632
524,SEGU9950596,IFF INDIA FROZEN FOODS PRIVATE LIMITED,WAN HAI,TRANSWORLD-DADRI,26-02-26,02-03-26,33592
528,OTPU6195826,IFF INDIA FROZEN FOODS PRIVATE LIMITED,WAN HAI,TRANSWORLD-DADRI,26-02-26,02-03-26,33670
603,SEGU9613620,AL HASSAN OVRESEAS  PVT LTD-UP,HAPAG,TRANSWORLD-DADRI,25-02-26,02-03-26,33732.8
604,CGMU5327196,HMA AGRO INDUSTRIES LTD,CMA,TRANSWORLD-DADRI,25-02-26,02-03-26,33632
607,HLBU9031959,AL-NASIR EXPORTS PVT LTD (U.P),HAPAG,TRANSWORLD-DADRI,25-02-26,02-03-26,33632
608,CGMU5291832,AL-AALI EXPORTS PVT LTD-(UP),CMA,TRANSWORLD-DADRI,25-02-26,02-03-26,33642
609,TTNU8635958,AL HASSAN OVRESEAS  PVT LTD-UP,CMA,TRANSWORLD-DADRI,25-02-26,02-03-26,33632
611,TEMU9837550,AL AAYAT FOOD EXPO PVT. LTD,HAPAG,TRANSWORLD-DADRI,25-02-26,02-03-26,33345.4
702,CGMU5224217,PETAL EXPORTS,CMA,TRANSWORLD-DADRI,24-02-26,02-03-26,33605.4
703,SEGU9685189,MARHABA FROZEN FOODS,CMA,TRANSWORLD-DADRI,24-02-26,02-03-26,33632
704,CGMU5281048,HMA AGRO INDUSTRIES LTD,CMA,TRANSWORLD-DADRI,24-02-26,02-03-26,33778
758,CGMU5236080,AL HASSAN OVRESEAS  PVT LTD-UP,CMA,TRANSWORLD-DADRI,23-02-26,02-03-26,33892
759,CGMU5374623,HMA AGRO INDUSTRIES LTD,CMA,TRANSWORLD-DADRI,23-02-26,02-03-26,33421.6
761,CXRU1044950,INTERNATIONAL AGRO FOODS,HAPAG,TRANSWORLD-DADRI,23-02-26,02-03-26,33716
766,HLXU8796792,AL-NASIR EXPORTS PVT LTD (U.P),HAPAG,TRANSWORLD-DADRI,23-02-26,02-03-26,33702
875,CGMU5518818,IFF INDIA FROZEN FOODS PRIVATE LIMITED,CMA,TRANSWORLD-DADRI,20-02-26,02-03-26,33780
877,FBIU5123773,INTERNATIONAL AGRO FOODS,WAN HAI,TRANSWORLD-DADRI,20-02-26,02-03-26,33732.8
882,SZLU9737666,INTERNATIONAL AGRO FOODS,WAN HAI,TRANSWORLD-DADRI,20-02-26,02-03-26,33646
884,CGMU5459166,IFF INDIA FROZEN FOODS PRIVATE LIMITED,CMA,TRANSWORLD-DADRI,20-02-26,02-03-26,33780
888,SEGU9913838,AL-NASIR EXPORTS PVT LTD (U.P),WAN HAI,TRANSWORLD-DADRI,20-02-26,02-03-26,33345.4
892,OTPU6776163,AL-NASIR EXPORTS PVT LTD (U.P),WAN HAI,TRANSWORLD-DADRI,20-02-26,02-03-26,33732.8
2076,TCLU1225566,IFF INDIA FROZEN FOODS PRIVATE LIMITED,GOODRICH,TRANSWORLD-DADRI,02-03-26,02-03-26,33160.5
2077,GESU9290116,IFF INDIA FROZEN FOODS PRIVATE LIMITED,GOODRICH,TRANSWORLD-DADRI,02-03-26,02-03-26,33632
2078,TRIU8234353,IFF INDIA FROZEN FOODS PRIVATE LIMITED,GOODRICH,TRANSWORLD-DADRI,02-03-26,02-03-26,33702
2079,TRIU8510240,IFF INDIA FROZEN FOODS PRIVATE LIMITED,GOODRICH,TRANSWORLD-DADRI,02-03-26,02-03-26,33642
2080,TRIU8894819,IFF INDIA FROZEN FOODS PRIVATE LIMITED,GOODRICH,TRANSWORLD-DADRI,02-03-26,02-03-26,33702
2081,TRLU1676980,IFF INDIA FROZEN FOODS PRIVATE LIMITED,GOODRICH,TRANSWORLD-DADRI,02-03-26,02-03-26,33702
309,CGMU5601563,INTERNATIONAL AGRO FOODS,CMA,TRANSWORLD-DADRI,28-02-26,03-03-26,33632
426,SEGU9686570,HMA AGRO INDUSTRIES LTD,CMA,TRANSWORLD-DADRI,27-02-26,03-03-26,33632
429,CGMU5296500,HMA AGRO INDUSTRIES LTD,CMA,TRANSWORLD-DADRI,27-02-26,03-03-26,33452
430,TTNU8920889,HMA AGRO INDUSTRIES LTD,CMA,TRANSWORLD-DADRI,27-02-26,03-03-26,33382
432,CGMU5440366,RAYBAN FROZEN FOODS PVT.LTD,CMA,TRANSWORLD-DADRI,27-02-26,03-03-26,33632
2083,EMCU5578215,AL-NASIR EXPORTS PVT LTD (U.P),EVERGREEN,TRANSWORLD-DADRI,02-03-26,03-03-26,33692
419,SEKU9191278,HMA AGRO INDUSTRIES LTD,WAN HAI,TRANSWORLD-DADRI,27-02-26,05-03-26,33605.4
422,SEKU9151090,HMA AGRO INDUSTRIES LTD,WAN HAI,TRANSWORLD-DADRI,27-02-26,05-03-26,33632
518,SEKU9174748,HMA AGRO INDUSTRIES LTD,WAN HAI,TRANSWORLD-DADRI,26-02-26,05-03-26,33712
610,OTPU6194286,HMA AGRO INDUSTRIES LTD,WAN HAI,TRANSWORLD-DADRI,25-02-26,05-03-26,33991.75
612,OTPU6680652,HMA AGRO INDUSTRIES LTD,WAN HAI,TRANSWORLD-DADRI,25-02-26,05-03-26,33632
615,SEGU9761186,HMA AGRO INDUSTRIES LTD,WAN HAI,TRANSWORLD-DADRI,25-02-26,05-03-26,33592
1986,SEKU9013527,IFF INDIA FROZEN FOODS PRIVATE LIMITED,CMA,TRANSWORLD-DADRI,03-03-26,05-03-26,33670
1990,TTNU8603966,AL AAYAT FOOD EXPO PVT. LTD,CMA,TRANSWORLD-DADRI,03-03-26,05-03-26,33732.8
2069,SZLU9501217,INTERNATIONAL AGRO FOODS,CMA,TRANSWORLD-DADRI,02-03-26,05-03-26,33632
2070,CGMU5186858,HMA AGRO INDUSTRIES LTD,CMA,TRANSWORLD-DADRI,02-03-26,05-03-26,33632
2071,CGMU5113701,HMA AGRO INDUSTRIES LTD,CMA,TRANSWORLD-DADRI,02-03-26,05-03-26,33642
310,EMCU5687176,AL AMMAR FROZEN FOOD EXPORTS PVT LTD,EVERGREEN,TRANSWORLD-DADRI,28-02-26,06-03-26,33632
420,FBIU5389629,HMA AGRO INDUSTRIES LTD,WAN HAI,TRANSWORLD-DADRI,27-02-26,06-03-26,33345.4
424,SEKU9304116,HMA AGRO INDUSTRIES LTD,WAN HAI,TRANSWORLD-DADRI,27-02-26,06-03-26,33605.4
425,SEGU9925696,HMA AGRO INDUSTRIES LTD,WAN HAI,TRANSWORLD-DADRI,27-02-26,06-03-26,33632
433,SEKU9182640,HMA AGRO INDUSTRIES LTD,WAN HAI,TRANSWORLD-DADRI,27-02-26,06-03-26,33778
519,SEGU9920591,HMA AGRO INDUSTRIES LTD,WAN HAI,TRANSWORLD-DADRI,26-02-26,06-03-26,33892
521,SEGU9703087,HMA AGRO INDUSTRIES LTD,WAN HAI,TRANSWORLD-DADRI,26-02-26,06-03-26,33421.6
1817,HLBU9086566,MEEM AGRO FOODS PVT LTD,HAPAG,TRANSWORLD-DADRI,05-03-26,06-03-26,33716
1828,HLBU9026253,AL-NASIR EXPORTS PVT LTD (U.P),HAPAG,TRANSWORLD-DADRI,05-03-26,06-03-26,33702
1985,HLBU9171565,AL-NASIR EXPORTS PVT LTD (U.P),HAPAG,TRANSWORLD-DADRI,03-03-26,06-03-26,33780
2067,HLXU8767428,AL AAYAT FOOD EXPO PVT. LTD,HAPAG,TRANSWORLD-DADRI,02-03-26,06-03-26,33732.8
2074,OOLU6297608,MEEM AGRO FOODS PVT LTD,OOCL,TRANSWORLD-DADRI,02-03-26,06-03-26,33646
2082,FSCU5323936,AL-NASIR EXPORTS PVT LTD (U.P),OOCL,TRANSWORLD-DADRI,02-03-26,06-03-26,33780
2084,NIDU6206725,AL-NASIR EXPORTS PVT LTD (U.P),HAPAG,TRANSWORLD-DADRI,02-03-26,06-03-26,33345.4
1749,EGSU5052997,AL-NASIR EXPORTS PVT LTD (U.P),EVERGREEN,TRANSWORLD-DADRI,06-03-26,07-03-26,33732.8
1816,APRU5022415,PETAL EXPORTS,GOODRICH,TRANSWORLD-DADRI,05-03-26,07-03-26,33160.5
1826,EMCU5729517,AL AMMAR FROZEN FOOD EXPORTS PVT LTD,EVERGREEN,TRANSWORLD-DADRI,05-03-26,07-03-26,33632
1982,OTPU6248016,HMA AGRO INDUSTRIES LTD,WAN HAI,TRANSWORLD-DADRI,03-03-26,07-03-26,33702
1984,OTPU6829561,HMA AGRO INDUSTRIES LTD,WAN HAI,TRANSWORLD-DADRI,03-03-26,07-03-26,33642
1987,FBIU5326045,AL-NASIR EXPORTS PVT LTD (U.P),WAN HAI,TRANSWORLD-DADRI,03-03-26,07-03-26,33702
1989,SEGU9928020,HMA AGRO INDUSTRIES LTD,WAN HAI,TRANSWORLD-DADRI,03-03-26,07-03-26,33702
2072,SEGU9646285,INTERNATIONAL AGRO FOODS,WAN HAI,TRANSWORLD-DADRI,02-03-26,07-03-26,33632
2075,SEGU9761205,INTERNATIONAL AGRO FOODS,WAN HAI,TRANSWORLD-DADRI,02-03-26,07-03-26,33632
2086,SEGU9752456,AL-NASIR EXPORTS PVT LTD (U.P),WAN HAI,TRANSWORLD-DADRI,02-03-26,07-03-26,33452
505,SEKU9365488,IFF INDIA FROZEN FOODS PRIVATE LIMITED,WAN HAI,TRANSWORLD-DADRI,26-02-26,09-03-26,33382
506,FBIU5384020,IFF INDIA FROZEN FOODS PRIVATE LIMITED,WAN HAI,TRANSWORLD-DADRI,26-02-26,09-03-26,33632
507,FBIU5380051,IFF INDIA FROZEN FOODS PRIVATE LIMITED,WAN HAI,TRANSWORLD-DADRI,26-02-26,09-03-26,33692
508,OTPU6202381,IFF INDIA FROZEN FOODS PRIVATE LIMITED,WAN HAI,TRANSWORLD-DADRI,26-02-26,09-03-26,33605.4
517,SEGU9751697,IFF INDIA FROZEN FOODS PRIVATE LIMITED,WAN HAI,TRANSWORLD-DADRI,26-02-26,09-03-26,33632
525,OTPU6637255,IFF INDIA FROZEN FOODS PRIVATE LIMITED,WAN HAI,TRANSWORLD-DADRI,26-02-26,09-03-26,33712
526,SEKU9340772,IFF INDIA FROZEN FOODS PRIVATE LIMITED,WAN HAI,TRANSWORLD-DADRI,26-02-26,09-03-26,33991.75
527,OTPU6678151,IFF INDIA FROZEN FOODS PRIVATE LIMITED,WAN HAI,TRANSWORLD-DADRI,26-02-26,09-03-26,33632
1753,OTPU6812553,MEEM AGRO FOODS PVT LTD,WAN HAI,TRANSWORLD-DADRI,06-03-26,09-03-26,33592
1819,FBIU5362850,AL-NASIR EXPORTS PVT LTD (U.P),WAN HAI,TRANSWORLD-DADRI,05-03-26,09-03-26,33670
1823,OTPU6689177,AL-NASIR EXPORTS PVT LTD (U.P),WAN HAI,TRANSWORLD-DADRI,05-03-26,09-03-26,33732.8
1825,SEGU9949975,IFF INDIA FROZEN FOODS PRIVATE LIMITED,WAN HAI,TRANSWORLD-DADRI,05-03-26,09-03-26,33632
1829,SEGU9932020,IFF INDIA FROZEN FOODS PRIVATE LIMITED,WAN HAI,TRANSWORLD-DADRI,05-03-26,09-03-26,33632
1830,FBIU5379256,IFF INDIA FROZEN FOODS PRIVATE LIMITED,WAN HAI,TRANSWORLD-DADRI,05-03-26,09-03-26,33642
1983,OTPU6758529,IFF INDIA FROZEN FOODS PRIVATE LIMITED,WAN HAI,TRANSWORLD-DADRI,03-03-26,09-03-26,33632
1988,OTPU6842352,IFF INDIA FROZEN FOODS PRIVATE LIMITED,WAN HAI,TRANSWORLD-DADRI,03-03-26,09-03-26,33345.4
2066,SEKU9160169,IFF INDIA FROZEN FOODS PRIVATE LIMITED,WAN HAI,TRANSWORLD-DADRI,02-03-26,09-03-26,33605.4
2068,SEGU9753555,IFF INDIA FROZEN FOODS PRIVATE LIMITED,WAN HAI,TRANSWORLD-DADRI,02-03-26,09-03-26,33632
2073,OTPU6197156,IFF INDIA FROZEN FOODS PRIVATE LIMITED,WAN HAI,TRANSWORLD-DADRI,02-03-26,09-03-26,33778
2085,OTPU6823666,IFF INDIA FROZEN FOODS PRIVATE LIMITED,WAN HAI,TRANSWORLD-DADRI,02-03-26,09-03-26,33892
402,ARKU5017199,IFF INDIA FROZEN FOODS PRIVATE LIMITED,ARKAS LINE,TRANSWORLD-DADRI,27-08-25,10-03-26,33421.6
1519,ARKU5017199,AL AMMAR FROZEN FOOD EXPORTS PVT LTD,ARKAS LINE,TRANSWORLD-DADRI,09-03-26,10-03-26,33716
1738,CGMU5563083,HMA AGRO INDUSTRIES LTD,CMA,TRANSWORLD-DADRI,06-03-26,10-03-26,33702
1739,CGMU5393881,HMA AGRO INDUSTRIES LTD,CMA,TRANSWORLD-DADRI,06-03-26,10-03-26,33780
1740,SEKU9134370,HMA AGRO INDUSTRIES LTD,CMA,TRANSWORLD-DADRI,06-03-26,10-03-26,33732.8
1743,CGMU5610903,HMA AGRO INDUSTRIES LTD,CMA,TRANSWORLD-DADRI,06-03-26,10-03-26,33646
1744,BMOU9660692,HMA AGRO INDUSTRIES LTD,CMA,TRANSWORLD-DADRI,06-03-26,10-03-26,33780
1745,CGMU5513159,HMA AGRO INDUSTRIES LTD,CMA,TRANSWORLD-DADRI,06-03-26,10-03-26,33345.4
1747,AMCU9314582,HMA AGRO INDUSTRIES LTD,CMA,TRANSWORLD-DADRI,06-03-26,10-03-26,33732.8
1750,CGMU5293075,HMA AGRO INDUSTRIES LTD,CMA,TRANSWORLD-DADRI,06-03-26,10-03-26,33160.5
1751,CGMU5183709,HMA AGRO INDUSTRIES LTD,CMA,TRANSWORLD-DADRI,06-03-26,10-03-26,33632
1752,CGMU5383501,HMA AGRO INDUSTRIES LTD,CMA,TRANSWORLD-DADRI,06-03-26,10-03-26,33702
1482,TTNU8108936,INTERNATIONAL AGRO FOODS,MSC,TRANSWORLD-DADRI,10-03-26,11-03-26,33642
1682,TXGU9004160,HMA AGRO INDUSTRIES LTD,CMA,TRANSWORLD-DADRI,07-03-26,11-03-26,33702
1735,ARKU5027350,IFF INDIA FROZEN FOODS PRIVATE LIMITED,ARKAS LINE,TRANSWORLD-DADRI,06-03-26,11-03-26,33702
1737,ARKU5033646,IFF INDIA FROZEN FOODS PRIVATE LIMITED,ARKAS LINE,TRANSWORLD-DADRI,06-03-26,11-03-26,33632
1746,ARKU5000832,IFF INDIA FROZEN FOODS PRIVATE LIMITED,ARKAS LINE,TRANSWORLD-DADRI,06-03-26,11-03-26,33632
1755,GCXU8012042,IFF INDIA FROZEN FOODS PRIVATE LIMITED,ARKAS LINE,TRANSWORLD-DADRI,06-03-26,11-03-26,33452
1756,ARKU5035171,IFF INDIA FROZEN FOODS PRIVATE LIMITED,ARKAS LINE,TRANSWORLD-DADRI,06-03-26,11-03-26,33382
1757,ARKU5014570,IFF INDIA FROZEN FOODS PRIVATE LIMITED,ARKAS LINE,TRANSWORLD-DADRI,06-03-26,11-03-26,33632
1827,CGMU5303548,AL HASSAN OVRESEAS  PVT LTD-UP,CMA,TRANSWORLD-DADRI,05-03-26,11-03-26,33692
1294,TGHU9924070,INTERNATIONAL AGRO FOODS,MSC,TRANSWORLD-DADRI,13-03-26,12-03-26,33605.4
1540,SZLU6009477,IFF INDIA FROZEN FOODS PRIVATE LIMITED,CMA,TRANSWORLD-DADRI,09-03-26,12-03-26,33632
1360,ARKU5011170,IFF INDIA FROZEN FOODS PRIVATE LIMITED,ARKAS LINE,TRANSWORLD-DADRI,12-03-26,13-03-26,33712
1370,ARKU5012263,IFF INDIA FROZEN FOODS PRIVATE LIMITED,ARKAS LINE,TRANSWORLD-DADRI,12-03-26,13-03-26,33991.75
1375,ARKU5011971,IFF INDIA FROZEN FOODS PRIVATE LIMITED,ARKAS LINE,TRANSWORLD-DADRI,12-03-26,13-03-26,33632
1417,EMCU5746730,AL AMMAR FROZEN FOOD EXPORTS PVT LTD,EVERGREEN,TRANSWORLD-DADRI,11-03-26,13-03-26,33592
1470,OOLU6261375,AL-NASIR EXPORTS PVT LTD (U.P),OOCL,TRANSWORLD-DADRI,10-03-26,13-03-26,33670
1733,SEGU9617604,IFF INDIA FROZEN FOODS PRIVATE LIMITED,WAN HAI,TRANSWORLD-DADRI,06-03-26,13-03-26,33732.8
1734,FSCU5927577,IFF INDIA FROZEN FOODS PRIVATE LIMITED,WAN HAI,TRANSWORLD-DADRI,06-03-26,13-03-26,33632
1736,FBIU5388319,HMA AGRO INDUSTRIES LTD,WAN HAI,TRANSWORLD-DADRI,06-03-26,13-03-26,33632
1741,FBIU5115335,IFF INDIA FROZEN FOODS PRIVATE LIMITED,WAN HAI,TRANSWORLD-DADRI,06-03-26,13-03-26,33642
1742,SEKU9077795,INTERNATIONAL AGRO FOODS,WAN HAI,TRANSWORLD-DADRI,06-03-26,13-03-26,33632
1754,SEGU9929500,IFF INDIA FROZEN FOODS PRIVATE LIMITED,WAN HAI,TRANSWORLD-DADRI,06-03-26,13-03-26,33345.4
1815,SEGU9748970,IFF INDIA FROZEN FOODS PRIVATE LIMITED,WAN HAI,TRANSWORLD-DADRI,05-03-26,13-03-26,33605.4
1818,SEGU9704761,IFF INDIA FROZEN FOODS PRIVATE LIMITED,WAN HAI,TRANSWORLD-DADRI,05-03-26,13-03-26,33632
1820,FSCU5700834,IFF INDIA FROZEN FOODS PRIVATE LIMITED,WAN HAI,TRANSWORLD-DADRI,05-03-26,13-03-26,33778
1821,SEGU9704170,IFF INDIA FROZEN FOODS PRIVATE LIMITED,WAN HAI,TRANSWORLD-DADRI,05-03-26,13-03-26,33892
1822,FBIU5297137,INTERNATIONAL AGRO FOODS,WAN HAI,TRANSWORLD-DADRI,05-03-26,13-03-26,33421.6
1824,SEGU9922043,INTERNATIONAL AGRO FOODS,WAN HAI,TRANSWORLD-DADRI,05-03-26,13-03-26,33716
1371,UACU4753782,AL-NASIR EXPORTS PVT LTD (U.P),HAPAG,TRANSWORLD-DADRI,12-03-26,15-03-26,33702
1426,TRIU8980326,HMA AGRO INDUSTRIES LTD,CMA,TRANSWORLD-DADRI,11-03-26,15-03-26,33780
1429,GESU9577298,AL-NASIR EXPORTS PVT LTD (U.P),HAPAG,TRANSWORLD-DADRI,11-03-26,15-03-26,33732.8
1473,HLBU9197826,AL AMMAR FROZEN FOOD EXPORTS PVT LTD,HAPAG,TRANSWORLD-DADRI,10-03-26,15-03-26,33646
1487,TTNU8191278,AL-NASIR EXPORTS PVT LTD (U.P),HAPAG,TRANSWORLD-DADRI,10-03-26,15-03-26,33780
1531,GESU9509288,AL-NASIR EXPORTS PVT LTD (U.P),HAPAG,TRANSWORLD-DADRI,09-03-26,15-03-26,33345.4
1533,UACU4761140,AL-NASIR EXPORTS PVT LTD (U.P),HAPAG,TRANSWORLD-DADRI,09-03-26,15-03-26,33732.8
1685,HLBU9007675,AL HASSAN OVRESEAS  PVT LTD-UP,HAPAG,TRANSWORLD-DADRI,07-03-26,15-03-26,33160.5
1686,UACU4797121,HMA AGRO INDUSTRIES LTD,HAPAG,TRANSWORLD-DADRI,07-03-26,15-03-26,33632
1748,BMOU9770935,AL-NASIR EXPORTS PVT LTD (U.P),HAPAG,TRANSWORLD-DADRI,06-03-26,15-03-26,33702
1362,OTPU6714032,IFF INDIA FROZEN FOODS PRIVATE LIMITED,UNIFEEDER,TRANSWORLD-DADRI,12-03-26,16-03-26,33642
1364,OTPU6713571,IFF INDIA FROZEN FOODS PRIVATE LIMITED,UNIFEEDER,TRANSWORLD-DADRI,12-03-26,16-03-26,33702
1366,SEGU9770450,IFF INDIA FROZEN FOODS PRIVATE LIMITED,UNIFEEDER,TRANSWORLD-DADRI,12-03-26,16-03-26,33702
1368,TEMU9164058,IFF INDIA FROZEN FOODS PRIVATE LIMITED,UNIFEEDER,TRANSWORLD-DADRI,12-03-26,16-03-26,33632
1373,SEGU9871389,IFF INDIA FROZEN FOODS PRIVATE LIMITED,UNIFEEDER,TRANSWORLD-DADRI,12-03-26,16-03-26,33632
1414,OTPU6714475,AL AMMAR FROZEN FOOD EXPORTS PVT LTD,UNIFEEDER,TRANSWORLD-DADRI,11-03-26,16-03-26,33452
1422,OTPU6519988,IFF INDIA FROZEN FOODS PRIVATE LIMITED,UNIFEEDER,TRANSWORLD-DADRI,11-03-26,16-03-26,33382
1423,OTPU6712981,AL AMMAR FROZEN FOOD EXPORTS PVT LTD,UNIFEEDER,TRANSWORLD-DADRI,11-03-26,16-03-26,33632
1427,OTPU6465367,IFF INDIA FROZEN FOODS PRIVATE LIMITED,UNIFEEDER,TRANSWORLD-DADRI,11-03-26,16-03-26,33692
1432,OTPU6465789,PURE FOODSTUFF PRIVATE LIMITED,UNIFEEDER,TRANSWORLD-DADRI,11-03-26,16-03-26,33605.4
1435,SEGU9636775,IFF INDIA FROZEN FOODS PRIVATE LIMITED,UNIFEEDER,TRANSWORLD-DADRI,11-03-26,16-03-26,33632
1474,OTPU6713397,PURE FOODSTUFF PRIVATE LIMITED,UNIFEEDER,TRANSWORLD-DADRI,10-03-26,16-03-26,33712
1475,OTPU6696900,MEEM AGRO FOODS PVT LTD,UNIFEEDER,TRANSWORLD-DADRI,10-03-26,16-03-26,33991.75
1480,OTPU6462835,MEEM AGRO FOODS PVT LTD,UNIFEEDER,TRANSWORLD-DADRI,10-03-26,16-03-26,33632
1486,OTPU6712723,PURE FOODSTUFF PRIVATE LIMITED,UNIFEEDER,TRANSWORLD-DADRI,10-03-26,16-03-26,33592
1288,CGMU5565907,MARHABA FROZEN FOODS,CMA,TRANSWORLD-DADRI,13-03-26,17-03-26,33670
1518,SEGU9613403,AL-NASIR EXPORTS PVT LTD (U.P),WAN HAI,TRANSWORLD-DADRI,09-03-26,17-03-26,33732.8
1521,SEGU9756050,AL-NASIR EXPORTS PVT LTD (U.P),WAN HAI,TRANSWORLD-DADRI,09-03-26,17-03-26,33632
1523,SEGU9949240,HMA AGRO INDUSTRIES LTD,WAN HAI,TRANSWORLD-DADRI,09-03-26,17-03-26,33632
1528,FBIU5386553,MIRHA EXPORTS PVT. LTD.(PUNJAB),WAN HAI,TRANSWORLD-DADRI,09-03-26,17-03-26,33642
1529,OTPU6244788,HMA AGRO INDUSTRIES LTD,WAN HAI,TRANSWORLD-DADRI,09-03-26,17-03-26,33632
1532,SEGU9929599,HMA AGRO INDUSTRIES LTD,WAN HAI,TRANSWORLD-DADRI,09-03-26,17-03-26,33345.4
1535,SEGU9924576,HMA AGRO INDUSTRIES LTD,WAN HAI,TRANSWORLD-DADRI,09-03-26,17-03-26,33605.4
1684,OTPU6824791,HMA AGRO INDUSTRIES LTD,WAN HAI,TRANSWORLD-DADRI,07-03-26,17-03-26,33632
1687,SEKU9365106,HMA AGRO INDUSTRIES LTD,WAN HAI,TRANSWORLD-DADRI,07-03-26,17-03-26,33778
1688,SEKU9362874,HMA AGRO INDUSTRIES LTD,WAN HAI,TRANSWORLD-DADRI,07-03-26,17-03-26,33892
1143,BMOU9742933,MARYA FROZEN AGRO FOOD PRODUCTS PVT LTD-POORAN JI-DELHI,CMA,TRANSWORLD-DADRI,16-03-26,18-03-26,33421.6
1144,PMLU8903954,AL-NASIR EXPORTS PVT LTD (U.P),UNIFEEDER,TRANSWORLD-DADRI,16-03-26,18-03-26,33716
1151,OTPU6712683,AL-NASIR EXPORTS PVT LTD (U.P),UNIFEEDER,TRANSWORLD-DADRI,16-03-26,18-03-26,33702
1152,OTPU6519340,AL-NASIR EXPORTS PVT LTD (U.P),UNIFEEDER,TRANSWORLD-DADRI,16-03-26,18-03-26,33780
1156,SEGU9552566,AL AMMAR FROZEN FOOD EXPORTS PVT LTD,CMA,TRANSWORLD-DADRI,16-03-26,18-03-26,33732.8
1157,TEMU9020030,RAYBAN FROZEN FOODS PVT.LTD,UNIFEEDER,TRANSWORLD-DADRI,16-03-26,18-03-26,33646
1274,TLLU1191417,AL AMMAR FROZEN FOOD EXPORTS PVT LTD,EVERGREEN,TRANSWORLD-DADRI,13-03-26,18-03-26,33780
1276,EMCU5680593,AL AMMAR FROZEN FOOD EXPORTS PVT LTD,EVERGREEN,TRANSWORLD-DADRI,13-03-26,18-03-26,33345.4
1279,EMCU5402484,MIRHA EXPORTS PVT. LTD.(PUNJAB),EVERGREEN,TRANSWORLD-DADRI,13-03-26,18-03-26,33732.8
1285,CGMU5292417,AL AMMAR FROZEN FOOD EXPORTS PVT LTD,CMA,TRANSWORLD-DADRI,13-03-26,18-03-26,33160.5
1286,EMCU5730565,PURE FOODSTUFF PRIVATE LIMITED,EVERGREEN,TRANSWORLD-DADRI,13-03-26,18-03-26,33632
1293,EMCU5462098,HMA AGRO INDUSTRIES LTD,EVERGREEN,TRANSWORLD-DADRI,13-03-26,18-03-26,33702
1367,TRIU8632151,ARS AGRO FOODS,CMA,TRANSWORLD-DADRI,12-03-26,18-03-26,33642
1374,EMCU5644317,PURE FOODSTUFF PRIVATE LIMITED,EVERGREEN,TRANSWORLD-DADRI,12-03-26,18-03-26,33702
1416,FBIU5387816,HMA AGRO INDUSTRIES LTD,WAN HAI,TRANSWORLD-DADRI,11-03-26,18-03-26,33702
1431,SEGU9704421,HMA AGRO INDUSTRIES LTD,WAN HAI,TRANSWORLD-DADRI,11-03-26,18-03-26,33632
1434,EMCU5642802,AL AMMAR FROZEN FOOD EXPORTS PVT LTD,EVERGREEN,TRANSWORLD-DADRI,11-03-26,18-03-26,33632
1471,FBIU5362398,HMA AGRO INDUSTRIES LTD,WAN HAI,TRANSWORLD-DADRI,10-03-26,18-03-26,33452
1476,OTPU6807032,HMA AGRO INDUSTRIES LTD,WAN HAI,TRANSWORLD-DADRI,10-03-26,18-03-26,33382
1481,SZLU9749775,HMA AGRO INDUSTRIES LTD,WAN HAI,TRANSWORLD-DADRI,10-03-26,18-03-26,33632
1488,SEGU9756528,INTERNATIONAL AGRO FOODS,WAN HAI,TRANSWORLD-DADRI,10-03-26,18-03-26,33692
1536,OTPU6850825,INTERNATIONAL AGRO FOODS,WAN HAI,TRANSWORLD-DADRI,09-03-26,18-03-26,33605.4
1019,TLLU1184697,HMA AGRO INDUSTRIES LTD,EVERGREEN,TRANSWORLD-DADRI,18-03-26,19-03-26,33632
1026,GMOU9005695,AL-NASIR EXPORTS PVT LTD (U.P),GOLD STAR,TRANSWORLD-DADRI,18-03-26,19-03-26,33712
1075,EMCU5692655,HMA AGRO INDUSTRIES LTD,EVERGREEN,TRANSWORLD-DADRI,17-03-26,19-03-26,33991.75
1149,SEGU9639666,AL-NASIR EXPORTS PVT LTD (U.P),KMTC,TRANSWORLD-DADRI,16-03-26,19-03-26,33632
1272,OTPU6226510,INTERNATIONAL AGRO FOODS,WAN HAI,TRANSWORLD-DADRI,13-03-26,19-03-26,33592
1273,OTPU6726692,HMA AGRO INDUSTRIES LTD,WAN HAI,TRANSWORLD-DADRI,13-03-26,19-03-26,33670
1277,OTPU6761380,RAYBAN FROZEN FOODS PVT.LTD,WAN HAI,TRANSWORLD-DADRI,13-03-26,19-03-26,33732.8
1280,SEGU9762109,AL-NASIR EXPORTS PVT LTD (U.P),WAN HAI,TRANSWORLD-DADRI,13-03-26,19-03-26,33632
1281,SEGU9747125,RAYBAN FROZEN FOODS PVT.LTD,WAN HAI,TRANSWORLD-DADRI,13-03-26,19-03-26,33632
1282,OTPU6772050,INTERNATIONAL AGRO FOODS,WAN HAI,TRANSWORLD-DADRI,13-03-26,19-03-26,33642
1283,SEGU9920499,INTERNATIONAL AGRO FOODS,WAN HAI,TRANSWORLD-DADRI,13-03-26,19-03-26,33632
1284,OTPU6847288,RAYBAN FROZEN FOODS PVT.LTD,WAN HAI,TRANSWORLD-DADRI,13-03-26,19-03-26,33345.4
1287,FBIU5361350,AL-NASIR EXPORTS PVT LTD (U.P),WAN HAI,TRANSWORLD-DADRI,13-03-26,19-03-26,33605.4
1289,OTPU6800716,AL-NASIR EXPORTS PVT LTD (U.P),WAN HAI,TRANSWORLD-DADRI,13-03-26,19-03-26,33632
1290,OTPU6245700,AL-NASIR EXPORTS PVT LTD (U.P),WAN HAI,TRANSWORLD-DADRI,13-03-26,19-03-26,33778
1291,OTPU6687507,RAYBAN FROZEN FOODS PVT.LTD,WAN HAI,TRANSWORLD-DADRI,13-03-26,19-03-26,33892
1292,FBIU5121596,RAYBAN FROZEN FOODS PVT.LTD,WAN HAI,TRANSWORLD-DADRI,13-03-26,19-03-26,33421.6
1354,FBIU5301920,HMA AGRO INDUSTRIES LTD,WAN HAI,TRANSWORLD-DADRI,12-03-26,19-03-26,33716
1355,OTPU6206052,INTERNATIONAL AGRO FOODS,WAN HAI,TRANSWORLD-DADRI,12-03-26,19-03-26,33702
1356,OTPU6821318,HMA AGRO INDUSTRIES LTD,WAN HAI,TRANSWORLD-DADRI,12-03-26,19-03-26,33780
1357,FBIU5395560,INTERNATIONAL AGRO FOODS,WAN HAI,TRANSWORLD-DADRI,12-03-26,19-03-26,33732.8
1358,FBIU5297029,IFF INDIA FROZEN FOODS PRIVATE LIMITED,WAN HAI,TRANSWORLD-DADRI,12-03-26,19-03-26,33646
1359,OTPU6821299,IFF INDIA FROZEN FOODS PRIVATE LIMITED,WAN HAI,TRANSWORLD-DADRI,12-03-26,19-03-26,33780
1361,SEKU9168215,HMA AGRO INDUSTRIES LTD,WAN HAI,TRANSWORLD-DADRI,12-03-26,19-03-26,33345.4
1363,OTPU6225556,PETAL EXPORTS,WAN HAI,TRANSWORLD-DADRI,12-03-26,19-03-26,33732.8
1365,OTPU6678254,IFF INDIA FROZEN FOODS PRIVATE LIMITED,WAN HAI,TRANSWORLD-DADRI,12-03-26,19-03-26,33160.5
1369,OTPU6848690,HMA AGRO INDUSTRIES LTD,WAN HAI,TRANSWORLD-DADRI,12-03-26,19-03-26,33632
1372,OTPU6756932,INTERNATIONAL AGRO FOODS,WAN HAI,TRANSWORLD-DADRI,12-03-26,19-03-26,33702
1424,FBIU5384205,RAYBAN FROZEN FOODS PVT.LTD,WAN HAI,TRANSWORLD-DADRI,11-03-26,19-03-26,33642
1433,WHSU2432524,MADHAVI IMPEX.,WAN HAI,TRANSWORLD-DADRI,11-03-26,19-03-26,33702
1478,SEKU9304266,RAYBAN FROZEN FOODS PVT.LTD,WAN HAI,TRANSWORLD-DADRI,10-03-26,19-03-26,33702
1522,OTPU6687404,AL-NASIR EXPORTS PVT LTD (U.P),WAN HAI,TRANSWORLD-DADRI,09-03-26,19-03-26,33632
954,EMCU5537788,HMA AGRO INDUSTRIES LTD,EVERGREEN,TRANSWORLD-DADRI,19-03-26,21-03-26,33632
1146,SEGU9566791,HMA AGRO INDUSTRIES LTD,WAN HAI,TRANSWORLD-DADRI,16-03-26,21-03-26,33452
1278,OTPU6247299,INTERNATIONAL AGRO FOODS,WAN HAI,TRANSWORLD-DADRI,13-03-26,21-03-26,33382
1415,FBIU5379810,INTERNATIONAL AGRO FOODS,WAN HAI,TRANSWORLD-DADRI,11-03-26,21-03-26,33632
1418,SEKU9168088,INTERNATIONAL AGRO FOODS,WAN HAI,TRANSWORLD-DADRI,11-03-26,21-03-26,33692
1419,OTPU6797989,INTERNATIONAL AGRO FOODS,WAN HAI,TRANSWORLD-DADRI,11-03-26,21-03-26,33605.4
1420,SEGU9927718,INTERNATIONAL AGRO FOODS,WAN HAI,TRANSWORLD-DADRI,11-03-26,21-03-26,33632
1428,SEGU9926732,HMA AGRO INDUSTRIES LTD,WAN HAI,TRANSWORLD-DADRI,11-03-26,21-03-26,33712
1430,SEKU9076572,HMA AGRO INDUSTRIES LTD,WAN HAI,TRANSWORLD-DADRI,11-03-26,21-03-26,33991.75
1517,SEKU9371156,HMA AGRO INDUSTRIES LTD,WAN HAI,TRANSWORLD-DADRI,09-03-26,21-03-26,33632
1524,SEGU9920800,INTERNATIONAL AGRO FOODS,WAN HAI,TRANSWORLD-DADRI,09-03-26,21-03-26,33592
1525,SEGU9858068,INTERNATIONAL AGRO FOODS,WAN HAI,TRANSWORLD-DADRI,09-03-26,21-03-26,33670
1534,OTPU6726898,HMA AGRO INDUSTRIES LTD,WAN HAI,TRANSWORLD-DADRI,09-03-26,21-03-26,33732.8
1537,SEGU9952496,INTERNATIONAL AGRO FOODS,WAN HAI,TRANSWORLD-DADRI,09-03-26,21-03-26,33632
1538,SEKU9192206,INTERNATIONAL AGRO FOODS,WAN HAI,TRANSWORLD-DADRI,09-03-26,21-03-26,33632
1539,FBIU5122360,INTERNATIONAL AGRO FOODS,WAN HAI,TRANSWORLD-DADRI,09-03-26,21-03-26,33642
851,OTPU6204614,HMA AGRO INDUSTRIES LTD,WAN HAI,TRANSWORLD-DADRI,20-03-26,23-03-26,33632
853,OTPU6687636,AL-NASIR EXPORTS PVT LTD (U.P),WAN HAI,TRANSWORLD-DADRI,20-03-26,23-03-26,33345.4
855,SEGU9924529,HMA AGRO INDUSTRIES LTD,WAN HAI,TRANSWORLD-DADRI,20-03-26,23-03-26,33605.4
857,OTPU6826726,HMA AGRO INDUSTRIES LTD,WAN HAI,TRANSWORLD-DADRI,20-03-26,23-03-26,33632
858,SEKU9152250,HMA AGRO INDUSTRIES LTD,WAN HAI,TRANSWORLD-DADRI,20-03-26,23-03-26,33778
860,OTPU6807583,HMA AGRO INDUSTRIES LTD,WAN HAI,TRANSWORLD-DADRI,20-03-26,23-03-26,33892
869,CXRU1604567,KIRPA RAM DAIRY PRIVATE LIMITED,CORTEN,TRANSWORLD-DADRI,20-03-26,23-03-26,33421.6
927,SZLU9734857,IFF INDIA FROZEN FOODS PRIVATE LIMITED,WAN HAI,TRANSWORLD-DADRI,19-03-26,23-03-26,33716
928,OOLU6456989,AL-NASIR EXPORTS PVT LTD (U.P),OOCL,TRANSWORLD-DADRI,19-03-26,23-03-26,33702
931,SEKU9365940,IFF INDIA FROZEN FOODS PRIVATE LIMITED,WAN HAI,TRANSWORLD-DADRI,19-03-26,23-03-26,33780
938,FBIU5387626,IFF INDIA FROZEN FOODS PRIVATE LIMITED,WAN HAI,TRANSWORLD-DADRI,19-03-26,23-03-26,33732.8
939,FBIU5302151,IFF INDIA FROZEN FOODS PRIVATE LIMITED,WAN HAI,TRANSWORLD-DADRI,19-03-26,23-03-26,33646
947,SEGU9701037,IFF INDIA FROZEN FOODS PRIVATE LIMITED,WAN HAI,TRANSWORLD-DADRI,19-03-26,23-03-26,33780
949,FBIU5119557,IFF INDIA FROZEN FOODS PRIVATE LIMITED,WAN HAI,TRANSWORLD-DADRI,19-03-26,23-03-26,33345.4
957,FSCU5700135,IFF INDIA FROZEN FOODS PRIVATE LIMITED,WAN HAI,TRANSWORLD-DADRI,19-03-26,23-03-26,33732.8
960,OTPU6204419,HMA AGRO INDUSTRIES LTD,WAN HAI,TRANSWORLD-DADRI,19-03-26,23-03-26,33160.5
964,OTPU6824641,IFF INDIA FROZEN FOODS PRIVATE LIMITED,WAN HAI,TRANSWORLD-DADRI,19-03-26,23-03-26,33632
1030,OTPU6759680,AL-NASIR EXPORTS PVT LTD (U.P),WAN HAI,TRANSWORLD-DADRI,18-03-26,23-03-26,33702
1032,OTPU6246517,HMA AGRO INDUSTRIES LTD,WAN HAI,TRANSWORLD-DADRI,18-03-26,23-03-26,33642
1073,OTPU6124740,AL HASSAN OVRESEAS  PVT LTD-UP,OOCL,TRANSWORLD-DADRI,17-03-26,23-03-26,33702
1074,OTPU6797952,AL-NASIR EXPORTS PVT LTD (U.P),WAN HAI,TRANSWORLD-DADRI,17-03-26,23-03-26,33702
1076,OOLU6491974,AL-NASIR EXPORTS PVT LTD (U.P),OOCL,TRANSWORLD-DADRI,17-03-26,23-03-26,33632
1077,OOLU6440133,AL-NASIR EXPORTS PVT LTD (U.P),OOCL,TRANSWORLD-DADRI,17-03-26,23-03-26,33632
1139,EMCU5700880,HMA AGRO INDUSTRIES LTD,EVERGREEN,TRANSWORLD-DADRI,16-03-26,23-03-26,33452
1140,EMCU5588321,HMA AGRO INDUSTRIES LTD,EVERGREEN,TRANSWORLD-DADRI,16-03-26,23-03-26,33382
1141,EMCU5707457,HMA AGRO INDUSTRIES LTD,EVERGREEN,TRANSWORLD-DADRI,16-03-26,23-03-26,33632
1145,OOLU6512296,AL-NASIR EXPORTS PVT LTD (U.P),OOCL,TRANSWORLD-DADRI,16-03-26,23-03-26,33692
1147,OOLU6338271,MIRHA EXPORTS PVT. LTD.(PUNJAB),OOCL,TRANSWORLD-DADRI,16-03-26,23-03-26,33605.4
1158,EMCU5558965,AL AMMAR FROZEN FOOD EXPORTS PVT LTD,EVERGREEN,TRANSWORLD-DADRI,16-03-26,23-03-26,33632
1159,EMCU5615073,HMA AGRO INDUSTRIES LTD,EVERGREEN,TRANSWORLD-DADRI,16-03-26,23-03-26,33712
1275,SEGU9807517,AL-NASIR EXPORTS PVT LTD (U.P),OOCL,TRANSWORLD-DADRI,13-03-26,23-03-26,33991.75
852,FBIU5116943,IFF INDIA FROZEN FOODS PRIVATE LIMITED,WAN HAI,TRANSWORLD-DADRI,20-03-26,24-03-26,33632
856,ARKU5008279,AL-NASIR EXPORTS PVT LTD (U.P),ARKAS LINE,TRANSWORLD-DADRI,20-03-26,24-03-26,33592
921,OTPU6193145,IFF INDIA FROZEN FOODS PRIVATE LIMITED,WAN HAI,TRANSWORLD-DADRI,19-03-26,24-03-26,33670
922,SEKU9011226,IFF INDIA FROZEN FOODS PRIVATE LIMITED,CMA,TRANSWORLD-DADRI,19-03-26,24-03-26,33732.8
923,OTPU6754333,IFF INDIA FROZEN FOODS PRIVATE LIMITED,WAN HAI,TRANSWORLD-DADRI,19-03-26,24-03-26,33632
930,ARKU5033190,IFF INDIA FROZEN FOODS PRIVATE LIMITED,ARKAS LINE,TRANSWORLD-DADRI,19-03-26,24-03-26,33632
937,OTPU6686692,IFF INDIA FROZEN FOODS PRIVATE LIMITED,WAN HAI,TRANSWORLD-DADRI,19-03-26,24-03-26,33642
941,FSCU5934750,IFF INDIA FROZEN FOODS PRIVATE LIMITED,WAN HAI,TRANSWORLD-DADRI,19-03-26,24-03-26,33632
948,ARKU5028953,IFF INDIA FROZEN FOODS PRIVATE LIMITED,ARKAS LINE,TRANSWORLD-DADRI,19-03-26,24-03-26,33345.4
951,CGMU5439107,IFF INDIA FROZEN FOODS PRIVATE LIMITED,CMA,TRANSWORLD-DADRI,19-03-26,24-03-26,33605.4
955,FBIU5393640,IFF INDIA FROZEN FOODS PRIVATE LIMITED,WAN HAI,TRANSWORLD-DADRI,19-03-26,24-03-26,33632
956,FBIU5398030,IFF INDIA FROZEN FOODS PRIVATE LIMITED,WAN HAI,TRANSWORLD-DADRI,19-03-26,24-03-26,33778
1024,TRLU1654636,INTERNATIONAL AGRO FOODS,GOODRICH,TRANSWORLD-DADRI,18-03-26,24-03-26,33892
1154,SEGU9224253,HMA AGRO INDUSTRIES LTD,CMA,TRANSWORLD-DADRI,16-03-26,24-03-26,33421.6
1516,SEGU9756220,IFF INDIA FROZEN FOODS PRIVATE LIMITED,WAN HAI,TRANSWORLD-DADRI,09-03-26,24-03-26,33716
1526,SZLU9733568,IFF INDIA FROZEN FOODS PRIVATE LIMITED,WAN HAI,TRANSWORLD-DADRI,09-03-26,24-03-26,33702
1527,SEGU9948536,IFF INDIA FROZEN FOODS PRIVATE LIMITED,WAN HAI,TRANSWORLD-DADRI,09-03-26,24-03-26,33780
1530,SEGU9617266,IFF INDIA FROZEN FOODS PRIVATE LIMITED,WAN HAI,TRANSWORLD-DADRI,09-03-26,24-03-26,33732.8
1683,FBIU5123829,IFF INDIA FROZEN FOODS PRIVATE LIMITED,WAN HAI,TRANSWORLD-DADRI,07-03-26,24-03-26,33646
868,OTPU6461675,MEEM AGRO FOODS PVT LTD,UNIFEEDER,TRANSWORLD-DADRI,20-03-26,25-03-26,33780
945,SEGU9730307,AL-NASIR EXPORTS PVT LTD (U.P),UNIFEEDER,TRANSWORLD-DADRI,19-03-26,25-03-26,33345.4
946,SEGU9728423,AL-NASIR EXPORTS PVT LTD (U.P),UNIFEEDER,TRANSWORLD-DADRI,19-03-26,25-03-26,33732.8
958,OTPU6518370,AL-NASIR EXPORTS PVT LTD (U.P),UNIFEEDER,TRANSWORLD-DADRI,19-03-26,25-03-26,33160.5
727,UACU4803775,WYTROCK GLOBAL PRIVATE LIMITED,HAPAG,TRANSWORLD-DADRI,23-03-26,26-03-26,33632
732,HLBU9008820,WYTROCK GLOBAL PRIVATE LIMITED,HAPAG,TRANSWORLD-DADRI,23-03-26,26-03-26,33702
733,CGMU6904878,ARS AGRO FOODS,CMA,TRANSWORLD-DADRI,23-03-26,26-03-26,33642
735,CGMU5335437,ARS AGRO FOODS,CMA,TRANSWORLD-DADRI,23-03-26,26-03-26,33702
736,GMOU9011234,MIRHA EXPORTS PVT. LTD.(PUNJAB),GOLD STAR,TRANSWORLD-DADRI,23-03-26,26-03-26,33702
737,CGMU5393270,INTERNATIONAL AGRO FOODS,CMA,TRANSWORLD-DADRI,23-03-26,26-03-26,33632
738,FSCU5662143,WYTROCK GLOBAL PRIVATE LIMITED,HAPAG,TRANSWORLD-DADRI,23-03-26,26-03-26,33632
862,ARKU5011760,IFF INDIA FROZEN FOODS PRIVATE LIMITED,ARKAS LINE,TRANSWORLD-DADRI,20-03-26,26-03-26,33452
865,EMCU5683735,HMA AGRO INDUSTRIES LTD,EVERGREEN,TRANSWORLD-DADRI,20-03-26,26-03-26,33382
867,ARKU5015637,IFF INDIA FROZEN FOODS PRIVATE LIMITED,ARKAS LINE,TRANSWORLD-DADRI,20-03-26,26-03-26,33632
870,EMCU5748688,AL-NASIR EXPORTS PVT LTD (U.P),EVERGREEN,TRANSWORLD-DADRI,20-03-26,26-03-26,33692
925,ARKU5000431,IFF INDIA FROZEN FOODS PRIVATE LIMITED,ARKAS LINE,TRANSWORLD-DADRI,19-03-26,26-03-26,33605.4
926,ARKU5034998,IFF INDIA FROZEN FOODS PRIVATE LIMITED,ARKAS LINE,TRANSWORLD-DADRI,19-03-26,26-03-26,33632
932,ARKU5018940,IFF INDIA FROZEN FOODS PRIVATE LIMITED,ARKAS LINE,TRANSWORLD-DADRI,19-03-26,26-03-26,33712
933,EMCU5506452,AL-NASIR EXPORTS PVT LTD (U.P),EVERGREEN,TRANSWORLD-DADRI,19-03-26,26-03-26,33991.75
952,TRKU1100196,IFF INDIA FROZEN FOODS PRIVATE LIMITED,TURKON LINE,TRANSWORLD-DADRI,19-03-26,26-03-26,33632
953,CAXU5279648,IFF INDIA FROZEN FOODS PRIVATE LIMITED,TURKON LINE,TRANSWORLD-DADRI,19-03-26,26-03-26,33592
1017,TTNU8625878,HMA AGRO INDUSTRIES LTD,CMA,TRANSWORLD-DADRI,18-03-26,26-03-26,33670
1020,TRIU8867752,AL-NASIR EXPORTS PVT LTD (U.P),HAPAG,TRANSWORLD-DADRI,18-03-26,26-03-26,33732.8
1031,CGMU5250010,INTERNATIONAL AGRO FOODS,CMA,TRANSWORLD-DADRI,18-03-26,26-03-26,33632
1150,HLBU6045901,HMA AGRO INDUSTRIES LTD,HAPAG,TRANSWORLD-DADRI,16-03-26,26-03-26,33632
1155,HLBU9836784,MEEM AGRO FOODS PVT LTD,HAPAG,TRANSWORLD-DADRI,16-03-26,26-03-26,33642
418,GMOU9040588,INTERNATIONAL AGRO FOODS,GOLD STAR,TRANSWORLD-DADRI,27-03-26,28-03-26,33632
595,TRLU1651914,AL AMMAR FROZEN FOOD EXPORTS PVT LTD,GOODRICH,TRANSWORLD-DADRI,25-03-26,28-03-26,33345.4
729,SEKU9167712,HMA AGRO INDUSTRIES LTD,WAN HAI,TRANSWORLD-DADRI,23-03-26,28-03-26,33605.4
741,OTPU6798666,HMA AGRO INDUSTRIES LTD,WAN HAI,TRANSWORLD-DADRI,23-03-26,28-03-26,33632
854,OTPU6761008,HMA AGRO INDUSTRIES LTD,WAN HAI,TRANSWORLD-DADRI,20-03-26,28-03-26,33778
940,FBIU5360374,IFF INDIA FROZEN FOODS PRIVATE LIMITED,WAN HAI,TRANSWORLD-DADRI,19-03-26,28-03-26,33892
950,SEGU9914752,IFF INDIA FROZEN FOODS PRIVATE LIMITED,WAN HAI,TRANSWORLD-DADRI,19-03-26,28-03-26,33421.6
963,SZLU9750164,IFF INDIA FROZEN FOODS PRIVATE LIMITED,WAN HAI,TRANSWORLD-DADRI,19-03-26,28-03-26,33716
1027,ARKU5014482,AL AMMAR FROZEN FOOD EXPORTS PVT LTD,ARKAS LINE,TRANSWORLD-DADRI,18-03-26,28-03-26,33702
1028,ARKU5016973,AL AMMAR FROZEN FOOD EXPORTS PVT LTD,ARKAS LINE,TRANSWORLD-DADRI,18-03-26,28-03-26,33780
1029,ARKU5025403,AL AMMAR FROZEN FOOD EXPORTS PVT LTD,ARKAS LINE,TRANSWORLD-DADRI,18-03-26,28-03-26,33732.8
1413,OTPU6827682,IFF INDIA FROZEN FOODS PRIVATE LIMITED,WAN HAI,TRANSWORLD-DADRI,11-03-26,28-03-26,33646
1421,OTPU6252295,IFF INDIA FROZEN FOODS PRIVATE LIMITED,WAN HAI,TRANSWORLD-DADRI,11-03-26,28-03-26,33780
1425,SEGU9927810,IFF INDIA FROZEN FOODS PRIVATE LIMITED,WAN HAI,TRANSWORLD-DADRI,11-03-26,28-03-26,33345.4
1472,OTPU6196329,IFF INDIA FROZEN FOODS PRIVATE LIMITED,WAN HAI,TRANSWORLD-DADRI,10-03-26,28-03-26,33732.8
1477,SEGU9921411,IFF INDIA FROZEN FOODS PRIVATE LIMITED,WAN HAI,TRANSWORLD-DADRI,10-03-26,28-03-26,33160.5
1483,FSCU5703345,IFF INDIA FROZEN FOODS PRIVATE LIMITED,WAN HAI,TRANSWORLD-DADRI,10-03-26,28-03-26,33632
1484,OTPU6850785,IFF INDIA FROZEN FOODS PRIVATE LIMITED,WAN HAI,TRANSWORLD-DADRI,10-03-26,28-03-26,33702
304,GMOU9020724,MIRHA EXPORTS PVT. LTD.(PUNJAB),GOLD STAR,TRANSWORLD-DADRI,28-03-26,30-03-26,33642
408,EMCU5455252,AL AMMAR FROZEN FOOD EXPORTS PVT LTD,EVERGREEN,TRANSWORLD-DADRI,27-03-26,30-03-26,33702
594,EMCU5578473,HMA AGRO INDUSTRIES LTD,EVERGREEN,TRANSWORLD-DADRI,25-03-26,30-03-26,33702
596,OOLU6510694,AL-NASIR EXPORTS PVT LTD (U.P),OOCL,TRANSWORLD-DADRI,25-03-26,30-03-26,33632
597,OTPU6808044,IFF INDIA FROZEN FOODS PRIVATE LIMITED,WAN HAI,TRANSWORLD-DADRI,25-03-26,30-03-26,33632
600,SEGU9640760,AL-NASIR EXPORTS PVT LTD (U.P),KMTC,TRANSWORLD-DADRI,25-03-26,30-03-26,33452
678,OTPU6776060,IFF INDIA FROZEN FOODS PRIVATE LIMITED,WAN HAI,TRANSWORLD-DADRI,24-03-26,30-03-26,33382
680,TTNU8877709,HMA AGRO INDUSTRIES LTD,CMA,TRANSWORLD-DADRI,24-03-26,30-03-26,33632
681,APRU6135817,HMA AGRO INDUSTRIES LTD,CMA,TRANSWORLD-DADRI,24-03-26,30-03-26,33692
683,CGMU5236157,HMA AGRO INDUSTRIES LTD,CMA,TRANSWORLD-DADRI,24-03-26,30-03-26,33605.4
684,TEMU9815910,HMA AGRO INDUSTRIES LTD,CMA,TRANSWORLD-DADRI,24-03-26,30-03-26,33632
685,CGMU5449804,HMA AGRO INDUSTRIES LTD,CMA,TRANSWORLD-DADRI,24-03-26,30-03-26,33712
686,TEMU9881790,AL-NASIR EXPORTS PVT LTD (U.P),CMA,TRANSWORLD-DADRI,24-03-26,30-03-26,33991.75
687,SEGU9950390,HMA AGRO INDUSTRIES LTD,WAN HAI,TRANSWORLD-DADRI,24-03-26,30-03-26,33632
688,SZLU9738683,HMA AGRO INDUSTRIES LTD,WAN HAI,TRANSWORLD-DADRI,24-03-26,30-03-26,33592
690,SEGU9960423,HMA AGRO INDUSTRIES LTD,CMA,TRANSWORLD-DADRI,24-03-26,30-03-26,33670
691,CGMU5346010,HMA AGRO INDUSTRIES LTD,CMA,TRANSWORLD-DADRI,24-03-26,30-03-26,33732.8
692,TRIU8968906,HMA AGRO INDUSTRIES LTD,CMA,TRANSWORLD-DADRI,24-03-26,30-03-26,33632
728,FBIU5119813,HMA AGRO INDUSTRIES LTD,WAN HAI,TRANSWORLD-DADRI,23-03-26,30-03-26,33632
730,OTPU6245450,HMA AGRO INDUSTRIES LTD,WAN HAI,TRANSWORLD-DADRI,23-03-26,30-03-26,33642
731,SZLU9749121,HMA AGRO INDUSTRIES LTD,WAN HAI,TRANSWORLD-DADRI,23-03-26,30-03-26,33632
742,SZLU9708890,HMA AGRO INDUSTRIES LTD,WAN HAI,TRANSWORLD-DADRI,23-03-26,30-03-26,33345.4
863,OTPU6126928,AL-NASIR EXPORTS PVT LTD (U.P),OOCL,TRANSWORLD-DADRI,20-03-26,30-03-26,33605.4
871,FBIU5662878,AL-NASIR EXPORTS PVT LTD (U.P),OOCL,TRANSWORLD-DADRI,20-03-26,30-03-26,33632
1218,FBIU5119813,INTERNATIONAL AGRO FOODS,WAN HAI,TRANSWORLD-DADRI,15-12-25,30-03-26,33778
71,OTPU6756423,IFF INDIA FROZEN FOODS PRIVATE LIMITED,WAN HAI,TRANSWORLD-DADRI,30-03-26,31-03-26,33892
75,OTPU6690901,HMA AGRO INDUSTRIES LTD,WAN HAI,TRANSWORLD-DADRI,30-03-26,31-03-26,33421.6
76,TRLU1633649,IFF INDIA FROZEN FOODS PRIVATE LIMITED,GOODRICH,TRANSWORLD-DADRI,30-03-26,31-03-26,33716
77,SEKU9080000,IFF INDIA FROZEN FOODS PRIVATE LIMITED,WAN HAI,TRANSWORLD-DADRI,30-03-26,31-03-26,33702
78,SEGU9821500,AL-NASIR EXPORTS PVT LTD (U.P),WAN HAI,TRANSWORLD-DADRI,30-03-26,31-03-26,33780
86,SEGU9484796,IFF INDIA FROZEN FOODS PRIVATE LIMITED,CMA,TRANSWORLD-DADRI,30-03-26,31-03-26,33732.8
87,AMCU9351987,IFF INDIA FROZEN FOODS PRIVATE LIMITED,CMA,TRANSWORLD-DADRI,30-03-26,31-03-26,33646
89,SEKU9363628,AL-NASIR EXPORTS PVT LTD (U.P),WAN HAI,TRANSWORLD-DADRI,30-03-26,31-03-26,33780
90,OTPU6684093,AL-NASIR EXPORTS PVT LTD (U.P),WAN HAI,TRANSWORLD-DADRI,30-03-26,31-03-26,33345.4
298,CGMU5531208,HMA AGRO INDUSTRIES LTD,CMA,TRANSWORLD-DADRI,28-03-26,31-03-26,33732.8
299,SEKU9047810,IFF INDIA FROZEN FOODS PRIVATE LIMITED,CMA,TRANSWORLD-DADRI,28-03-26,31-03-26,33160.5
301,CGMU5544843,HMA AGRO INDUSTRIES LTD,CMA,TRANSWORLD-DADRI,28-03-26,31-03-26,33632
302,SEGU9920483,MIRHA EXPORTS PVT. LTD.(PUNJAB),WAN HAI,TRANSWORLD-DADRI,28-03-26,31-03-26,33702
303,EMCU5703343,INTERNATIONAL AGRO FOODS,EVERGREEN,TRANSWORLD-DADRI,28-03-26,31-03-26,33642
305,FBIU5379235,IFF INDIA FROZEN FOODS PRIVATE LIMITED,WAN HAI,TRANSWORLD-DADRI,28-03-26,31-03-26,33702
405,SEGU9919230,IFF INDIA FROZEN FOODS PRIVATE LIMITED,WAN HAI,TRANSWORLD-DADRI,27-03-26,31-03-26,33702
406,OTPU6245640,IFF INDIA FROZEN FOODS PRIVATE LIMITED,WAN HAI,TRANSWORLD-DADRI,27-03-26,31-03-26,33632
407,TEMU9868308,IFF INDIA FROZEN FOODS PRIVATE LIMITED,CMA,TRANSWORLD-DADRI,27-03-26,31-03-26,33632
409,CGMU5369062,IFF INDIA FROZEN FOODS PRIVATE LIMITED,CMA,TRANSWORLD-DADRI,27-03-26,31-03-26,33452
410,HLBU9042737,AL-NASIR EXPORTS PVT LTD (U.P),HAPAG,TRANSWORLD-DADRI,27-03-26,31-03-26,33382
411,TRIU8144666,AL HASSAN OVRESEAS  PVT LTD-UP,HAPAG,TRANSWORLD-DADRI,27-03-26,31-03-26,33632
412,HLXU8797525,AL-NASIR EXPORTS PVT LTD (U.P),HAPAG,TRANSWORLD-DADRI,27-03-26,31-03-26,33692
413,EMCU5675827,INTERNATIONAL AGRO FOODS,EVERGREEN,TRANSWORLD-DADRI,27-03-26,31-03-26,33605.4
415,SEKU9369328,IFF INDIA FROZEN FOODS PRIVATE LIMITED,WAN HAI,TRANSWORLD-DADRI,27-03-26,31-03-26,33632
417,SEGU9915276,AL-NASIR EXPORTS PVT LTD (U.P),WAN HAI,TRANSWORLD-DADRI,27-03-26,31-03-26,33712
598,TTNU8630642,INTERNATIONAL AGRO FOODS,CMA,TRANSWORLD-DADRI,25-03-26,31-03-26,33991.75
599,SZLU9492985,AL-NASIR EXPORTS PVT LTD (U.P),CMA,TRANSWORLD-DADRI,25-03-26,31-03-26,33632
602,TTNU8918618,IFF INDIA FROZEN FOODS PRIVATE LIMITED,CMA,TRANSWORLD-DADRI,25-03-26,31-03-26,33592
682,TCLU1079029,AL AMMAR FROZEN FOOD EXPORTS PVT LTD,HAPAG,TRANSWORLD-DADRI,24-03-26,31-03-26,33670
74,TEMU9902721,IFF INDIA FROZEN FOODS PRIVATE LIMITED,CMA,TRANSWORLD-DADRI,30-03-26,01-04-26,33732.8
81,TEMU9895664,AL HASSAN OVRESEAS  PVT LTD-UP,CMA,TRANSWORLD-DADRI,30-03-26,01-04-26,33632
82,TRIU8126596,RAYBAN FROZEN FOODS PVT.LTD,CMA,TRANSWORLD-DADRI,30-03-26,01-04-26,33632
85,SZLU9076859,RAYBAN FROZEN FOODS PVT.LTD,CMA,TRANSWORLD-DADRI,30-03-26,01-04-26,33642
88,CGMU5517220,RAYBAN FROZEN FOODS PVT.LTD,CMA,TRANSWORLD-DADRI,30-03-26,01-04-26,33632
297,ARKU5026349,IFF INDIA FROZEN FOODS PRIVATE LIMITED,ARKAS LINE,TRANSWORLD-DADRI,28-03-26,01-04-26,33345.4
300,ARKU5013737,IFF INDIA FROZEN FOODS PRIVATE LIMITED,ARKAS LINE,TRANSWORLD-DADRI,28-03-26,01-04-26,33605.4
414,ARKU5003662,IFF INDIA FROZEN FOODS PRIVATE LIMITED,ARKAS LINE,TRANSWORLD-DADRI,27-03-26,01-04-26,33632
416,SEGU9416045,AL AMMAR FROZEN FOOD EXPORTS PVT LTD,CMA,TRANSWORLD-DADRI,27-03-26,01-04-26,33778
73,SEGU9320998,IFF INDIA FROZEN FOODS PRIVATE LIMITED,CORTEN,TRANSWORLD-DADRI,30-03-26,03-04-26,33892
79,BMOU9835553,IFF INDIA FROZEN FOODS PRIVATE LIMITED,CORTEN,TRANSWORLD-DADRI,30-03-26,03-04-26,33421.6
80,BMOU9833606,IFF INDIA FROZEN FOODS PRIVATE LIMITED,CORTEN,TRANSWORLD-DADRI,30-03-26,03-04-26,33716
83,SEGU9399837,IFF INDIA FROZEN FOODS PRIVATE LIMITED,CORTEN,TRANSWORLD-DADRI,30-03-26,03-04-26,33702
601,TTNU8194087,AL-NASIR EXPORTS PVT LTD (U.P),CORTEN,TRANSWORLD-DADRI,25-03-26,03-04-26,33780
2173,TTNU8244383,IFF INDIA FROZEN FOODS PRIVATE LIMITED,CORTEN,TRANSWORLD-DADRI,01-04-26,03-04-26,33732.8
2179,CXRU1211997,IFF INDIA FROZEN FOODS PRIVATE LIMITED,CORTEN,TRANSWORLD-DADRI,01-04-26,03-04-26,33646
2180,CXRU1231519,IFF INDIA FROZEN FOODS PRIVATE LIMITED,CORTEN,TRANSWORLD-DADRI,01-04-26,03-04-26,33780
2182,CXRU1219410,IFF INDIA FROZEN FOODS PRIVATE LIMITED,CORTEN,TRANSWORLD-DADRI,01-04-26,03-04-26,33345.4
2185,TRIU8175081,IFF INDIA FROZEN FOODS PRIVATE LIMITED,CMA,TRANSWORLD-DADRI,01-04-26,03-04-26,33732.8
2187,PCIU6067104,IFF INDIA FROZEN FOODS PRIVATE LIMITED,CORTEN,TRANSWORLD-DADRI,01-04-26,03-04-26,33160.5
2188,CXRU1220026,IFF INDIA FROZEN FOODS PRIVATE LIMITED,CORTEN,TRANSWORLD-DADRI,01-04-26,03-04-26,33632
72,ARKU5025152,IFF INDIA FROZEN FOODS PRIVATE LIMITED,ARKAS LINE,TRANSWORLD-DADRI,30-03-26,04-04-26,33702
2048,TCLU1099323,IFF INDIA FROZEN FOODS PRIVATE LIMITED,CMA,TRANSWORLD-DADRI,02-04-26,04-04-26,33642
2050,TRIU8920780,IFF INDIA FROZEN FOODS PRIVATE LIMITED,CMA,TRANSWORLD-DADRI,02-04-26,04-04-26,33702
2172,HLBU9743790,HMA AGRO INDUSTRIES LTD,HAPAG,TRANSWORLD-DADRI,01-04-26,04-04-26,33702
2181,CXRU1114641,AL HASSAN OVRESEAS  PVT LTD-UP,HAPAG,TRANSWORLD-DADRI,01-04-26,04-04-26,33632
2189,NIDU6501926,HMA AGRO INDUSTRIES LTD,HAPAG,TRANSWORLD-DADRI,01-04-26,04-04-26,33632
2054,EMCU5524559,HMA AGRO INDUSTRIES LTD,EVERGREEN,TRANSWORLD-DADRI,02-04-26,06-04-26,33452
2064,EMCU5646351,HMA AGRO INDUSTRIES LTD,EVERGREEN,TRANSWORLD-DADRI,02-04-26,06-04-26,33382
2177,EGSU5056354,HMA AGRO INDUSTRIES LTD,EVERGREEN,TRANSWORLD-DADRI,01-04-26,06-04-26,33632
2190,EMCU5606852,AL-NASIR EXPORTS PVT LTD (U.P),EVERGREEN,TRANSWORLD-DADRI,01-04-26,06-04-26,33692
1917,SEGU9761910,IFF INDIA FROZEN FOODS PRIVATE LIMITED,WAN HAI,TRANSWORLD-DADRI,04-04-26,07-04-26,33605.4
1921,SEGU9932571,IFF INDIA FROZEN FOODS PRIVATE LIMITED,WAN HAI,TRANSWORLD-DADRI,04-04-26,07-04-26,33632
1925,OOLU6280098,AL-NASIR EXPORTS PVT LTD (U.P),OOCL,TRANSWORLD-DADRI,04-04-26,07-04-26,33712
2059,FBIU0506790,MADHAVI IMPEX.,WAN HAI,TRANSWORLD-DADRI,02-04-26,07-04-26,33991.75
2060,FBIU5359434,IFF INDIA FROZEN FOODS PRIVATE LIMITED,WAN HAI,TRANSWORLD-DADRI,02-04-26,07-04-26,33632
2065,OTPU6225978,AL-NASIR EXPORTS PVT LTD (U.P),WAN HAI,TRANSWORLD-DADRI,02-04-26,07-04-26,33592
2167,SEGU9915548,IFF INDIA FROZEN FOODS PRIVATE LIMITED,WAN HAI,TRANSWORLD-DADRI,01-04-26,07-04-26,33670
2168,SEGU9751402,IFF INDIA FROZEN FOODS PRIVATE LIMITED,WAN HAI,TRANSWORLD-DADRI,01-04-26,07-04-26,33732.8
2169,OTPU6244432,HMA AGRO INDUSTRIES LTD,WAN HAI,TRANSWORLD-DADRI,01-04-26,07-04-26,33632
2170,OTPU6759124,HMA AGRO INDUSTRIES LTD,WAN HAI,TRANSWORLD-DADRI,01-04-26,07-04-26,33632
2175,SEGU9920971,MIRHA EXPORTS PVT. LTD.(PUNJAB),WAN HAI,TRANSWORLD-DADRI,01-04-26,07-04-26,33642
2191,SEGU9752116,IFF INDIA FROZEN FOODS PRIVATE LIMITED,WAN HAI,TRANSWORLD-DADRI,01-04-26,07-04-26,33632
593,SEGU9924766,IFF INDIA FROZEN FOODS PRIVATE LIMITED,WAN HAI,TRANSWORLD-DADRI,25-03-26,08-04-26,33345.4
679,SEGU9914367,HMA AGRO INDUSTRIES LTD,WAN HAI,TRANSWORLD-DADRI,24-03-26,08-04-26,33605.4
689,OTPU6818485,MARHABA FROZEN FOODS,WAN HAI,TRANSWORLD-DADRI,24-03-26,08-04-26,33632
734,FSCU5930800,PETAL EXPORTS,WAN HAI,TRANSWORLD-DADRI,23-03-26,08-04-26,33778
740,SEKU9080530,HMA AGRO INDUSTRIES LTD,WAN HAI,TRANSWORLD-DADRI,23-03-26,08-04-26,33892
859,OTPU6808511,AL-NASIR EXPORTS PVT LTD (U.P),WAN HAI,TRANSWORLD-DADRI,20-03-26,08-04-26,33421.6
861,FBIU5386548,IFF INDIA FROZEN FOODS PRIVATE LIMITED,WAN HAI,TRANSWORLD-DADRI,20-03-26,08-04-26,33716
864,FBIU5123120,HMA AGRO INDUSTRIES LTD,WAN HAI,TRANSWORLD-DADRI,20-03-26,08-04-26,33702
866,FBIU5302803,INTERNATIONAL AGRO FOODS,WAN HAI,TRANSWORLD-DADRI,20-03-26,08-04-26,33780
924,OTPU6686820,IFF INDIA FROZEN FOODS PRIVATE LIMITED,WAN HAI,TRANSWORLD-DADRI,19-03-26,08-04-26,33732.8
929,SEGU9924658,IFF INDIA FROZEN FOODS PRIVATE LIMITED,WAN HAI,TRANSWORLD-DADRI,19-03-26,08-04-26,33646
934,FBIU5303749,HMA AGRO INDUSTRIES LTD,WAN HAI,TRANSWORLD-DADRI,19-03-26,08-04-26,33780
935,SZLU9734311,HMA AGRO INDUSTRIES LTD,WAN HAI,TRANSWORLD-DADRI,19-03-26,08-04-26,33345.4
936,OTPU6811921,MARHABA FROZEN FOODS,WAN HAI,TRANSWORLD-DADRI,19-03-26,08-04-26,33732.8
942,SEGU9618149,HMA AGRO INDUSTRIES LTD,WAN HAI,TRANSWORLD-DADRI,19-03-26,08-04-26,33160.5
943,SEKU9176484,HMA AGRO INDUSTRIES LTD,WAN HAI,TRANSWORLD-DADRI,19-03-26,08-04-26,33632
944,OTPU6827337,HMA AGRO INDUSTRIES LTD,WAN HAI,TRANSWORLD-DADRI,19-03-26,08-04-26,33702
959,OTPU6808131,MARHABA FROZEN FOODS,WAN HAI,TRANSWORLD-DADRI,19-03-26,08-04-26,33642
961,OTPU6253780,IFF INDIA FROZEN FOODS PRIVATE LIMITED,WAN HAI,TRANSWORLD-DADRI,19-03-26,08-04-26,33702
962,FBIU5393418,MARHABA FROZEN FOODS,WAN HAI,TRANSWORLD-DADRI,19-03-26,08-04-26,33702
1018,FBIU5359521,HMA AGRO INDUSTRIES LTD,WAN HAI,TRANSWORLD-DADRI,18-03-26,08-04-26,33632
1021,FBIU5381720,HMA AGRO INDUSTRIES LTD,WAN HAI,TRANSWORLD-DADRI,18-03-26,08-04-26,33632
1022,OTPU6833978,HMA AGRO INDUSTRIES LTD,WAN HAI,TRANSWORLD-DADRI,18-03-26,08-04-26,33452
1023,OTPU6257527,HMA AGRO INDUSTRIES LTD,WAN HAI,TRANSWORLD-DADRI,18-03-26,08-04-26,33382
1025,OTPU6198337,INTERNATIONAL AGRO FOODS,WAN HAI,TRANSWORLD-DADRI,18-03-26,08-04-26,33632
1033,FBIU5119372,HMA AGRO INDUSTRIES LTD,WAN HAI,TRANSWORLD-DADRI,18-03-26,08-04-26,33692
1142,SEGU9856810,INTERNATIONAL AGRO FOODS,WAN HAI,TRANSWORLD-DADRI,16-03-26,08-04-26,33605.4
1148,SZLU9710557,AL-NASIR EXPORTS PVT LTD (U.P),WAN HAI,TRANSWORLD-DADRI,16-03-26,08-04-26,33632
1922,SEGU9484754,IFF INDIA FROZEN FOODS PRIVATE LIMITED,CORTEN,TRANSWORLD-DADRI,04-04-26,08-04-26,33712
1923,SEGU9398825,IFF INDIA FROZEN FOODS PRIVATE LIMITED,CORTEN,TRANSWORLD-DADRI,04-04-26,08-04-26,33991.75
1930,SEGU9349008,IFF INDIA FROZEN FOODS PRIVATE LIMITED,CORTEN,TRANSWORLD-DADRI,04-04-26,08-04-26,33632
1931,TTNU8163002,IFF INDIA FROZEN FOODS PRIVATE LIMITED,CORTEN,TRANSWORLD-DADRI,04-04-26,08-04-26,33592
1933,TRIU8924929,IFF INDIA FROZEN FOODS PRIVATE LIMITED,CORTEN,TRANSWORLD-DADRI,04-04-26,08-04-26,33670
1935,BMOU9836858,IFF INDIA FROZEN FOODS PRIVATE LIMITED,CORTEN,TRANSWORLD-DADRI,04-04-26,08-04-26,33732.8
2171,SEGU9174738,IFF INDIA FROZEN FOODS PRIVATE LIMITED,CMA,TRANSWORLD-DADRI,01-04-26,08-04-26,33632
107,FBIU5122714,HMA AGRO INDUSTRIES LTD,WAN HAI,TRANSWORLD-DADRI,30-01-26,05-05-26,33632
206,SEGU9929665,AL-NASIR EXPORTS PVT LTD (U.P),WAN HAI,TRANSWORLD-DADRI,29-01-26,05-05-26,33642
208,OTPU6685464,HMA AGRO INDUSTRIES LTD,WAN HAI,TRANSWORLD-DADRI,29-01-26,05-05-26,33632
211,SZLU9733491,IFF INDIA FROZEN FOODS PRIVATE LIMITED,WAN HAI,TRANSWORLD-DADRI,29-01-26,05-05-26,33345.4
214,OTPU6203011,IFF INDIA FROZEN FOODS PRIVATE LIMITED,WAN HAI,TRANSWORLD-DADRI,29-01-26,05-05-26,33605.4
315,FBIU5386949,IFF INDIA FROZEN FOODS PRIVATE LIMITED,WAN HAI,TRANSWORLD-DADRI,28-01-26,05-05-26,33632
318,SEKU9362658,AL-NASIR EXPORTS PVT LTD (U.P),WAN HAI,TRANSWORLD-DADRI,28-01-26,05-05-26,33778
320,SEGU9821011,IFF INDIA FROZEN FOODS PRIVATE LIMITED,WAN HAI,TRANSWORLD-DADRI,28-01-26,05-05-26,33892
329,SEGU9756256,AL-NASIR EXPORTS PVT LTD (U.P),WAN HAI,TRANSWORLD-DADRI,28-01-26,05-05-26,33421.6
1993,OTPU6203726,HMA AGRO INDUSTRIES LTD,WAN HAI,TRANSWORLD-DADRI,03-02-26,05-05-26,33716
1995,FBIU5297564,AL-NASIR EXPORTS PVT LTD (U.P),WAN HAI,TRANSWORLD-DADRI,03-02-26,05-05-26,33702
1996,OTPU6755896,AL-NASIR EXPORTS PVT LTD (U.P),WAN HAI,TRANSWORLD-DADRI,03-02-26,05-05-26,33780
2091,SEGU9701335,HMA AGRO INDUSTRIES LTD,WAN HAI,TRANSWORLD-DADRI,02-02-26,05-05-26,33732.8
2092,SEKU9299811,MIRHA EXPORTS PVT. LTD.(PUNJAB),WAN HAI,TRANSWORLD-DADRI,02-02-26,05-05-26,33646
2096,FBIU5388134,AL AAYAT FOOD EXPO PVT. LTD,WAN HAI,TRANSWORLD-DADRI,02-02-26,05-05-26,33780
715,FBIU5115551,AL-NASIR EXPORTS PVT LTD (U.P),WAN HAI,TRANSWORLD-DADRI,24-01-26,29-12-26,33345.4
786,OTPU6204656,AL AAYAT FOOD EXPO PVT. LTD,WAN HAI,TRANSWORLD-DADRI,23-01-26,29-12-26,33732.8
788,OTPU6201575,HMA AGRO INDUSTRIES LTD,WAN HAI,TRANSWORLD-DADRI,23-01-26,29-12-26,33160.5
790,OTPU6192935,AL-NASIR EXPORTS PVT LTD (U.P),WAN HAI,TRANSWORLD-DADRI,23-01-26,29-12-26,33632
828,SEGU9645798,HMA AGRO INDUSTRIES LTD,WAN HAI,TRANSWORLD-DADRI,21-01-26,29-12-26,33702
830,SEGU9914222,MIRHA EXPORTS PVT. LTD.(PUNJAB),WAN HAI,TRANSWORLD-DADRI,21-01-26,29-12-26,33642
833,SZLU9755504,HMA AGRO INDUSTRIES LTD,WAN HAI,TRANSWORLD-DADRI,21-01-26,29-12-26,33702
834,OTPU6829366,HMA AGRO INDUSTRIES LTD,WAN HAI,TRANSWORLD-DADRI,21-01-26,29-12-26,33702
30,FBIU5362633,HMA AGRO INDUSTRIES LTD,WAN HAI,TRANSWORLD-DADRI,30-12-25,31-12-26,33632
36,SEGU9927410,HMA AGRO INDUSTRIES LTD,WAN HAI,TRANSWORLD-DADRI,30-12-25,31-12-26,33632
111,SEGU9749703,IFF INDIA FROZEN FOODS PRIVATE LIMITED,WAN HAI,TRANSWORLD-DADRI,29-12-25,31-12-26,33452
117,OTPU6755725,AL-AALI EXPORTS PVT LTD-(UP),WAN HAI,TRANSWORLD-DADRI,29-12-25,31-12-26,33382
132,OTPU6810416,MEEM AGRO FOODS PVT LTD,WAN HAI,TRANSWORLD-DADRI,29-12-25,31-12-26,33632
141,FBIU5397711,IFF INDIA FROZEN FOODS PRIVATE LIMITED,WAN HAI,TRANSWORLD-DADRI,29-12-25,31-12-26,33692
17,RLTU2055264,HMA AGRO INDUSTRIES LTD,LEGEND,TRANSWORLD-DADRI,31-07-25,,
18,LEGU1222509,HMA AGRO INDUSTRIES LTD,LEGEND,TRANSWORLD-DADRI,31-07-25,,
19,RLTU2042821,HMA AGRO INDUSTRIES LTD,LEGEND,TRANSWORLD-DADRI,31-07-25,,
38,TRIU8839431,IFF INDIA FROZEN FOODS PRIVATE LIMITED,GOODRICH,TRANSWORLD-DADRI,30-10-25,,
39,SEGU9921670,HMA AGRO INDUSTRIES LTD,WAN HAI,TRANSWORLD-DADRI,30-10-25,,
40,TTNU8639383,HMA AGRO INDUSTRIES LTD,CMA,TRANSWORLD-DADRI,30-10-25,,
41,SEKU9343046,HMA AGRO INDUSTRIES LTD,WAN HAI,TRANSWORLD-DADRI,30-10-25,,
42,SEKU9150854,HMA AGRO INDUSTRIES LTD,WAN HAI,TRANSWORLD-DADRI,30-10-25,,
43,OTPU6199138,INTERNATIONAL AGRO FOODS,WAN HAI,TRANSWORLD-DADRI,30-10-25,,
44,TRIU8269724,IFF INDIA FROZEN FOODS PRIVATE LIMITED,GOODRICH,TRANSWORLD-DADRI,30-10-25,,
45,SEKU9166866,INTERNATIONAL AGRO FOODS,WAN HAI,TRANSWORLD-DADRI,30-10-25,,
46,HLBU9927673,IFF INDIA FROZEN FOODS PRIVATE LIMITED,HAPAG,TRANSWORLD-DADRI,30-10-25,,
47,OTPU6256686,HMA AGRO INDUSTRIES LTD,WAN HAI,TRANSWORLD-DADRI,30-10-25,,
48,HLBU6020312,INTERNATIONAL AGRO FOODS,HAPAG,TRANSWORLD-DADRI,30-08-25,,
49,EMCU5723340,MIRHA EXPORTS PVT. LTD.(PUNJAB),EVERGREEN,TRANSWORLD-DADRI,30-08-25,,
50,OTPU6216657,HMA AGRO INDUSTRIES LTD,EVERGREEN,TRANSWORLD-DADRI,30-08-25,,
51,TTNU8465189,IFF INDIA FROZEN FOODS PRIVATE LIMITED,CMA,TRANSWORLD-DADRI,30-08-25,,
52,OTPU6216702,IFF INDIA FROZEN FOODS PRIVATE LIMITED,EVERGREEN,TRANSWORLD-DADRI,30-08-25,,
53,ARKU5001525,IFF INDIA FROZEN FOODS PRIVATE LIMITED,ARKAS LINE,TRANSWORLD-DADRI,30-08-25,,
54,ARKU5029902,IFF INDIA FROZEN FOODS PRIVATE LIMITED,ARKAS LINE,TRANSWORLD-DADRI,30-08-25,,
55,FSCU5984392,IFF INDIA FROZEN FOODS PRIVATE LIMITED,OOCL,TRANSWORLD-DADRI,30-08-25,,
56,OTPU6254111,IFF INDIA FROZEN FOODS PRIVATE LIMITED,WAN HAI,TRANSWORLD-DADRI,30-08-25,,
57,SZLU9737239,AL-NASIR EXPORTS PVT LTD (U.P),WAN HAI,TRANSWORLD-DADRI,30-07-25,,
58,SEKU9192593,IFF INDIA FROZEN FOODS PRIVATE LIMITED,WAN HAI,TRANSWORLD-DADRI,30-07-25,,
59,ARKU5017692,AL AMMAR FROZEN FOOD EXPORTS PVT LTD,ARKAS LINE,TRANSWORLD-DADRI,30-07-25,,
60,ARKU5012659,AL AMMAR FROZEN FOOD EXPORTS PVT LTD,ARKAS LINE,TRANSWORLD-DADRI,30-07-25,,
61,GRMU4507239,PRAX IMPEX PRIVATE LIMITED,GOODRICH,TRANSWORLD-DADRI,30-07-25,,
62,ARKU5004669,AL-NASIR EXPORTS PVT LTD (U.P),ARKAS LINE,TRANSWORLD-DADRI,30-07-25,,
63,OTPU6676945,IFF INDIA FROZEN FOODS PRIVATE LIMITED,WAN HAI,TRANSWORLD-DADRI,30-07-25,,
64,ARKU5016356,AL AMMAR FROZEN FOOD EXPORTS PVT LTD,ARKAS LINE,TRANSWORLD-DADRI,30-07-25,,
65,OOLU6241960,IFF INDIA FROZEN FOODS PRIVATE LIMITED,OOCL,TRANSWORLD-DADRI,30-07-25,,
66,EMCU5481919,AL AMMAR FROZEN FOOD EXPORTS PVT LTD,EVERGREEN,TRANSWORLD-DADRI,30-07-25,,
67,GRMU5181086,PRAX IMPEX PRIVATE LIMITED,GOODRICH,TRANSWORLD-DADRI,30-07-25,,
68,GRMU4130058,PRAX IMPEX PRIVATE LIMITED,GOODRICH,TRANSWORLD-DADRI,30-07-25,,
69,SEKU9157041,IFF INDIA FROZEN FOODS PRIVATE LIMITED,WAN HAI,TRANSWORLD-DADRI,30-07-25,,
70,ARKU5005990,AL AMMAR FROZEN FOOD EXPORTS PVT LTD,ARKAS LINE,TRANSWORLD-DADRI,30-07-25,,
84,GMOU8877097,INTERNATIONAL AGRO FOODS,GOLD STAR,TRANSWORLD-DADRI,30-03-26,,
143,ARKU5031427,IFF INDIA FROZEN FOODS PRIVATE LIMITED,ARKAS LINE,TRANSWORLD-DADRI,29-11-25,,
144,ARKU5030858,IFF INDIA FROZEN FOODS PRIVATE LIMITED,ARKAS LINE,TRANSWORLD-DADRI,29-11-25,,
145,TCLU1324023,HMA AGRO INDUSTRIES LTD,CMA,TRANSWORLD-DADRI,29-11-25,,
146,CGMU5680916,IFF INDIA FROZEN FOODS PRIVATE LIMITED,CMA,TRANSWORLD-DADRI,29-11-25,,
147,TEMU9267729,HMA AGRO INDUSTRIES LTD,CMA,TRANSWORLD-DADRI,29-11-25,,
148,TTNU8239279,HMA AGRO INDUSTRIES LTD,CMA,TRANSWORLD-DADRI,29-11-25,,
149,TTNU8304564,HMA AGRO INDUSTRIES LTD,CMA,TRANSWORLD-DADRI,29-11-25,,
150,ARKU5028064,IFF INDIA FROZEN FOODS PRIVATE LIMITED,ARKAS LINE,TRANSWORLD-DADRI,29-11-25,,
151,TTNU8961574,HMA AGRO INDUSTRIES LTD,CMA,TRANSWORLD-DADRI,29-11-25,,
152,TCLU1336003,AL AMMAR FROZEN FOOD EXPORTS PVT LTD,CMA,TRANSWORLD-DADRI,29-11-25,,
153,SEGU9924920,IFF INDIA FROZEN FOODS PRIVATE LIMITED,WAN HAI,TRANSWORLD-DADRI,29-11-25,,
154,CXRU1359243,HMA AGRO INDUSTRIES LTD,CMA,TRANSWORLD-DADRI,29-11-25,,
155,CGMU5326564,AL-NASIR EXPORTS PVT LTD (U.P),CMA,TRANSWORLD-DADRI,29-10-25,,
156,CGMU5465282,HMA AGRO INDUSTRIES LTD,CMA,TRANSWORLD-DADRI,29-10-25,,
157,SEGU9537556,HMA AGRO INDUSTRIES LTD,CMA,TRANSWORLD-DADRI,29-10-25,,
158,FBIU5263203,HMA AGRO INDUSTRIES LTD,OCEAN,TRANSWORLD-DADRI,29-10-25,,
159,CAIU5588687,HMA AGRO INDUSTRIES LTD,CMA,TRANSWORLD-DADRI,29-10-25,,
160,MORU5814877,IFF INDIA FROZEN FOODS PRIVATE LIMITED,GOODRICH,TRANSWORLD-DADRI,29-10-25,,
161,TRIU8852557,IFF INDIA FROZEN FOODS PRIVATE LIMITED,GOODRICH,TRANSWORLD-DADRI,29-10-25,,
162,TEMU9185662,AL-AALI EXPORTS PVT LTD-(UP),OCEAN,TRANSWORLD-DADRI,29-10-25,,
163,ONEU9326714,AL-NASIR EXPORTS PVT LTD (U.P),OCEAN,TRANSWORLD-DADRI,29-10-25,,
164,TTNU8890249,HMA AGRO INDUSTRIES LTD,CMA,TRANSWORLD-DADRI,29-10-25,,
165,EMCU5689800,HMA AGRO INDUSTRIES LTD,EVERGREEN,TRANSWORLD-DADRI,29-10-25,,
166,CGMU5232296,HMA AGRO INDUSTRIES LTD,CMA,TRANSWORLD-DADRI,29-10-25,,
167,SILU7012716,HMA AGRO INDUSTRIES LTD,CMA,TRANSWORLD-DADRI,29-10-25,,
168,SEKU9159996,MIRHA EXPORTS PVT. LTD.(PUNJAB),WAN HAI,TRANSWORLD-DADRI,29-10-25,,
169,TTNU8958502,HMA AGRO INDUSTRIES LTD,CMA,TRANSWORLD-DADRI,29-10-25,,
170,SEGU9554830,HMA AGRO INDUSTRIES LTD,CMA,TRANSWORLD-DADRI,29-10-25,,
171,TLLU1070945,HMA AGRO INDUSTRIES LTD,CMA,TRANSWORLD-DADRI,29-10-25,,
172,FSCU5752062,HMA AGRO INDUSTRIES LTD,OCEAN,TRANSWORLD-DADRI,29-10-25,,
173,CGMU9339261,AL HASSAN OVRESEAS  PVT LTD-UP,CMA,TRANSWORLD-DADRI,29-08-25,,
174,SEGU9858279,HMA AGRO INDUSTRIES LTD,WAN HAI,TRANSWORLD-DADRI,29-08-25,,
175,OTPU6774659,HMA AGRO INDUSTRIES LTD,WAN HAI,TRANSWORLD-DADRI,29-08-25,,
176,FBIU5123562,HMA AGRO INDUSTRIES LTD,WAN HAI,TRANSWORLD-DADRI,29-08-25,,
177,OTPU6679728,HMA AGRO INDUSTRIES LTD,WAN HAI,TRANSWORLD-DADRI,29-08-25,,
178,EMCU5684372,IFF INDIA FROZEN FOODS PRIVATE LIMITED,EVERGREEN,TRANSWORLD-DADRI,29-08-25,,
179,OTPU6213806,AL AMMAR FROZEN FOOD EXPORTS PVT LTD,EVERGREEN,TRANSWORLD-DADRI,29-08-25,,
180,TEMU9076506,HMA AGRO INDUSTRIES LTD,CMA,TRANSWORLD-DADRI,29-08-25,,
181,EMCU5709906,AL AMMAR FROZEN FOOD EXPORTS PVT LTD,EVERGREEN,TRANSWORLD-DADRI,29-08-25,,
182,SEGU9932416,INTERNATIONAL AGRO FOODS,WAN HAI,TRANSWORLD-DADRI,29-08-25,,
183,SEKU9162731,IFF INDIA FROZEN FOODS PRIVATE LIMITED,WAN HAI,TRANSWORLD-DADRI,29-08-25,,
184,ARKU5024460,PURE FOODSTUFF PRIVATE LIMITED,ARKAS LINE,TRANSWORLD-DADRI,29-08-25,,
185,ARKU5011020,PURE FOODSTUFF PRIVATE LIMITED,ARKAS LINE,TRANSWORLD-DADRI,29-08-25,,
186,FSCU5935905,HMA AGRO INDUSTRIES LTD,WAN HAI,TRANSWORLD-DADRI,29-08-25,,
187,OTPU6759470,IFF INDIA FROZEN FOODS PRIVATE LIMITED,WAN HAI,TRANSWORLD-DADRI,29-08-25,,
188,OTPU6676884,RAYBAN FROZEN FOODS PVT.LTD,WAN HAI,TRANSWORLD-DADRI,29-07-25,,
189,EMCU5743259,AL AAYAT FOOD EXPO PVT. LTD,EVERGREEN,TRANSWORLD-DADRI,29-07-25,,
190,SEKU9363485,AL-NASIR EXPORTS PVT LTD (U.P),WAN HAI,TRANSWORLD-DADRI,29-07-25,,
191,SEKU9084536,IFF INDIA FROZEN FOODS PRIVATE LIMITED,WAN HAI,TRANSWORLD-DADRI,29-07-25,,
192,CGMU5097540,HMA AGRO INDUSTRIES LTD,CMA,TRANSWORLD-DADRI,29-07-25,,
193,TTNU8280694,HMA AGRO INDUSTRIES LTD,CMA,TRANSWORLD-DADRI,29-07-25,,
194,CXRU1619823,HMA AGRO INDUSTRIES LTD,CMA,TRANSWORLD-DADRI,29-07-25,,
195,SEGU9702347,AL-NASIR EXPORTS PVT LTD (U.P),WAN HAI,TRANSWORLD-DADRI,29-07-25,,
196,TEMU9422152,HMA AGRO INDUSTRIES LTD,CMA,TRANSWORLD-DADRI,29-07-25,,
197,CGMU5192547,HMA AGRO INDUSTRIES LTD,CMA,TRANSWORLD-DADRI,29-07-25,,
198,TCLU1132165,HMA AGRO INDUSTRIES LTD,CMA,TRANSWORLD-DADRI,29-07-25,,
199,SEGU9637220,AL-NASIR EXPORTS PVT LTD (U.P),WAN HAI,TRANSWORLD-DADRI,29-07-25,,
200,HLXU8764985,IFF INDIA FROZEN FOODS PRIVATE LIMITED,HAPAG,TRANSWORLD-DADRI,29-07-25,,
201,TRIU8071786,HMA AGRO INDUSTRIES LTD,CMA,TRANSWORLD-DADRI,29-07-25,,
202,GESU9585420,HMA AGRO INDUSTRIES LTD,CMA,TRANSWORLD-DADRI,29-07-25,,
203,TEMU9333749,AL AMMAR FROZEN FOOD EXPORTS PVT LTD,HAPAG,TRANSWORLD-DADRI,29-07-25,,
204,EMCU5699789,HMA AGRO INDUSTRIES LTD,EVERGREEN,TRANSWORLD-DADRI,29-07-25,,
217,SEKU9191370,IFF INDIA FROZEN FOODS PRIVATE LIMITED,WAN HAI,TRANSWORLD-DADRI,28-11-25,,
218,FBIU5118801,IFF INDIA FROZEN FOODS PRIVATE LIMITED,WAN HAI,TRANSWORLD-DADRI,28-11-25,,
219,EGSU5083318,HMA AGRO INDUSTRIES LTD,EVERGREEN,TRANSWORLD-DADRI,28-11-25,,
220,OOLU6459524,MEEM AGRO FOODS PVT LTD,OOCL,TRANSWORLD-DADRI,28-11-25,,
221,SEKU9300954,IFF INDIA FROZEN FOODS PRIVATE LIMITED,WAN HAI,TRANSWORLD-DADRI,28-11-25,,
222,OTPU6677540,IFF INDIA FROZEN FOODS PRIVATE LIMITED,WAN HAI,TRANSWORLD-DADRI,28-11-25,,
223,TTNU8603502,PETAL EXPORTS,CMA,TRANSWORLD-DADRI,28-11-25,,
224,TRIU8985328,IFF INDIA FROZEN FOODS PRIVATE LIMITED,JODAC SHIPPING LINE PVT LTD,TRANSWORLD-DADRI,28-11-25,,
225,FBIU5381145,AL-NASIR EXPORTS PVT LTD (U.P),WAN HAI,TRANSWORLD-DADRI,28-11-25,,
226,SEGU9916101,IFF INDIA FROZEN FOODS PRIVATE LIMITED,WAN HAI,TRANSWORLD-DADRI,28-11-25,,
227,FBIU5303266,AL-AALI EXPORTS PVT LTD-(UP),WAN HAI,TRANSWORLD-DADRI,28-11-25,,
228,OTPU6257023,AL AAYAT FOOD EXPO PVT. LTD,WAN HAI,TRANSWORLD-DADRI,28-11-25,,
229,HLBU9149134,IFF INDIA FROZEN FOODS PRIVATE LIMITED,HAPAG,TRANSWORLD-DADRI,28-11-25,,
230,FBIU5567042,HMA AGRO INDUSTRIES LTD,KMTC,TRANSWORLD-DADRI,28-11-25,,
231,SZLU9238477,HMA AGRO INDUSTRIES LTD,KMTC,TRANSWORLD-DADRI,28-11-25,,
232,EGSU5057026,HMA AGRO INDUSTRIES LTD,EVERGREEN,TRANSWORLD-DADRI,28-11-25,,
233,ARKU5011930,IFF INDIA FROZEN FOODS PRIVATE LIMITED,ARKAS LINE,TRANSWORLD-DADRI,28-10-25,,
234,OTPU6202761,INTERNATIONAL AGRO FOODS,WAN HAI,TRANSWORLD-DADRI,28-10-25,,
235,CXRU1044035,IFF INDIA FROZEN FOODS PRIVATE LIMITED,HAPAG,TRANSWORLD-DADRI,28-10-25,,
236,OTPU6759762,HMA AGRO INDUSTRIES LTD,WAN HAI,TRANSWORLD-DADRI,28-10-25,,
237,SEGU9925443,INTERNATIONAL AGRO FOODS,WAN HAI,TRANSWORLD-DADRI,28-10-25,,
238,EMCU5426402,HMA AGRO INDUSTRIES LTD,EVERGREEN,TRANSWORLD-DADRI,28-10-25,,
239,CGMU5353024,HMA AGRO INDUSTRIES LTD,CMA,TRANSWORLD-DADRI,28-10-25,,
240,ARKU5035736,IFF INDIA FROZEN FOODS PRIVATE LIMITED,ARKAS LINE,TRANSWORLD-DADRI,28-10-25,,
241,EMCU5643244,AL AMMAR FROZEN FOOD EXPORTS PVT LTD,EVERGREEN,TRANSWORLD-DADRI,28-10-25,,
242,EMCU5468970,AL-NASIR EXPORTS PVT LTD (U.P),EVERGREEN,TRANSWORLD-DADRI,28-10-25,,
243,ONEU9309297,AL-NASIR EXPORTS PVT LTD (U.P),OCEAN,TRANSWORLD-DADRI,28-10-25,,
244,TLLU1209244,AL-AALI EXPORTS PVT LTD-(UP),OCEAN,TRANSWORLD-DADRI,28-10-25,,
245,SEGU9928247,INTERNATIONAL AGRO FOODS,WAN HAI,TRANSWORLD-DADRI,28-10-25,,
246,CXRU1122441,HMA AGRO INDUSTRIES LTD,CMA,TRANSWORLD-DADRI,28-10-25,,
247,EMCU5549156,AL AMMAR FROZEN FOOD EXPORTS PVT LTD,EVERGREEN,TRANSWORLD-DADRI,28-10-25,,
248,FSCU5823757,AL-AALI EXPORTS PVT LTD-(UP),OCEAN,TRANSWORLD-DADRI,28-10-25,,
249,CAIU5695520,HMA AGRO INDUSTRIES LTD,CMA,TRANSWORLD-DADRI,28-10-25,,
250,OTPU6205518,INTERNATIONAL AGRO FOODS,WAN HAI,TRANSWORLD-DADRI,28-10-25,,
251,FBIU5293912,AL-NASIR EXPORTS PVT LTD (U.P),WAN HAI,TRANSWORLD-DADRI,28-10-25,,
252,CGMU5262095,HMA AGRO INDUSTRIES LTD,CMA,TRANSWORLD-DADRI,28-10-25,,
253,SEGU9057990,HMA AGRO INDUSTRIES LTD,CMA,TRANSWORLD-DADRI,28-10-25,,
254,OTPU6676605,INTERNATIONAL AGRO FOODS,WAN HAI,TRANSWORLD-DADRI,28-10-25,,
255,ONEU9025027,ANAA TRADERS,OCEAN,TRANSWORLD-DADRI,28-10-25,,
256,ONEU9333890,AL-NASIR EXPORTS PVT LTD (U.P),OCEAN,TRANSWORLD-DADRI,28-10-25,,
257,ARKU5030570,IFF INDIA FROZEN FOODS PRIVATE LIMITED,ARKAS LINE,TRANSWORLD-DADRI,28-10-25,,
258,CXRU1359433,HMA AGRO INDUSTRIES LTD,CMA,TRANSWORLD-DADRI,28-08-25,,
259,TRIU8359350,PRAX IMPEX PRIVATE LIMITED,GOODRICH,TRANSWORLD-DADRI,28-08-25,,
260,ARKU5019720,AL AMMAR FROZEN FOOD EXPORTS PVT LTD,ARKAS LINE,TRANSWORLD-DADRI,28-08-25,,
261,FSCU5930740,AL HASSAN OVRESEAS  PVT LTD-UP,WAN HAI,TRANSWORLD-DADRI,28-08-25,,
262,SEGU9857375,HMA AGRO INDUSTRIES LTD,WAN HAI,TRANSWORLD-DADRI,28-08-25,,
263,ARKU5015529,IFF INDIA FROZEN FOODS PRIVATE LIMITED,ARKAS LINE,TRANSWORLD-DADRI,28-08-25,,
264,SEGU9951817,HMA AGRO INDUSTRIES LTD,WAN HAI,TRANSWORLD-DADRI,28-08-25,,
265,CGMU5383780,AL AAYAT FOOD EXPO PVT. LTD,CMA,TRANSWORLD-DADRI,28-08-25,,
266,EMCU5703847,HMA AGRO INDUSTRIES LTD,EVERGREEN,TRANSWORLD-DADRI,28-08-25,,
267,SEKU9167857,AL AAYAT FOOD EXPO PVT. LTD,WAN HAI,TRANSWORLD-DADRI,28-08-25,,
268,FBIU5362588,AL AAYAT FOOD EXPO PVT. LTD,WAN HAI,TRANSWORLD-DADRI,28-08-25,,
269,TLLU1184043,AL AMMAR FROZEN FOOD EXPORTS PVT LTD,EVERGREEN,TRANSWORLD-DADRI,28-08-25,,
270,TRIU8246565,PRAX IMPEX PRIVATE LIMITED,GOODRICH,TRANSWORLD-DADRI,28-08-25,,
271,APRU5098935,PRAX IMPEX PRIVATE LIMITED,GOODRICH,TRANSWORLD-DADRI,28-08-25,,
272,OOLU6452617,AL AMMAR FROZEN FOOD EXPORTS PVT LTD,OOCL,TRANSWORLD-DADRI,28-08-25,,
273,OOLU6294614,AL AMMAR FROZEN FOOD EXPORTS PVT LTD,OOCL,TRANSWORLD-DADRI,28-08-25,,
274,EMCU5717033,AL AMMAR FROZEN FOOD EXPORTS PVT LTD,EVERGREEN,TRANSWORLD-DADRI,28-08-25,,
275,EMCU5672371,AL AMMAR FROZEN FOOD EXPORTS PVT LTD,EVERGREEN,TRANSWORLD-DADRI,28-08-25,,
276,FBIU5379997,HMA AGRO INDUSTRIES LTD,WAN HAI,TRANSWORLD-DADRI,28-08-25,,
277,ARKU5029250,AL AMMAR FROZEN FOOD EXPORTS PVT LTD,ARKAS LINE,TRANSWORLD-DADRI,28-08-25,,
278,OTPU6686650,HMA AGRO INDUSTRIES LTD,WAN HAI,TRANSWORLD-DADRI,28-08-25,,
279,EMCU5730987,HMA AGRO INDUSTRIES LTD,EVERGREEN,TRANSWORLD-DADRI,28-08-25,,
280,OTPU6225896,INTERNATIONAL AGRO FOODS,WAN HAI,TRANSWORLD-DADRI,28-08-25,,
281,FBIU5395895,HMA AGRO INDUSTRIES LTD,WAN HAI,TRANSWORLD-DADRI,28-08-25,,
282,FBIU5297121,AL-NASIR EXPORTS PVT LTD (U.P),WAN HAI,TRANSWORLD-DADRI,28-07-25,,
283,EMCU5690020,AL AAYAT FOOD EXPO PVT. LTD,EVERGREEN,TRANSWORLD-DADRI,28-07-25,,
284,EXFU0718277,HMA AGRO INDUSTRIES LTD,GOODRICH,TRANSWORLD-DADRI,28-07-25,,
285,OTPU6226465,IFF INDIA FROZEN FOODS PRIVATE LIMITED,WAN HAI,TRANSWORLD-DADRI,28-07-25,,
286,SEGU9930429,IFF INDIA FROZEN FOODS PRIVATE LIMITED,WAN HAI,TRANSWORLD-DADRI,28-07-25,,
287,EXFU5506521,HMA AGRO INDUSTRIES LTD,GOODRICH,TRANSWORLD-DADRI,28-07-25,,
288,SEGU9930727,AL-NASIR EXPORTS PVT LTD (U.P),WAN HAI,TRANSWORLD-DADRI,28-07-25,,
289,OOLU6451565,AL AMMAR FROZEN FOOD EXPORTS PVT LTD,OOCL,TRANSWORLD-DADRI,28-07-25,,
290,FBIU5382856,AL-NASIR EXPORTS PVT LTD (U.P),WAN HAI,TRANSWORLD-DADRI,28-07-25,,
291,EXFU5637054,HMA AGRO INDUSTRIES LTD,GOODRICH,TRANSWORLD-DADRI,28-07-25,,
292,CXTU1098492,HMA AGRO INDUSTRIES LTD,GOODRICH,TRANSWORLD-DADRI,28-07-25,,
293,GRMU9184946,HMA AGRO INDUSTRIES LTD,GOODRICH,TRANSWORLD-DADRI,28-07-25,,
294,OTPU6217740,AL AAYAT FOOD EXPO PVT. LTD,EVERGREEN,TRANSWORLD-DADRI,28-07-25,,
295,FBIU5385259,AL AAYAT FOOD EXPO PVT. LTD,WAN HAI,TRANSWORLD-DADRI,28-07-25,,
296,HLBU9198910,PURE FOODSTUFF PRIVATE LIMITED,HAPAG,TRANSWORLD-DADRI,28-07-25,,
331,SEKU9304224,IFF INDIA FROZEN FOODS PRIVATE LIMITED,WAN HAI,TRANSWORLD-DADRI,27-12-25,,
335,OTPU6667774,AL-AALI EXPORTS PVT LTD-(UP),WAN HAI,TRANSWORLD-DADRI,27-12-25,,
337,GCXU8013310,ARS AGRO FOODS,ARKAS LINE,TRANSWORLD-DADRI,27-12-25,,
352,ARKU5023397,ARS AGRO FOODS,ARKAS LINE,TRANSWORLD-DADRI,27-11-25,,
353,OOLU6260960,AL-NASIR EXPORTS PVT LTD (U.P),OOCL,TRANSWORLD-DADRI,27-11-25,,
354,CGMU5557882,AL-NASIR EXPORTS PVT LTD (U.P),CMA,TRANSWORLD-DADRI,27-11-25,,
355,CGMU5067102,IFF INDIA FROZEN FOODS PRIVATE LIMITED,CMA,TRANSWORLD-DADRI,27-11-25,,
356,CXRU1280961,HMA AGRO INDUSTRIES LTD,CMA,TRANSWORLD-DADRI,27-11-25,,
357,SEGU9719308,HMA AGRO INDUSTRIES LTD,KMTC,TRANSWORLD-DADRI,27-11-25,,
358,SEGU9923158,IFF INDIA FROZEN FOODS PRIVATE LIMITED,WAN HAI,TRANSWORLD-DADRI,27-11-25,,
359,SEKU9371290,IFF INDIA FROZEN FOODS PRIVATE LIMITED,WAN HAI,TRANSWORLD-DADRI,27-11-25,,
360,SZLU9710270,AL-AALI EXPORTS PVT LTD-(UP),WAN HAI,TRANSWORLD-DADRI,27-11-25,,
361,TTNU8375608,HMA AGRO INDUSTRIES LTD,CMA,TRANSWORLD-DADRI,27-11-25,,
362,SZLU9748845,IFF INDIA FROZEN FOODS PRIVATE LIMITED,WAN HAI,TRANSWORLD-DADRI,27-11-25,,
363,TTNU8753204,IFF INDIA FROZEN FOODS PRIVATE LIMITED,OCEAN,TRANSWORLD-DADRI,27-11-25,,
364,TTNU8265956,HMA AGRO INDUSTRIES LTD,CMA,TRANSWORLD-DADRI,27-11-25,,
365,OTPU6660907,HMA AGRO INDUSTRIES LTD,KMTC,TRANSWORLD-DADRI,27-11-25,,
366,SZLU9368594,HMA AGRO INDUSTRIES LTD,KMTC,TRANSWORLD-DADRI,27-11-25,,
367,SEKU9077840,IFF INDIA FROZEN FOODS PRIVATE LIMITED,WAN HAI,TRANSWORLD-DADRI,27-11-25,,
368,CGMU5328443,HMA AGRO INDUSTRIES LTD,CMA,TRANSWORLD-DADRI,27-11-25,,
369,FBIU5261387,RAYBAN FROZEN FOODS PVT.LTD,OCEAN,TRANSWORLD-DADRI,27-11-25,,
370,OOLU6507664,IFF INDIA FROZEN FOODS PRIVATE LIMITED,OOCL,TRANSWORLD-DADRI,27-11-25,,
371,SEKU9299299,MIRHA EXPORTS PVT. LTD.(PUNJAB),WAN HAI,TRANSWORLD-DADRI,27-11-25,,
372,SEKU9109629,IFF INDIA FROZEN FOODS PRIVATE LIMITED,WAN HAI,TRANSWORLD-DADRI,27-11-25,,
373,CGMU5061594,AL-NASIR EXPORTS PVT LTD (U.P),CMA,TRANSWORLD-DADRI,27-11-25,,
374,OTPU6681710,HMA AGRO INDUSTRIES LTD,WAN HAI,TRANSWORLD-DADRI,27-10-25,,
375,ONEU9003985,MIRHA EXPORTS PVT. LTD.(PUNJAB),OCEAN,TRANSWORLD-DADRI,27-10-25,,
376,SEGU9240737,AL-NASIR EXPORTS PVT LTD (U.P),CMA,TRANSWORLD-DADRI,27-10-25,,
377,EMCU5690652,MIRHA EXPORTS PVT. LTD.(PUNJAB),EVERGREEN,TRANSWORLD-DADRI,27-10-25,,
378,TTNU8232063,HMA AGRO INDUSTRIES LTD,CMA,TRANSWORLD-DADRI,27-10-25,,
379,OTPU6195410,HMA AGRO INDUSTRIES LTD,WAN HAI,TRANSWORLD-DADRI,27-10-25,,
380,HLBU6114197,IFF INDIA FROZEN FOODS PRIVATE LIMITED,HAPAG,TRANSWORLD-DADRI,27-10-25,,
381,FBIU5302640,AL-NASIR EXPORTS PVT LTD (U.P),WAN HAI,TRANSWORLD-DADRI,27-10-25,,
382,CGMU9379691,HMA AGRO INDUSTRIES LTD,CMA,TRANSWORLD-DADRI,27-10-25,,
383,SEKU9080443,MIRHA EXPORTS PVT. LTD.(PUNJAB),WAN HAI,TRANSWORLD-DADRI,27-10-25,,
384,SEKU9245630,HMA AGRO INDUSTRIES LTD,CMA,TRANSWORLD-DADRI,27-10-25,,
385,HLBU9303656,TEGH AGRO FOODS PRIVATE LIMITED,HAPAG,TRANSWORLD-DADRI,27-10-25,,
386,OTPU6678784,AL-AALI EXPORTS PVT LTD-(UP),WAN HAI,TRANSWORLD-DADRI,27-10-25,,
387,SEKU9111204,AL-NASIR EXPORTS PVT LTD (U.P),WAN HAI,TRANSWORLD-DADRI,27-08-25,,
388,ARKU5026225,IFF INDIA FROZEN FOODS PRIVATE LIMITED,ARKAS LINE,TRANSWORLD-DADRI,27-08-25,,
389,EMCU5386402,AL AMMAR FROZEN FOOD EXPORTS PVT LTD,EVERGREEN,TRANSWORLD-DADRI,27-08-25,,
390,EMCU5631984,HMA AGRO INDUSTRIES LTD,EVERGREEN,TRANSWORLD-DADRI,27-08-25,,
391,SEGU9703596,INTERNATIONAL AGRO FOODS,WAN HAI,TRANSWORLD-DADRI,27-08-25,,
392,FBIU5294101,HMA AGRO INDUSTRIES LTD,WAN HAI,TRANSWORLD-DADRI,27-08-25,,
393,FBIU5361555,HMA AGRO INDUSTRIES LTD,WAN HAI,TRANSWORLD-DADRI,27-08-25,,
394,EMCU5548890,AL-NASIR EXPORTS PVT LTD (U.P),EVERGREEN,TRANSWORLD-DADRI,27-08-25,,
395,CAIU5660288,AL AMMAR FROZEN FOOD EXPORTS PVT LTD,CMA,TRANSWORLD-DADRI,27-08-25,,
396,EMCU5718997,AL AMMAR FROZEN FOOD EXPORTS PVT LTD,EVERGREEN,TRANSWORLD-DADRI,27-08-25,,
397,EMCU5663019,IFF INDIA FROZEN FOODS PRIVATE LIMITED,EVERGREEN,TRANSWORLD-DADRI,27-08-25,,
399,EMCU5626611,HMA AGRO INDUSTRIES LTD,EVERGREEN,TRANSWORLD-DADRI,27-08-25,,
400,OTPU6202308,HMA AGRO INDUSTRIES LTD,WAN HAI,TRANSWORLD-DADRI,27-08-25,,
401,OTPU6216338,AL AMMAR FROZEN FOOD EXPORTS PVT LTD,EVERGREEN,TRANSWORLD-DADRI,27-08-25,,
403,OTPU6211594,IFF INDIA FROZEN FOODS PRIVATE LIMITED,EVERGREEN,TRANSWORLD-DADRI,27-08-25,,
404,SEKU9175826,MIRHA EXPORTS PVT. LTD.(PUNJAB),WAN HAI,TRANSWORLD-DADRI,27-07-25,,
450,EMCU5652349,AL-NASIR EXPORTS PVT LTD (U.P),EVERGREEN,TRANSWORLD-DADRI,26-12-25,,
451,SEKU9185341,IFF INDIA FROZEN FOODS PRIVATE LIMITED,WAN HAI,TRANSWORLD-DADRI,26-12-25,,
452,EGSU5028500,AL AMMAR FROZEN FOOD EXPORTS PVT LTD,EVERGREEN,TRANSWORLD-DADRI,26-12-25,,
459,EGSU5101108,AL-NASIR EXPORTS PVT LTD (U.P),EVERGREEN,TRANSWORLD-DADRI,26-12-25,,
461,ARKU5023993,IFF INDIA FROZEN FOODS PRIVATE LIMITED,ARKAS LINE,TRANSWORLD-DADRI,26-12-25,,
463,EMCU5732260,AL AMMAR FROZEN FOOD EXPORTS PVT LTD,EVERGREEN,TRANSWORLD-DADRI,26-12-25,,
464,EMCU5605223,AL AMMAR FROZEN FOOD EXPORTS PVT LTD,EVERGREEN,TRANSWORLD-DADRI,26-12-25,,
468,FBIU5122165,IFF INDIA FROZEN FOODS PRIVATE LIMITED,WAN HAI,TRANSWORLD-DADRI,26-12-25,,
472,EMCU5589708,HMA AGRO INDUSTRIES LTD,EVERGREEN,TRANSWORLD-DADRI,26-12-25,,
473,EMCU5713655,HMA AGRO INDUSTRIES LTD,EVERGREEN,TRANSWORLD-DADRI,26-12-25,,
476,FSCU5707248,AL-AALI EXPORTS PVT LTD-(UP),WAN HAI,TRANSWORLD-DADRI,26-12-25,,
477,ARKU5033245,IFF INDIA FROZEN FOODS PRIVATE LIMITED,ARKAS LINE,TRANSWORLD-DADRI,26-12-25,,
478,OTPU6776380,IFF INDIA FROZEN FOODS PRIVATE LIMITED,WAN HAI,TRANSWORLD-DADRI,26-11-25,,
479,EMCU5590020,AL-NASIR EXPORTS PVT LTD (U.P),EVERGREEN,TRANSWORLD-DADRI,26-11-25,,
480,CXRU1183196,AL HASSAN OVRESEAS  PVT LTD-UP,OCEAN,TRANSWORLD-DADRI,26-11-25,,
481,SEKU9083463,IFF INDIA FROZEN FOODS PRIVATE LIMITED,WAN HAI,TRANSWORLD-DADRI,26-11-25,,
482,EMCU5418726,HMA AGRO INDUSTRIES LTD,EVERGREEN,TRANSWORLD-DADRI,26-11-25,,
483,EGSU5081953,HMA AGRO INDUSTRIES LTD,EVERGREEN,TRANSWORLD-DADRI,26-11-25,,
484,HLBU9337050,IFF INDIA FROZEN FOODS PRIVATE LIMITED,HAPAG,TRANSWORLD-DADRI,26-11-25,,
485,EGSU5041122,HMA AGRO INDUSTRIES LTD,EVERGREEN,TRANSWORLD-DADRI,26-11-25,,
486,SEGU9929182,AL-AALI EXPORTS PVT LTD-(UP),WAN HAI,TRANSWORLD-DADRI,26-11-25,,
487,EMCU5390850,HMA AGRO INDUSTRIES LTD,EVERGREEN,TRANSWORLD-DADRI,26-11-25,,
488,OTPU6799533,IFF INDIA FROZEN FOODS PRIVATE LIMITED,WAN HAI,TRANSWORLD-DADRI,26-11-25,,
489,SZLU9708415,IFF INDIA FROZEN FOODS PRIVATE LIMITED,WAN HAI,TRANSWORLD-DADRI,26-11-25,,
490,OTPU6199863,AL-NASIR EXPORTS PVT LTD (U.P),WAN HAI,TRANSWORLD-DADRI,26-08-25,,
491,EMCU5743006,INTERNATIONAL AGRO FOODS,EVERGREEN,TRANSWORLD-DADRI,26-08-25,,
492,OTPU6684940,AL-NASIR EXPORTS PVT LTD (U.P),WAN HAI,TRANSWORLD-DADRI,26-08-25,,
493,EGSU5049782,INTERNATIONAL AGRO FOODS,EVERGREEN,TRANSWORLD-DADRI,26-08-25,,
494,FBIU5565970,AL AMMAR FROZEN FOOD EXPORTS PVT LTD,KMTC,TRANSWORLD-DADRI,26-08-25,,
495,CGMU5310254,HMA AGRO INDUSTRIES LTD,CMA,TRANSWORLD-DADRI,26-08-25,,
496,FBIU5303353,ANAA TRADERS,WAN HAI,TRANSWORLD-DADRI,26-08-25,,
497,TTNU8020172,PRAX IMPEX PRIVATE LIMITED,GOODRICH,TRANSWORLD-DADRI,26-07-25,,
498,CXRU1310198,IFF INDIA FROZEN FOODS PRIVATE LIMITED,HAPAG,TRANSWORLD-DADRI,26-07-25,,
499,TEMU9105501,PRAX IMPEX PRIVATE LIMITED,GOODRICH,TRANSWORLD-DADRI,26-07-25,,
500,CRLU1399370,IFF INDIA FROZEN FOODS PRIVATE LIMITED,TURKON LINE,TRANSWORLD-DADRI,26-07-25,,
501,TRIU6632260,PURE FOODSTUFF PRIVATE LIMITED,GOODRICH,TRANSWORLD-DADRI,26-07-25,,
502,KKFU6711719,PRAX IMPEX PRIVATE LIMITED,GOODRICH,TRANSWORLD-DADRI,26-07-25,,
503,SEKU9341470,IFF INDIA FROZEN FOODS PRIVATE LIMITED,WAN HAI,TRANSWORLD-DADRI,26-07-25,,
529,TCLU1331594,HMA AGRO INDUSTRIES LTD,CMA,TRANSWORLD-DADRI,25-11-25,,
530,CGMU5292818,AL-NASIR EXPORTS PVT LTD (U.P),CMA,TRANSWORLD-DADRI,25-11-25,,
531,HLXU8787018,AL AMMAR FROZEN FOOD EXPORTS PVT LTD,HAPAG,TRANSWORLD-DADRI,25-11-25,,
532,EMCU5421442,AL-NASIR EXPORTS PVT LTD (U.P),EVERGREEN,TRANSWORLD-DADRI,25-11-25,,
533,TRLU1628621,IFF INDIA FROZEN FOODS PRIVATE LIMITED,JODAC SHIPPING LINE PVT LTD,TRANSWORLD-DADRI,25-11-25,,
534,SEKU9186055,HMA AGRO INDUSTRIES LTD,WAN HAI,TRANSWORLD-DADRI,25-11-25,,
535,SEGU9945500,AL-NASIR EXPORTS PVT LTD (U.P),WAN HAI,TRANSWORLD-DADRI,25-11-25,,
536,ARKU5002901,IFF INDIA FROZEN FOODS PRIVATE LIMITED,ARKAS LINE,TRANSWORLD-DADRI,25-11-25,,
537,ONEU9033399,AL-AALI EXPORTS PVT LTD-(UP),OCEAN,TRANSWORLD-DADRI,25-11-25,,
538,CGMU5464408,AL-NASIR EXPORTS PVT LTD (U.P),CMA,TRANSWORLD-DADRI,25-11-25,,
539,SEGU9887620,IFF INDIA FROZEN FOODS PRIVATE LIMITED,WAN HAI,TRANSWORLD-DADRI,25-11-25,,
540,EGSU5051120,IFF INDIA FROZEN FOODS PRIVATE LIMITED,EVERGREEN,TRANSWORLD-DADRI,25-11-25,,
541,SZLU9872270,MARHABA FROZEN FOODS,CMA,TRANSWORLD-DADRI,25-11-25,,
542,EMCU5637880,HMA AGRO INDUSTRIES LTD,EVERGREEN,TRANSWORLD-DADRI,25-11-25,,
543,CGMU6521436,MARHABA FROZEN FOODS,CMA,TRANSWORLD-DADRI,25-11-25,,
544,SEGU9317401,HMA AGRO INDUSTRIES LTD,CMA,TRANSWORLD-DADRI,25-11-25,,
545,HLBU9310700,IFF INDIA FROZEN FOODS PRIVATE LIMITED,HAPAG,TRANSWORLD-DADRI,25-10-25,,
546,TTNU8467176,HMA AGRO INDUSTRIES LTD,CMA,TRANSWORLD-DADRI,25-10-25,,
547,ARKU5018560,IFF INDIA FROZEN FOODS PRIVATE LIMITED,ARKAS LINE,TRANSWORLD-DADRI,25-10-25,,
548,ARKU5031999,IFF INDIA FROZEN FOODS PRIVATE LIMITED,ARKAS LINE,TRANSWORLD-DADRI,25-10-25,,
549,FSCU5817327,HMA AGRO INDUSTRIES LTD,OCEAN,TRANSWORLD-DADRI,25-10-25,,
550,HLBU6167710,IFF INDIA FROZEN FOODS PRIVATE LIMITED,HAPAG,TRANSWORLD-DADRI,25-10-25,,
551,TTNU8511556,AL AAYAT FOOD EXPO PVT. LTD,CMA,TRANSWORLD-DADRI,25-10-25,,
552,HLBU9932026,IFF INDIA FROZEN FOODS PRIVATE LIMITED,HAPAG,TRANSWORLD-DADRI,25-10-25,,
553,ARKU5035192,IFF INDIA FROZEN FOODS PRIVATE LIMITED,ARKAS LINE,TRANSWORLD-DADRI,25-10-25,,
554,ARKU5029100,IFF INDIA FROZEN FOODS PRIVATE LIMITED,ARKAS LINE,TRANSWORLD-DADRI,25-10-25,,
555,ARKU5029991,IFF INDIA FROZEN FOODS PRIVATE LIMITED,ARKAS LINE,TRANSWORLD-DADRI,25-10-25,,
556,ONEU9231202,HMA AGRO INDUSTRIES LTD,OCEAN,TRANSWORLD-DADRI,25-10-25,,
557,ARKU5007457,IFF INDIA FROZEN FOODS PRIVATE LIMITED,ARKAS LINE,TRANSWORLD-DADRI,25-10-25,,
558,HLBU6012385,IFF INDIA FROZEN FOODS PRIVATE LIMITED,HAPAG,TRANSWORLD-DADRI,25-10-25,,
559,CGMU5168520,AL AAYAT FOOD EXPO PVT. LTD,CMA,TRANSWORLD-DADRI,25-08-25,,
560,TTNU8092228,INTERNATIONAL AGRO FOODS,CMA,TRANSWORLD-DADRI,25-08-25,,
561,EMCU5550368,AL AMMAR FROZEN FOOD EXPORTS PVT LTD,EVERGREEN,TRANSWORLD-DADRI,25-08-25,,
562,EMCU5373241,AL AMMAR FROZEN FOOD EXPORTS PVT LTD,EVERGREEN,TRANSWORLD-DADRI,25-08-25,,
563,FBIU5561194,MIRHA EXPORTS PVT. LTD.(PUNJAB),KMTC,TRANSWORLD-DADRI,25-08-25,,
564,EMCU5686734,IFF INDIA FROZEN FOODS PRIVATE LIMITED,EVERGREEN,TRANSWORLD-DADRI,25-08-25,,
565,SEKU9185357,AL-NASIR EXPORTS PVT LTD (U.P),WAN HAI,TRANSWORLD-DADRI,25-08-25,,
566,CGMU5185110,IFF INDIA FROZEN FOODS PRIVATE LIMITED,CMA,TRANSWORLD-DADRI,25-08-25,,
567,OTPU6193844,AL-NASIR EXPORTS PVT LTD (U.P),WAN HAI,TRANSWORLD-DADRI,25-08-25,,
568,SEGU9953759,HMA AGRO INDUSTRIES LTD,WAN HAI,TRANSWORLD-DADRI,25-08-25,,
569,ARKU5018256,IFF INDIA FROZEN FOODS PRIVATE LIMITED,ARKAS LINE,TRANSWORLD-DADRI,25-08-25,,
570,OTPU6725232,IFF INDIA FROZEN FOODS PRIVATE LIMITED,WAN HAI,TRANSWORLD-DADRI,25-08-25,,
571,SEKU9168703,IFF INDIA FROZEN FOODS PRIVATE LIMITED,WAN HAI,TRANSWORLD-DADRI,25-08-25,,
572,OTPU6225052,IFF INDIA FROZEN FOODS PRIVATE LIMITED,WAN HAI,TRANSWORLD-DADRI,25-08-25,,
573,CGMU5248707,HMA AGRO INDUSTRIES LTD,CMA,TRANSWORLD-DADRI,25-08-25,,
574,EMCU5628506,INTERNATIONAL AGRO FOODS,EVERGREEN,TRANSWORLD-DADRI,25-08-25,,
575,EMCU5686190,IFF INDIA FROZEN FOODS PRIVATE LIMITED,EVERGREEN,TRANSWORLD-DADRI,25-08-25,,
576,CGMU5255970,IFF INDIA FROZEN FOODS PRIVATE LIMITED,CMA,TRANSWORLD-DADRI,25-08-25,,
577,OTPU6678423,AL-NASIR EXPORTS PVT LTD (U.P),WAN HAI,TRANSWORLD-DADRI,25-08-25,,
578,OTPU6250137,AL-NASIR EXPORTS PVT LTD (U.P),WAN HAI,TRANSWORLD-DADRI,25-08-25,,
579,TEMU9417536,HMA AGRO INDUSTRIES LTD,CMA,TRANSWORLD-DADRI,25-08-25,,
580,LEGU1201379,HMA AGRO INDUSTRIES LTD,LEGEND,TRANSWORLD-DADRI,25-07-25,,
581,UACU4742828,IFF INDIA FROZEN FOODS PRIVATE LIMITED,HAPAG,TRANSWORLD-DADRI,25-07-25,,
582,HLXU8793094,IFF INDIA FROZEN FOODS PRIVATE LIMITED,HAPAG,TRANSWORLD-DADRI,25-07-25,,
583,TTNU8674893,RAYBAN FROZEN FOODS PVT.LTD,OOCL,TRANSWORLD-DADRI,25-07-25,,
584,LEGU1001940,HMA AGRO INDUSTRIES LTD,LEGEND,TRANSWORLD-DADRI,25-07-25,,
585,TIFU1006692,HMA AGRO INDUSTRIES LTD,LEGEND,TRANSWORLD-DADRI,25-07-25,,
586,SEGU9748055,IFF INDIA FROZEN FOODS PRIVATE LIMITED,WAN HAI,TRANSWORLD-DADRI,25-07-25,,
587,TEMU9049481,PURE FOODSTUFF PRIVATE LIMITED,HAPAG,TRANSWORLD-DADRI,25-07-25,,
588,SEGU9645859,IFF INDIA FROZEN FOODS PRIVATE LIMITED,WAN HAI,TRANSWORLD-DADRI,25-07-25,,
589,RLTU2109611,HMA AGRO INDUSTRIES LTD,LEGEND,TRANSWORLD-DADRI,25-07-25,,
590,LEGU1227820,HMA AGRO INDUSTRIES LTD,LEGEND,TRANSWORLD-DADRI,25-07-25,,
591,OOLU6288530,AL AMMAR FROZEN FOOD EXPORTS PVT LTD,OOCL,TRANSWORLD-DADRI,25-07-25,,
592,SEKU9079000,IFF INDIA FROZEN FOODS PRIVATE LIMITED,WAN HAI,TRANSWORLD-DADRI,25-07-25,,
616,SEGU9914460,IFF INDIA FROZEN FOODS PRIVATE LIMITED,WAN HAI,TRANSWORLD-DADRI,24-12-25,,
617,SEKU9083041,INTERNATIONAL AGRO FOODS,WAN HAI,TRANSWORLD-DADRI,24-12-25,,
618,CGMU5321161,HMA AGRO INDUSTRIES LTD,CMA,TRANSWORLD-DADRI,24-12-25,,
619,SEGU9336356,IFF INDIA FROZEN FOODS PRIVATE LIMITED,CMA,TRANSWORLD-DADRI,24-12-25,,
620,CGMU5176551,HMA AGRO INDUSTRIES LTD,CMA,TRANSWORLD-DADRI,24-12-25,,
621,CGMU6550687,MIRHA EXPORTS PVT. LTD.(PUNJAB),CMA,TRANSWORLD-DADRI,24-12-25,,
622,CGMU9407793,AL HASSAN OVRESEAS  PVT LTD-UP,CMA,TRANSWORLD-DADRI,24-12-25,,
623,EMCU5609996,HMA AGRO INDUSTRIES LTD,EVERGREEN,TRANSWORLD-DADRI,24-12-25,,
624,ARKU5004381,IFF INDIA FROZEN FOODS PRIVATE LIMITED,ARKAS LINE,TRANSWORLD-DADRI,24-12-25,,
625,EMCU5589591,AL AMMAR FROZEN FOOD EXPORTS PVT LTD,EVERGREEN,TRANSWORLD-DADRI,24-12-25,,
626,UAEU1255757,IFF INDIA FROZEN FOODS PRIVATE LIMITED,HAPAG,TRANSWORLD-DADRI,24-12-25,,
627,CGMU5308133,MIRHA EXPORTS PVT. LTD.(PUNJAB),CMA,TRANSWORLD-DADRI,24-12-25,,
628,ARKU5010023,IFF INDIA FROZEN FOODS PRIVATE LIMITED,ARKAS LINE,TRANSWORLD-DADRI,24-12-25,,
629,CGMU9379557,HMA AGRO INDUSTRIES LTD,CMA,TRANSWORLD-DADRI,24-12-25,,
630,OTPU6213827,AL AMMAR FROZEN FOOD EXPORTS PVT LTD,EVERGREEN,TRANSWORLD-DADRI,24-11-25,,
631,SEKU9161967,HMA AGRO INDUSTRIES LTD,WAN HAI,TRANSWORLD-DADRI,24-11-25,,
632,SEKU9040646,AL-NASIR EXPORTS PVT LTD (U.P),KMTC,TRANSWORLD-DADRI,24-11-25,,
633,TEMU9481089,AL-NASIR EXPORTS PVT LTD (U.P),CMA,TRANSWORLD-DADRI,24-11-25,,
634,SEGU9536190,AL-NASIR EXPORTS PVT LTD (U.P),CMA,TRANSWORLD-DADRI,24-11-25,,
635,CGMU5060290,AL-NASIR EXPORTS PVT LTD (U.P),CMA,TRANSWORLD-DADRI,24-11-25,,
636,EMCU5603473,INTERNATIONAL AGRO FOODS,EVERGREEN,TRANSWORLD-DADRI,24-11-25,,
637,SEGU9945476,HMA AGRO INDUSTRIES LTD,WAN HAI,TRANSWORLD-DADRI,24-11-25,,
638,EMCU5612541,AL AMMAR FROZEN FOOD EXPORTS PVT LTD,EVERGREEN,TRANSWORLD-DADRI,24-11-25,,
639,SEKU9300928,IFF INDIA FROZEN FOODS PRIVATE LIMITED,WAN HAI,TRANSWORLD-DADRI,24-11-25,,
640,TLLU1110652,IFF INDIA FROZEN FOODS PRIVATE LIMITED,OCEAN,TRANSWORLD-DADRI,24-11-25,,
641,ONEU9222577,AL-NASIR EXPORTS PVT LTD (U.P),OCEAN,TRANSWORLD-DADRI,24-11-25,,
642,EMCU5570810,AL-NASIR EXPORTS PVT LTD (U.P),EVERGREEN,TRANSWORLD-DADRI,24-11-25,,
643,SEGU9748918,AL-NASIR EXPORTS PVT LTD (U.P),WAN HAI,TRANSWORLD-DADRI,24-11-25,,
644,EMCU5668010,HMA AGRO INDUSTRIES LTD,EVERGREEN,TRANSWORLD-DADRI,24-11-25,,
645,EMCU5520609,HMA AGRO INDUSTRIES LTD,EVERGREEN,TRANSWORLD-DADRI,24-11-25,,
646,FBIU5363835,AL-NASIR EXPORTS PVT LTD (U.P),WAN HAI,TRANSWORLD-DADRI,24-11-25,,
647,FBIU5387610,INTERNATIONAL AGRO FOODS,WAN HAI,TRANSWORLD-DADRI,24-11-25,,
648,SEKU9084515,IFF INDIA FROZEN FOODS PRIVATE LIMITED,WAN HAI,TRANSWORLD-DADRI,24-11-25,,
649,EMCU5509913,HMA AGRO INDUSTRIES LTD,EVERGREEN,TRANSWORLD-DADRI,24-11-25,,
650,EMCU5540396,HMA AGRO INDUSTRIES LTD,EVERGREEN,TRANSWORLD-DADRI,24-11-25,,
651,EMCU5597051,HMA AGRO INDUSTRIES LTD,EVERGREEN,TRANSWORLD-DADRI,24-11-25,,
652,SILU7002512,HMA AGRO INDUSTRIES LTD,CMA,TRANSWORLD-DADRI,24-11-25,,
653,TTNU8772122,AL-AALI EXPORTS PVT LTD-(UP),OCEAN,TRANSWORLD-DADRI,24-11-25,,
654,EMCU5532174,INTERNATIONAL AGRO FOODS,EVERGREEN,TRANSWORLD-DADRI,24-11-25,,
655,EMCU5621950,HMA AGRO INDUSTRIES LTD,EVERGREEN,TRANSWORLD-DADRI,24-11-25,,
656,TLLU1058636,AL-NASIR EXPORTS PVT LTD (U.P),CMA,TRANSWORLD-DADRI,24-11-25,,
657,FBIU5326132,HMA AGRO INDUSTRIES LTD,WAN HAI,TRANSWORLD-DADRI,24-11-25,,
658,EMCU5542887,AL AMMAR FROZEN FOOD EXPORTS PVT LTD,EVERGREEN,TRANSWORLD-DADRI,24-10-25,,
659,FSCU5697685,AL AAYAT FOOD EXPO PVT. LTD,WAN HAI,TRANSWORLD-DADRI,24-10-25,,
660,ARKU5023870,IFF INDIA FROZEN FOODS PRIVATE LIMITED,ARKAS LINE,TRANSWORLD-DADRI,24-10-25,,
661,SEGU9061480,RAYBAN FROZEN FOODS PVT.LTD,OCEAN,TRANSWORLD-DADRI,24-10-25,,
662,SEGU9641745,AL AAYAT FOOD EXPO PVT. LTD,WAN HAI,TRANSWORLD-DADRI,24-10-25,,
663,CAAU4018012,RAYBAN FROZEN FOODS PVT.LTD,OCEAN,TRANSWORLD-DADRI,24-10-25,,
664,TCLU1265300,AL-NASIR EXPORTS PVT LTD (U.P),CMA,TRANSWORLD-DADRI,24-10-25,,
665,HLBU9920940,IFF INDIA FROZEN FOODS PRIVATE LIMITED,HAPAG,TRANSWORLD-DADRI,24-10-25,,
666,SEGU9760003,AL-NASIR EXPORTS PVT LTD (U.P),WAN HAI,TRANSWORLD-DADRI,24-10-25,,
667,SZLU9931579,MIRHA EXPORTS PVT. LTD.(PUNJAB),CMA,TRANSWORLD-DADRI,24-10-25,,
668,ARKU5031474,IFF INDIA FROZEN FOODS PRIVATE LIMITED,ARKAS LINE,TRANSWORLD-DADRI,24-10-25,,
669,FBIU5129621,AL-NASIR EXPORTS PVT LTD (U.P),CMA,TRANSWORLD-DADRI,24-10-25,,
670,CGMU8006950,INTERNATIONAL AGRO FOODS,CMA,TRANSWORLD-DADRI,24-10-25,,
671,TCLU1146338,IFF INDIA FROZEN FOODS PRIVATE LIMITED,CMA,TRANSWORLD-DADRI,24-07-25,,
672,CGMU5159744,IFF INDIA FROZEN FOODS PRIVATE LIMITED,CMA,TRANSWORLD-DADRI,24-07-25,,
673,TTNU8238610,HMA AGRO INDUSTRIES LTD,CMA,TRANSWORLD-DADRI,24-07-25,,
674,SEKU9084686,ARS AGRO FOODS,WAN HAI,TRANSWORLD-DADRI,24-07-25,,
675,SEGU9953445,IFF INDIA FROZEN FOODS PRIVATE LIMITED,WAN HAI,TRANSWORLD-DADRI,24-07-25,,
676,CGMU9343868,IFF INDIA FROZEN FOODS PRIVATE LIMITED,CMA,TRANSWORLD-DADRI,24-07-25,,
677,ARKU5008432,AL-NASIR EXPORTS PVT LTD (U.P),ARKAS LINE,TRANSWORLD-DADRI,24-07-25,,
718,ARKU5023967,IFF INDIA FROZEN FOODS PRIVATE LIMITED,ARKAS LINE,TRANSWORLD-DADRI,23-12-25,,
719,EMCU5635552,AL AMMAR FROZEN FOOD EXPORTS PVT LTD,EVERGREEN,TRANSWORLD-DADRI,23-12-25,,
720,SEGU9148019,HMA AGRO INDUSTRIES LTD,CMA,TRANSWORLD-DADRI,23-12-25,,
721,SEKU9150448,INTERNATIONAL AGRO FOODS,WAN HAI,TRANSWORLD-DADRI,23-12-25,,
722,ARKU5003641,IFF INDIA FROZEN FOODS PRIVATE LIMITED,ARKAS LINE,TRANSWORLD-DADRI,23-12-25,,
723,SZLU9564112,AL-NASIR EXPORTS PVT LTD (U.P),SAMUDERA,TRANSWORLD-DADRI,23-12-25,,
724,EMCU5668221,AL-NASIR EXPORTS PVT LTD (U.P),EVERGREEN,TRANSWORLD-DADRI,23-12-25,,
725,ARKU5008427,IFF INDIA FROZEN FOODS PRIVATE LIMITED,ARKAS LINE,TRANSWORLD-DADRI,23-12-25,,
726,ARKU5016171,IFF INDIA FROZEN FOODS PRIVATE LIMITED,ARKAS LINE,TRANSWORLD-DADRI,23-12-25,,
791,TRIU8875172,MIRHA EXPORTS PVT. LTD.(PUNJAB),NAVIO,TRANSWORLD-DADRI,22-12-25,,
792,TRIU8234754,PRAX IMPEX PRIVATE LIMITED,GOODRICH,TRANSWORLD-DADRI,22-12-25,,
793,KKFU6988690,PRAX IMPEX PRIVATE LIMITED,GOODRICH,TRANSWORLD-DADRI,22-12-25,,
794,TRIU8420070,PRAX IMPEX PRIVATE LIMITED,GOODRICH,TRANSWORLD-DADRI,22-12-25,,
795,CGMU5144322,HMA AGRO INDUSTRIES LTD,CMA,TRANSWORLD-DADRI,22-12-25,,
796,CXRU1591460,HMA AGRO INDUSTRIES LTD,CMA,TRANSWORLD-DADRI,22-12-25,,
798,TCLU1331552,HMA AGRO INDUSTRIES LTD,CMA,TRANSWORLD-DADRI,22-12-25,,
799,SEGU9857375,HMA AGRO INDUSTRIES LTD,WAN HAI,TRANSWORLD-DADRI,22-12-25,,
800,EMCU5702352,AL AMMAR FROZEN FOOD EXPORTS PVT LTD,EVERGREEN,TRANSWORLD-DADRI,22-12-25,,
801,EMCU5581923,AL AMMAR FROZEN FOOD EXPORTS PVT LTD,EVERGREEN,TRANSWORLD-DADRI,22-12-25,,
802,SEGU9355952,HMA AGRO INDUSTRIES LTD,CMA,TRANSWORLD-DADRI,22-12-25,,
803,EMCU5701762,MIRHA EXPORTS PVT. LTD.(PUNJAB),EVERGREEN,TRANSWORLD-DADRI,22-12-25,,
804,EMCU5429314,AL AMMAR FROZEN FOOD EXPORTS PVT LTD,EVERGREEN,TRANSWORLD-DADRI,22-12-25,,
805,SZLU9749292,HMA AGRO INDUSTRIES LTD,WAN HAI,TRANSWORLD-DADRI,22-12-25,,
806,SEGU9511340,HMA AGRO INDUSTRIES LTD,CMA,TRANSWORLD-DADRI,22-12-25,,
807,CGMU5147492,HMA AGRO INDUSTRIES LTD,CMA,TRANSWORLD-DADRI,22-12-25,,
808,SEGU9400352,HMA AGRO INDUSTRIES LTD,CMA,TRANSWORLD-DADRI,22-12-25,,
809,SEKU9079925,AL-NASIR EXPORTS PVT LTD (U.P),WAN HAI,TRANSWORLD-DADRI,22-12-25,,
835,CXRU1609300,HMA AGRO INDUSTRIES LTD,CMA,TRANSWORLD-DADRI,20-12-25,,
836,CRXU6937650,MARHABA FROZEN FOODS,GOODRICH,TRANSWORLD-DADRI,20-12-25,,
837,CXRU1605711,HMA AGRO INDUSTRIES LTD,CMA,TRANSWORLD-DADRI,20-12-25,,
838,TTNU8916533,HMA AGRO INDUSTRIES LTD,CMA,TRANSWORLD-DADRI,20-12-25,,
839,SZLU9677171,HMA AGRO INDUSTRIES LTD,CMA,TRANSWORLD-DADRI,20-12-25,,
840,SZLU9657961,HMA AGRO INDUSTRIES LTD,CMA,TRANSWORLD-DADRI,20-12-25,,
841,TTNU8345028,MARHABA FROZEN FOODS,GOODRICH,TRANSWORLD-DADRI,20-12-25,,
842,TRIU8338152,MARHABA FROZEN FOODS,GOODRICH,TRANSWORLD-DADRI,20-12-25,,
843,SEGU9543899,MEATGEEKS PROTEINS PRIVATE LIMITED-(UP),CMA,TRANSWORLD-DADRI,20-12-25,,
844,TCLU1328775,INTERNATIONAL AGRO FOODS,CMA,TRANSWORLD-DADRI,20-12-25,,
845,OTPU6195791,INTERNATIONAL AGRO FOODS,WAN HAI,TRANSWORLD-DADRI,20-12-25,,
846,FSCU5710133,HMA AGRO INDUSTRIES LTD,CMA,TRANSWORLD-DADRI,20-12-25,,
847,HLBU9318701,IFF INDIA FROZEN FOODS PRIVATE LIMITED,HAPAG,TRANSWORLD-DADRI,20-12-25,,
848,CGMU5424370,HMA AGRO INDUSTRIES LTD,CMA,TRANSWORLD-DADRI,20-12-25,,
849,CGMU5359439,HMA AGRO INDUSTRIES LTD,CMA,TRANSWORLD-DADRI,20-12-25,,
850,TTNU8288606,HMA AGRO INDUSTRIES LTD,CMA,TRANSWORLD-DADRI,20-12-25,,
910,SEKU9361918,IFF INDIA FROZEN FOODS PRIVATE LIMITED,WAN HAI,TRANSWORLD-DADRI,19-12-25,,
911,CAIU5556099,HMA AGRO INDUSTRIES LTD,CMA,TRANSWORLD-DADRI,19-12-25,,
912,TLLU1187968,AL AMMAR FROZEN FOOD EXPORTS PVT LTD,EVERGREEN,TRANSWORLD-DADRI,19-12-25,,
913,SEKU9348644,INTERNATIONAL AGRO FOODS,WAN HAI,TRANSWORLD-DADRI,19-12-25,,
914,EMCU5449141,AL AMMAR FROZEN FOOD EXPORTS PVT LTD,EVERGREEN,TRANSWORLD-DADRI,19-12-25,,
915,SEGU9855602,AL MARWA FOOD EXPORT,WAN HAI,TRANSWORLD-DADRI,19-12-25,,
916,UAEU1235030,IFF INDIA FROZEN FOODS PRIVATE LIMITED,HAPAG,TRANSWORLD-DADRI,19-12-25,,
917,CGMU5104417,HMA AGRO INDUSTRIES LTD,CMA,TRANSWORLD-DADRI,19-12-25,,
918,TCLU1338808,AL-NASIR EXPORTS PVT LTD (U.P),CMA,TRANSWORLD-DADRI,19-12-25,,
919,ONEU9121340,AL AAYAT FOOD EXPO PVT. LTD,OCEAN,TRANSWORLD-DADRI,19-12-25,,
920,CGMU5160560,HMA AGRO INDUSTRIES LTD,CMA,TRANSWORLD-DADRI,19-12-25,,
1004,ARKU5027303,IFF INDIA FROZEN FOODS PRIVATE LIMITED,ARKAS LINE,TRANSWORLD-DADRI,18-12-25,,
1005,OTPU6816604,IFF INDIA FROZEN FOODS PRIVATE LIMITED,WAN HAI,TRANSWORLD-DADRI,18-12-25,,
1006,SEGU9617008,IFF INDIA FROZEN FOODS PRIVATE LIMITED,WAN HAI,TRANSWORLD-DADRI,18-12-25,,
1007,ARKU5009655,IFF INDIA FROZEN FOODS PRIVATE LIMITED,ARKAS LINE,TRANSWORLD-DADRI,18-12-25,,
1008,HLBU9034665,IFF INDIA FROZEN FOODS PRIVATE LIMITED,HAPAG,TRANSWORLD-DADRI,18-12-25,,
1009,SZLU9536912,AL-NASIR EXPORTS PVT LTD (U.P),SAMUDERA,TRANSWORLD-DADRI,18-12-25,,
1010,SZLU9707050,AL-NASIR EXPORTS PVT LTD (U.P),WAN HAI,TRANSWORLD-DADRI,18-12-25,,
1011,CGMU5243773,MEATGEEKS PROTEINS PRIVATE LIMITED-(UP),CMA,TRANSWORLD-DADRI,18-12-25,,
1012,HLBU9104063,IFF INDIA FROZEN FOODS PRIVATE LIMITED,HAPAG,TRANSWORLD-DADRI,18-12-25,,
1013,TTNU8957445,MIRHA EXPORTS PVT. LTD.(PUNJAB),CMA,TRANSWORLD-DADRI,18-12-25,,
1014,ONEU9091630,AL AAYAT FOOD EXPO PVT. LTD,OCEAN,TRANSWORLD-DADRI,18-12-25,,
1015,FBIU5393927,AL-NASIR EXPORTS PVT LTD (U.P),WAN HAI,TRANSWORLD-DADRI,18-12-25,,
1016,CGMU5132614,AL-NASIR EXPORTS PVT LTD (U.P),CMA,TRANSWORLD-DADRI,18-12-25,,
1055,SEGU9754741,AL HASSAN OVRESEAS  PVT LTD-UP,WAN HAI,TRANSWORLD-DADRI,17-12-25,,
1056,SZLU9854600,IFF INDIA FROZEN FOODS PRIVATE LIMITED,CMA,TRANSWORLD-DADRI,17-12-25,,
1057,EMCU5756750,AL AMMAR FROZEN FOOD EXPORTS PVT LTD,EVERGREEN,TRANSWORLD-DADRI,17-12-25,,
1058,FBIU5385032,AL HASSAN OVRESEAS  PVT LTD-UP,WAN HAI,TRANSWORLD-DADRI,17-12-25,,
1059,TTNU8264604,MARHABA FROZEN FOODS,CMA,TRANSWORLD-DADRI,17-12-25,,
1060,ARKU5016248,IFF INDIA FROZEN FOODS PRIVATE LIMITED,ARKAS LINE,TRANSWORLD-DADRI,17-12-25,,
1061,SZLU9876574,IFF INDIA FROZEN FOODS PRIVATE LIMITED,CMA,TRANSWORLD-DADRI,17-12-25,,
1062,FBIU5382075,INTERNATIONAL AGRO FOODS,WAN HAI,TRANSWORLD-DADRI,17-12-25,,
1063,SZLU9747730,RAYBAN FROZEN FOODS PVT.LTD,WAN HAI,TRANSWORLD-DADRI,17-12-25,,
1064,SEGU9887981,INTERNATIONAL AGRO FOODS,WAN HAI,TRANSWORLD-DADRI,17-12-25,,
1065,OTPU6684107,AL-NASIR EXPORTS PVT LTD (U.P),WAN HAI,TRANSWORLD-DADRI,17-12-25,,
1066,CGMU9392754,MARHABA FROZEN FOODS,CMA,TRANSWORLD-DADRI,17-12-25,,
1067,SZLU9562090,AL-NASIR EXPORTS PVT LTD (U.P),SAMUDERA,TRANSWORLD-DADRI,17-12-25,,
1068,OTPU6245850,IFF INDIA FROZEN FOODS PRIVATE LIMITED,WAN HAI,TRANSWORLD-DADRI,17-12-25,,
1069,ARKU5012197,IFF INDIA FROZEN FOODS PRIVATE LIMITED,ARKAS LINE,TRANSWORLD-DADRI,17-12-25,,
1070,CBHU8491197,AL HASSAN OVRESEAS  PVT LTD-UP,WINASIA MARITIME,TRANSWORLD-DADRI,17-12-25,,
1071,OTPU6201699,HMA AGRO INDUSTRIES LTD,WAN HAI,TRANSWORLD-DADRI,17-12-25,,
1072,FBIU5220177,HMA AGRO INDUSTRIES LTD,CMA,TRANSWORLD-DADRI,17-12-25,,
1117,SEKU9164992,HMA AGRO INDUSTRIES LTD,WAN HAI,TRANSWORLD-DADRI,16-12-25,,
1118,SZLU9537225,HMA AGRO INDUSTRIES LTD,SAMUDERA,TRANSWORLD-DADRI,16-12-25,,
1119,SEGU9931641,HMA AGRO INDUSTRIES LTD,WAN HAI,TRANSWORLD-DADRI,16-12-25,,
1120,CXRU1383255,MARHABA FROZEN FOODS,CMA,TRANSWORLD-DADRI,16-12-25,,
1121,GESU9578648,IFF INDIA FROZEN FOODS PRIVATE LIMITED,HAPAG,TRANSWORLD-DADRI,16-12-25,,
1122,ARKU5014219,IFF INDIA FROZEN FOODS PRIVATE LIMITED,ARKAS LINE,TRANSWORLD-DADRI,16-12-25,,
1123,SEGU9950940,HMA AGRO INDUSTRIES LTD,WAN HAI,TRANSWORLD-DADRI,16-12-25,,
1124,HLBU9154423,IFF INDIA FROZEN FOODS PRIVATE LIMITED,HAPAG,TRANSWORLD-DADRI,16-12-25,,
1125,SZLU9529770,AL-NASIR EXPORTS PVT LTD (U.P),SAMUDERA,TRANSWORLD-DADRI,16-12-25,,
1126,CGMU5096899,MARHABA FROZEN FOODS,CMA,TRANSWORLD-DADRI,16-12-25,,
1127,OTPU6665088,HMA AGRO INDUSTRIES LTD,SAMUDERA,TRANSWORLD-DADRI,16-12-25,,
1128,SEGU9921350,HMA AGRO INDUSTRIES LTD,WAN HAI,TRANSWORLD-DADRI,16-12-25,,
1129,OTPU6682974,HMA AGRO INDUSTRIES LTD,WAN HAI,TRANSWORLD-DADRI,16-12-25,,
1130,SZLU9553798,HMA AGRO INDUSTRIES LTD,SAMUDERA,TRANSWORLD-DADRI,16-12-25,,
1131,SEGU9822614,AL-NASIR EXPORTS PVT LTD (U.P),WAN HAI,TRANSWORLD-DADRI,16-12-25,,
1132,SEKU9189516,MIRHA EXPORTS PVT. LTD.(PUNJAB),WAN HAI,TRANSWORLD-DADRI,16-12-25,,
1133,ARKU5025419,IFF INDIA FROZEN FOODS PRIVATE LIMITED,ARKAS LINE,TRANSWORLD-DADRI,16-12-25,,
1134,SEKU9345060,INTERNATIONAL AGRO FOODS,WAN HAI,TRANSWORLD-DADRI,16-12-25,,
1135,SZLU9746647,HMA AGRO INDUSTRIES LTD,WAN HAI,TRANSWORLD-DADRI,16-12-25,,
1136,EMCU5657042,IFF INDIA FROZEN FOODS PRIVATE LIMITED,EVERGREEN,TRANSWORLD-DADRI,16-12-25,,
1137,TCLU1224765,IFF INDIA FROZEN FOODS PRIVATE LIMITED,GOODRICH,TRANSWORLD-DADRI,16-12-25,,
1138,AMCU9397627,RAYBAN FROZEN FOODS PVT.LTD,CMA,TRANSWORLD-DADRI,16-12-25,,
1202,OTPU6211444,AL AMMAR FROZEN FOOD EXPORTS PVT LTD,EVERGREEN,TRANSWORLD-DADRI,15-12-25,,
1203,EMCU5494937,AL AMMAR FROZEN FOOD EXPORTS PVT LTD,EVERGREEN,TRANSWORLD-DADRI,15-12-25,,
1204,SEGU9508136,IFF INDIA FROZEN FOODS PRIVATE LIMITED,CMA,TRANSWORLD-DADRI,15-12-25,,
1205,SEKU9084140,INTERNATIONAL AGRO FOODS,WAN HAI,TRANSWORLD-DADRI,15-12-25,,
1206,TCLU1183820,IFF INDIA FROZEN FOODS PRIVATE LIMITED,HAPAG,TRANSWORLD-DADRI,15-12-25,,
1207,SZLU9752167,INTERNATIONAL AGRO FOODS,WAN HAI,TRANSWORLD-DADRI,15-12-25,,
1208,TTNU8637380,AL-NASIR EXPORTS PVT LTD (U.P),CMA,TRANSWORLD-DADRI,15-12-25,,
1209,EMCU5497875,HMA AGRO INDUSTRIES LTD,EVERGREEN,TRANSWORLD-DADRI,15-12-25,,
1210,SEGU9173583,HMA AGRO INDUSTRIES LTD,CMA,TRANSWORLD-DADRI,15-12-25,,
1211,ARKU5006471,ARS AGRO FOODS,ARKAS LINE,TRANSWORLD-DADRI,15-12-25,,
1212,ARKU5031197,IFF INDIA FROZEN FOODS PRIVATE LIMITED,ARKAS LINE,TRANSWORLD-DADRI,15-12-25,,
1213,TRIU8065504,IFF INDIA FROZEN FOODS PRIVATE LIMITED,HAPAG,TRANSWORLD-DADRI,15-12-25,,
1214,EMCU5704627,AL-NASIR EXPORTS PVT LTD (U.P),EVERGREEN,TRANSWORLD-DADRI,15-12-25,,
1215,FBIU5380241,HMA AGRO INDUSTRIES LTD,WAN HAI,TRANSWORLD-DADRI,15-12-25,,
1216,SEGU9760750,HMA AGRO INDUSTRIES LTD,WAN HAI,TRANSWORLD-DADRI,15-12-25,,
1217,TTNU8450609,INTERNATIONAL AGRO FOODS,CMA,TRANSWORLD-DADRI,15-12-25,,
1219,FBIU5122587,HMA AGRO INDUSTRIES LTD,WAN HAI,TRANSWORLD-DADRI,15-12-25,,
1220,OTPU6810397,AL-NASIR EXPORTS PVT LTD (U.P),WAN HAI,TRANSWORLD-DADRI,15-12-25,,
1221,ARKU5024393,IFF INDIA FROZEN FOODS PRIVATE LIMITED,ARKAS LINE,TRANSWORLD-DADRI,15-12-25,,
1222,OTPU6806669,AL-SUPER FROZEN FOODS PVT LTD,WAN HAI,TRANSWORLD-DADRI,15-12-25,,
1223,SEKU9158080,INTERNATIONAL AGRO FOODS,WAN HAI,TRANSWORLD-DADRI,15-12-25,,
1224,ARKU5018805,IFF INDIA FROZEN FOODS PRIVATE LIMITED,ARKAS LINE,TRANSWORLD-DADRI,15-12-25,,
1225,ARKU5011890,IFF INDIA FROZEN FOODS PRIVATE LIMITED,ARKAS LINE,TRANSWORLD-DADRI,15-12-25,,
1226,ARKU5017959,IFF INDIA FROZEN FOODS PRIVATE LIMITED,ARKAS LINE,TRANSWORLD-DADRI,15-12-25,,
1227,EMCU5635188,AL-NASIR EXPORTS PVT LTD (U.P),EVERGREEN,TRANSWORLD-DADRI,15-12-25,,
1228,OTPU6205631,MIRHA EXPORTS PVT. LTD.(PUNJAB),WAN HAI,TRANSWORLD-DADRI,15-12-25,,
1229,SEKU9341399,IFF INDIA FROZEN FOODS PRIVATE LIMITED,WAN HAI,TRANSWORLD-DADRI,15-12-25,,
1230,FSCU5699142,AL-NASIR EXPORTS PVT LTD (U.P),WAN HAI,TRANSWORLD-DADRI,15-12-25,,
1337,TRIU8519361,IFF INDIA FROZEN FOODS PRIVATE LIMITED,GOODRICH,TRANSWORLD-DADRI,12-12-25,,
1338,EMCU5549290,MIRHA EXPORTS PVT. LTD.(PUNJAB),EVERGREEN,TRANSWORLD-DADRI,12-12-25,,
1339,EMCU5506473,HMA AGRO INDUSTRIES LTD,EVERGREEN,TRANSWORLD-DADRI,12-12-25,,
1340,EMCU5620790,HMA AGRO INDUSTRIES LTD,EVERGREEN,TRANSWORLD-DADRI,12-12-25,,
1341,EGSU5064827,AL-AALI EXPORTS PVT LTD-(UP),EVERGREEN,TRANSWORLD-DADRI,12-12-25,,
1342,EGSU5066938,AL-AALI EXPORTS PVT LTD-(UP),EVERGREEN,TRANSWORLD-DADRI,12-12-25,,
1343,EMCU5704360,AL-NASIR EXPORTS PVT LTD (U.P),EVERGREEN,TRANSWORLD-DADRI,12-12-25,,
1344,OTPU6817513,AL-NASIR EXPORTS PVT LTD (U.P),WAN HAI,TRANSWORLD-DADRI,12-12-25,,
1345,EGSU5061849,AL-AALI EXPORTS PVT LTD-(UP),EVERGREEN,TRANSWORLD-DADRI,12-12-25,,
1346,EMCU5713383,AL-NASIR EXPORTS PVT LTD (U.P),EVERGREEN,TRANSWORLD-DADRI,12-12-25,,
1347,EMCU5676593,HMA AGRO INDUSTRIES LTD,EVERGREEN,TRANSWORLD-DADRI,12-12-25,,
1348,EMCU5708577,HMA AGRO INDUSTRIES LTD,EVERGREEN,TRANSWORLD-DADRI,12-12-25,,
1349,EGSU5034210,AL-NASIR EXPORTS PVT LTD (U.P),EVERGREEN,TRANSWORLD-DADRI,12-12-25,,
1350,SEKU9182804,AL-NASIR EXPORTS PVT LTD (U.P),WAN HAI,TRANSWORLD-DADRI,12-12-25,,
1351,FBIU5294251,AL MARWA FOOD EXPORT,WAN HAI,TRANSWORLD-DADRI,12-12-25,,
1352,FSCU5707340,INTERNATIONAL AGRO FOODS,WAN HAI,TRANSWORLD-DADRI,12-12-25,,
1353,CGMU5137534,AL-NASIR EXPORTS PVT LTD (U.P),CMA,TRANSWORLD-DADRI,12-12-25,,
1395,SEGU9922300,IFF INDIA FROZEN FOODS PRIVATE LIMITED,WAN HAI,TRANSWORLD-DADRI,11-12-25,,
1396,TLLU1191356,HMA AGRO INDUSTRIES LTD,EVERGREEN,TRANSWORLD-DADRI,11-12-25,,
1397,TCLU1281744,HMA AGRO INDUSTRIES LTD,CMA,TRANSWORLD-DADRI,11-12-25,,
1398,SZLU9655737,HMA AGRO INDUSTRIES LTD,CMA,TRANSWORLD-DADRI,11-12-25,,
1399,TTNU8379218,MIRHA EXPORTS PVT. LTD.(PUNJAB),CMA,TRANSWORLD-DADRI,11-12-25,,
1400,OTPU6204131,HMA AGRO INDUSTRIES LTD,WAN HAI,TRANSWORLD-DADRI,11-12-25,,
1401,TEMU9352250,HMA AGRO INDUSTRIES LTD,CMA,TRANSWORLD-DADRI,11-12-25,,
1402,ARKU5018493,IFF INDIA FROZEN FOODS PRIVATE LIMITED,ARKAS LINE,TRANSWORLD-DADRI,11-12-25,,
1403,EMCU5741873,HMA AGRO INDUSTRIES LTD,EVERGREEN,TRANSWORLD-DADRI,11-12-25,,
1404,EMCU5595969,HMA AGRO INDUSTRIES LTD,EVERGREEN,TRANSWORLD-DADRI,11-12-25,,
1405,EMCU5734792,AL AMMAR FROZEN FOOD EXPORTS PVT LTD,EVERGREEN,TRANSWORLD-DADRI,11-12-25,,
1406,EMCU5625641,HMA AGRO INDUSTRIES LTD,EVERGREEN,TRANSWORLD-DADRI,11-12-25,,
1407,SZLU9872563,HMA AGRO INDUSTRIES LTD,CMA,TRANSWORLD-DADRI,11-12-25,,
1408,SEGU9924426,IFF INDIA FROZEN FOODS PRIVATE LIMITED,WAN HAI,TRANSWORLD-DADRI,11-12-25,,
1409,OTPU6775167,IFF INDIA FROZEN FOODS PRIVATE LIMITED,WAN HAI,TRANSWORLD-DADRI,11-12-25,,
1410,OTPU6663681,HMA AGRO INDUSTRIES LTD,WAN HAI,TRANSWORLD-DADRI,11-12-25,,
1411,ARKU5008622,IFF INDIA FROZEN FOODS PRIVATE LIMITED,ARKAS LINE,TRANSWORLD-DADRI,11-12-25,,
1412,ARKU5017500,IFF INDIA FROZEN FOODS PRIVATE LIMITED,ARKAS LINE,TRANSWORLD-DADRI,11-12-25,,
1454,ARKU5023801,IFF INDIA FROZEN FOODS PRIVATE LIMITED,ARKAS LINE,TRANSWORLD-DADRI,10-12-25,,
1455,EMCU5722169,HMA AGRO INDUSTRIES LTD,EVERGREEN,TRANSWORLD-DADRI,10-12-25,,
1456,EMCU5738057,AL-NASIR EXPORTS PVT LTD (U.P),EVERGREEN,TRANSWORLD-DADRI,10-12-25,,
1457,ARKU5031303,IFF INDIA FROZEN FOODS PRIVATE LIMITED,ARKAS LINE,TRANSWORLD-DADRI,10-12-25,,
1458,SEGU9616660,AL-NASIR EXPORTS PVT LTD (U.P),WAN HAI,TRANSWORLD-DADRI,10-12-25,,
1459,SZLU9755187,MIRHA EXPORTS PVT. LTD.(PUNJAB),WAN HAI,TRANSWORLD-DADRI,10-12-25,,
1460,OTPU6799410,IFF INDIA FROZEN FOODS PRIVATE LIMITED,WAN HAI,TRANSWORLD-DADRI,10-12-25,,
1461,SEKU9165520,AL-NASIR EXPORTS PVT LTD (U.P),WAN HAI,TRANSWORLD-DADRI,10-12-25,,
1462,EMCU5680401,HMA AGRO INDUSTRIES LTD,EVERGREEN,TRANSWORLD-DADRI,10-12-25,,
1463,EMCU5630720,HMA AGRO INDUSTRIES LTD,EVERGREEN,TRANSWORLD-DADRI,10-12-25,,
1464,EMCU5572460,HMA AGRO INDUSTRIES LTD,EVERGREEN,TRANSWORLD-DADRI,10-12-25,,
1465,EMCU5622982,HMA AGRO INDUSTRIES LTD,EVERGREEN,TRANSWORLD-DADRI,10-12-25,,
1466,ARKU5029693,IFF INDIA FROZEN FOODS PRIVATE LIMITED,ARKAS LINE,TRANSWORLD-DADRI,10-12-25,,
1467,ARKU5031371,IFF INDIA FROZEN FOODS PRIVATE LIMITED,ARKAS LINE,TRANSWORLD-DADRI,10-12-25,,
1468,EMCU5737180,HMA AGRO INDUSTRIES LTD,EVERGREEN,TRANSWORLD-DADRI,10-12-25,,
1469,OTPU6810421,MIRHA EXPORTS PVT. LTD.(PUNJAB),WAN HAI,TRANSWORLD-DADRI,10-12-25,,
1500,OTPU6682697,AL-NASIR EXPORTS PVT LTD (U.P),WAN HAI,TRANSWORLD-DADRI,09-12-25,,
1501,OTPU6817452,HMA AGRO INDUSTRIES LTD,WAN HAI,TRANSWORLD-DADRI,09-12-25,,
1502,OTPU6814807,HMA AGRO INDUSTRIES LTD,WAN HAI,TRANSWORLD-DADRI,09-12-25,,
1503,TLLU1189831,IFF INDIA FROZEN FOODS PRIVATE LIMITED,EVERGREEN,TRANSWORLD-DADRI,09-12-25,,
1504,TLLU1183751,HMA AGRO INDUSTRIES LTD,EVERGREEN,TRANSWORLD-DADRI,09-12-25,,
1505,SEGU9931554,IFF INDIA FROZEN FOODS PRIVATE LIMITED,WAN HAI,TRANSWORLD-DADRI,09-12-25,,
1506,FBIU5117810,IFF INDIA FROZEN FOODS PRIVATE LIMITED,WAN HAI,TRANSWORLD-DADRI,09-12-25,,
1507,SEGU9949039,IFF INDIA FROZEN FOODS PRIVATE LIMITED,WAN HAI,TRANSWORLD-DADRI,09-12-25,,
1508,SEKU9165242,INTERNATIONAL AGRO FOODS,WAN HAI,TRANSWORLD-DADRI,09-12-25,,
1509,TEMU9418701,RAYBAN FROZEN FOODS PVT.LTD,CMA,TRANSWORLD-DADRI,09-12-25,,
1510,FBIU5116178,IFF INDIA FROZEN FOODS PRIVATE LIMITED,WAN HAI,TRANSWORLD-DADRI,09-12-25,,
1511,OTPU6817508,HMA AGRO INDUSTRIES LTD,WAN HAI,TRANSWORLD-DADRI,09-12-25,,
1512,EMCU5604150,AL-NASIR EXPORTS PVT LTD (U.P),EVERGREEN,TRANSWORLD-DADRI,09-12-25,,
1513,TRIU8237250,IFF INDIA FROZEN FOODS PRIVATE LIMITED,GOODRICH,TRANSWORLD-DADRI,09-12-25,,
1514,CXRU1576974,AL AAYAT FOOD EXPO PVT. LTD,CMA,TRANSWORLD-DADRI,09-12-25,,
1515,TEMU9443330,AL AAYAT FOOD EXPO PVT. LTD,CMA,TRANSWORLD-DADRI,09-12-25,,
1588,CXRU1117698,IFF INDIA FROZEN FOODS PRIVATE LIMITED,HAPAG,TRANSWORLD-DADRI,08-12-25,,
1589,EMCU5428874,AL AMMAR FROZEN FOOD EXPORTS PVT LTD,EVERGREEN,TRANSWORLD-DADRI,08-12-25,,
1590,OTPU6686347,INTERNATIONAL AGRO FOODS,WAN HAI,TRANSWORLD-DADRI,08-12-25,,
1591,TTNU8162109,HMA AGRO INDUSTRIES LTD,CMA,TRANSWORLD-DADRI,08-12-25,,
1592,TCLU1378267,HMA AGRO INDUSTRIES LTD,CMA,TRANSWORLD-DADRI,08-12-25,,
1593,EMCU5469615,HMA AGRO INDUSTRIES LTD,EVERGREEN,TRANSWORLD-DADRI,08-12-25,,
1594,TCLU1371869,HMA AGRO INDUSTRIES LTD,CMA,TRANSWORLD-DADRI,08-12-25,,
1595,SEKU9344037,AL-NASIR EXPORTS PVT LTD (U.P),WAN HAI,TRANSWORLD-DADRI,08-12-25,,
1596,OTPU6686178,AL-NASIR EXPORTS PVT LTD (U.P),WAN HAI,TRANSWORLD-DADRI,08-12-25,,
1597,OOLU6286326,AL-NASIR EXPORTS PVT LTD (U.P),OOCL,TRANSWORLD-DADRI,08-12-25,,
1598,SEKU9077877,IFF INDIA FROZEN FOODS PRIVATE LIMITED,WAN HAI,TRANSWORLD-DADRI,08-12-25,,
1599,SZLU9870806,IFF INDIA FROZEN FOODS PRIVATE LIMITED,CMA,TRANSWORLD-DADRI,08-12-25,,
1600,ARKU5010825,IFF INDIA FROZEN FOODS PRIVATE LIMITED,ARKAS LINE,TRANSWORLD-DADRI,08-12-25,,
1601,OTPU6204316,IFF INDIA FROZEN FOODS PRIVATE LIMITED,WAN HAI,TRANSWORLD-DADRI,08-12-25,,
1602,TEMU9267776,IFF INDIA FROZEN FOODS PRIVATE LIMITED,CMA,TRANSWORLD-DADRI,08-12-25,,
1603,TEMU9279102,HMA AGRO INDUSTRIES LTD,CMA,TRANSWORLD-DADRI,08-12-25,,
1604,OTPU6688041,HMA AGRO INDUSTRIES LTD,WAN HAI,TRANSWORLD-DADRI,08-12-25,,
1605,TCLU1336739,PETAL EXPORTS,CMA,TRANSWORLD-DADRI,08-12-25,,
1606,EMCU5571020,HMA AGRO INDUSTRIES LTD,EVERGREEN,TRANSWORLD-DADRI,08-12-25,,
1607,OTPU6759546,MARHABA FROZEN FOODS,WAN HAI,TRANSWORLD-DADRI,08-12-25,,
1608,OTPU6800022,HMA AGRO INDUSTRIES LTD,WAN HAI,TRANSWORLD-DADRI,08-12-25,,
1642,TTNU8038320,MASH AGRO FOODS LTD-UP,CMA,TRANSWORLD-DADRI,07-04-26,,
1643,SZLU9824924,RAYBAN FROZEN FOODS PVT.LTD,CMA,TRANSWORLD-DADRI,07-04-26,,
1644,TTNU8014462,PETAL EXPORTS,CMA,TRANSWORLD-DADRI,07-04-26,,
1645,CXRU1158737,IFF INDIA FROZEN FOODS PRIVATE LIMITED,CORTEN,TRANSWORLD-DADRI,07-04-26,,
1646,CXRU1286316,HMA AGRO INDUSTRIES LTD,CMA,TRANSWORLD-DADRI,07-04-26,,
1647,EMCU5467783,HMA AGRO INDUSTRIES LTD,EVERGREEN,TRANSWORLD-DADRI,07-04-26,,
1648,TCLU1269332,IFF INDIA FROZEN FOODS PRIVATE LIMITED,CMA,TRANSWORLD-DADRI,07-04-26,,
1649,TEMU9373799,AL-AALI EXPORTS PVT LTD-(UP),CMA,TRANSWORLD-DADRI,07-04-26,,
1650,SEGU9226894,MASH AGRO FOODS LTD-UP,CMA,TRANSWORLD-DADRI,07-04-26,,
1651,CXRU1555565,AL-AALI EXPORTS PVT LTD-(UP),CMA,TRANSWORLD-DADRI,07-04-26,,
1652,TTNU8016953,MEEM AGRO FOODS PVT LTD,CMA,TRANSWORLD-DADRI,07-04-26,,
1653,CGMU6537915,IFF INDIA FROZEN FOODS PRIVATE LIMITED,CMA,TRANSWORLD-DADRI,07-04-26,,
1654,TCLU1238706,IFF INDIA FROZEN FOODS PRIVATE LIMITED,CMA,TRANSWORLD-DADRI,07-04-26,,
1655,SZLU9891795,MARYA FROZEN AGRO FOOD PRODUCTS PVT LTD-POORAN JI-DELHI,CMA,TRANSWORLD-DADRI,07-04-26,,
1656,EMCU5617353,AL AMMAR FROZEN FOOD EXPORTS PVT LTD,EVERGREEN,TRANSWORLD-DADRI,07-04-26,,
1657,CAAU4219779,IFF INDIA FROZEN FOODS PRIVATE LIMITED,HUB  & LINKS,TRANSWORLD-DADRI,07-04-26,,
1658,CAAU4220450,HMA AGRO INDUSTRIES LTD,HUB  & LINKS,TRANSWORLD-DADRI,07-04-26,,
1659,ARKU5019226,IFF INDIA FROZEN FOODS PRIVATE LIMITED,ARKAS LINE,TRANSWORLD-DADRI,07-04-26,,
1660,ARKU5005270,IFF INDIA FROZEN FOODS PRIVATE LIMITED,ARKAS LINE,TRANSWORLD-DADRI,07-04-26,,
1662,TTNU8435081,MEEM AGRO FOODS PVT LTD,CORTEN,TRANSWORLD-DADRI,07-04-26,,
1663,SEGU9656703,IFF INDIA FROZEN FOODS PRIVATE LIMITED,CMA,TRANSWORLD-DADRI,07-04-26,,
1664,APRU6122229,IFF INDIA FROZEN FOODS PRIVATE LIMITED,CMA,TRANSWORLD-DADRI,07-04-26,,
1665,TEMU9097659,IFF INDIA FROZEN FOODS PRIVATE LIMITED,CMA,TRANSWORLD-DADRI,07-04-26,,
1666,CGMU9361265,MASH AGRO FOODS LTD-UP,CMA,TRANSWORLD-DADRI,07-04-26,,
1667,TRIU8965975,MASH AGRO FOODS LTD-UP,CMA,TRANSWORLD-DADRI,07-04-26,,
1668,EMCU5553074,AL AMMAR FROZEN FOOD EXPORTS PVT LTD,EVERGREEN,TRANSWORLD-DADRI,07-04-26,,
1669,SEGU9389269,AL-NASIR EXPORTS PVT LTD (U.P),HAPAG,TRANSWORLD-DADRI,07-04-26,,
1670,TEMU9491087,RAYBAN FROZEN FOODS PVT.LTD,CMA,TRANSWORLD-DADRI,07-04-26,,
1671,SZLU9842759,IFF INDIA FROZEN FOODS PRIVATE LIMITED,CMA,TRANSWORLD-DADRI,07-04-26,,
1672,OTPU6676879,IFF INDIA FROZEN FOODS PRIVATE LIMITED,WAN HAI,TRANSWORLD-DADRI,07-04-26,,
1673,CAAU4219790,HMA AGRO INDUSTRIES LTD,HUB  & LINKS,TRANSWORLD-DADRI,07-04-26,,
1674,SEKU9080490,MIRHA EXPORTS PVT. LTD.(PUNJAB),WAN HAI,TRANSWORLD-DADRI,07-04-26,,
1675,FBIU5123011,MIRHA EXPORTS PVT. LTD.(PUNJAB),WAN HAI,TRANSWORLD-DADRI,07-04-26,,
1676,CGMU9387383,MASH AGRO FOODS LTD-UP,CMA,TRANSWORLD-DADRI,07-04-26,,
1677,OTPU6678547,IFF INDIA FROZEN FOODS PRIVATE LIMITED,WAN HAI,TRANSWORLD-DADRI,07-04-26,,
1678,SEKU9341803,IFF INDIA FROZEN FOODS PRIVATE LIMITED,WAN HAI,TRANSWORLD-DADRI,07-04-26,,
1679,OTPU6772574,AL-NASIR EXPORTS PVT LTD (U.P),WAN HAI,TRANSWORLD-DADRI,07-04-26,,
1680,OTPU6833129,IFF INDIA FROZEN FOODS PRIVATE LIMITED,WAN HAI,TRANSWORLD-DADRI,07-04-26,,
1681,EMCU5645458,AL-SUPER FROZEN FOODS PVT LTD,EVERGREEN,TRANSWORLD-DADRI,07-04-26,,
1712,SEKU9168534,IFF INDIA FROZEN FOODS PRIVATE LIMITED,WAN HAI,TRANSWORLD-DADRI,06-12-25,,
1713,ARKU5022512,IFF INDIA FROZEN FOODS PRIVATE LIMITED,ARKAS LINE,TRANSWORLD-DADRI,06-12-25,,
1714,ARKU5027345,IFF INDIA FROZEN FOODS PRIVATE LIMITED,ARKAS LINE,TRANSWORLD-DADRI,06-12-25,,
1715,TTNU8252748,HMA AGRO INDUSTRIES LTD,CMA,TRANSWORLD-DADRI,06-12-25,,
1716,TTNU8436642,AL AAYAT FOOD EXPO PVT. LTD,CMA,TRANSWORLD-DADRI,06-12-25,,
1717,ARKU5013022,IFF INDIA FROZEN FOODS PRIVATE LIMITED,ARKAS LINE,TRANSWORLD-DADRI,06-12-25,,
1718,EGSU5079806,IFF INDIA FROZEN FOODS PRIVATE LIMITED,EVERGREEN,TRANSWORLD-DADRI,06-12-25,,
1719,OTPU6690820,IFF INDIA FROZEN FOODS PRIVATE LIMITED,WAN HAI,TRANSWORLD-DADRI,06-12-25,,
1720,SZLU9863514,AL AAYAT FOOD EXPO PVT. LTD,CMA,TRANSWORLD-DADRI,06-12-25,,
1721,EMCU5560807,HMA AGRO INDUSTRIES LTD,EVERGREEN,TRANSWORLD-DADRI,06-04-26,,
1722,EMCU5486150,HMA AGRO INDUSTRIES LTD,EVERGREEN,TRANSWORLD-DADRI,06-04-26,,
1723,EMCU5452320,MIRHA EXPORTS PVT. LTD.(PUNJAB),EVERGREEN,TRANSWORLD-DADRI,06-04-26,,
1724,EMCU5472666,INTERNATIONAL AGRO FOODS,EVERGREEN,TRANSWORLD-DADRI,06-04-26,,
1725,ARKU5005120,IFF INDIA FROZEN FOODS PRIVATE LIMITED,ARKAS LINE,TRANSWORLD-DADRI,06-04-26,,
1726,FBIU5325732,HMA AGRO INDUSTRIES LTD,WAN HAI,TRANSWORLD-DADRI,06-04-26,,
1727,TTNU8336725,IFF INDIA FROZEN FOODS PRIVATE LIMITED,CORTEN,TRANSWORLD-DADRI,06-04-26,,
1728,EMCU5502755,INTERNATIONAL AGRO FOODS,EVERGREEN,TRANSWORLD-DADRI,06-04-26,,
1729,OTPU6756491,IFF INDIA FROZEN FOODS PRIVATE LIMITED,WAN HAI,TRANSWORLD-DADRI,06-04-26,,
1730,EGSU5062531,HMA AGRO INDUSTRIES LTD,EVERGREEN,TRANSWORLD-DADRI,06-04-26,,
1731,EMCU5516070,AL AMMAR FROZEN FOOD EXPORTS PVT LTD,EVERGREEN,TRANSWORLD-DADRI,06-04-26,,
1795,OTPU6688972,AL HAMD EXPORTS,WAN HAI,TRANSWORLD-DADRI,05-12-25,,
1796,ARKU5002795,AL AMMAR FROZEN FOOD EXPORTS PVT LTD,ARKAS LINE,TRANSWORLD-DADRI,05-11-25,,
1797,ARKU5009634,AL AMMAR FROZEN FOOD EXPORTS PVT LTD,ARKAS LINE,TRANSWORLD-DADRI,05-11-25,,
1798,ARKU5024921,AL AMMAR FROZEN FOOD EXPORTS PVT LTD,ARKAS LINE,TRANSWORLD-DADRI,05-11-25,,
1799,ARKU5032320,AL AMMAR FROZEN FOOD EXPORTS PVT LTD,ARKAS LINE,TRANSWORLD-DADRI,05-11-25,,
1800,ARKU5001187,AL AMMAR FROZEN FOOD EXPORTS PVT LTD,ARKAS LINE,TRANSWORLD-DADRI,05-11-25,,
1801,ARKU5022549,AL AMMAR FROZEN FOOD EXPORTS PVT LTD,ARKAS LINE,TRANSWORLD-DADRI,05-11-25,,
1802,ARKU5007225,AL AMMAR FROZEN FOOD EXPORTS PVT LTD,ARKAS LINE,TRANSWORLD-DADRI,05-11-25,,
1803,ARKU5005578,AL AMMAR FROZEN FOOD EXPORTS PVT LTD,ARKAS LINE,TRANSWORLD-DADRI,05-11-25,,
1804,SEGU9567720,IFF INDIA FROZEN FOODS PRIVATE LIMITED,WAN HAI,TRANSWORLD-DADRI,05-08-25,,
1805,FBIU5120476,IFF INDIA FROZEN FOODS PRIVATE LIMITED,WAN HAI,TRANSWORLD-DADRI,05-08-25,,
1806,FSCU5925091,IFF INDIA FROZEN FOODS PRIVATE LIMITED,WAN HAI,TRANSWORLD-DADRI,05-08-25,,
1807,ARKU5004530,AL AMMAR FROZEN FOOD EXPORTS PVT LTD,ARKAS LINE,TRANSWORLD-DADRI,05-08-25,,
1808,OTPU6196524,IFF INDIA FROZEN FOODS PRIVATE LIMITED,WAN HAI,TRANSWORLD-DADRI,05-08-25,,
1809,BMOU9742527,AL AMMAR FROZEN FOOD EXPORTS PVT LTD,CMA,TRANSWORLD-DADRI,05-08-25,,
1810,OTPU6689449,IFF INDIA FROZEN FOODS PRIVATE LIMITED,WAN HAI,TRANSWORLD-DADRI,05-08-25,,
1811,OTPU6668174,MIRHA EXPORTS PVT. LTD.(PUNJAB),WAN HAI,TRANSWORLD-DADRI,05-08-25,,
1812,FBIU5360271,IFF INDIA FROZEN FOODS PRIVATE LIMITED,WAN HAI,TRANSWORLD-DADRI,05-08-25,,
1813,OTPU6200624,IFF INDIA FROZEN FOODS PRIVATE LIMITED,WAN HAI,TRANSWORLD-DADRI,05-08-25,,
1814,ARKU5012860,AL AMMAR FROZEN FOOD EXPORTS PVT LTD,ARKAS LINE,TRANSWORLD-DADRI,05-08-25,,
1854,SEKU9093672,IFF INDIA FROZEN FOODS PRIVATE LIMITED,WAN HAI,TRANSWORLD-DADRI,04-12-25,,
1855,OTPU6194413,AL-NASIR EXPORTS PVT LTD (U.P),WAN HAI,TRANSWORLD-DADRI,04-12-25,,
1856,TCLU1179440,IFF INDIA FROZEN FOODS PRIVATE LIMITED,HAPAG,TRANSWORLD-DADRI,04-12-25,,
1857,FSCU5707274,HMA AGRO INDUSTRIES LTD,WAN HAI,TRANSWORLD-DADRI,04-12-25,,
1858,EMCU5690478,AL-NASIR EXPORTS PVT LTD (U.P),EVERGREEN,TRANSWORLD-DADRI,04-12-25,,
1859,EMCU5717434,AL-NASIR EXPORTS PVT LTD (U.P),EVERGREEN,TRANSWORLD-DADRI,04-12-25,,
1860,OTPU6754776,IFF INDIA FROZEN FOODS PRIVATE LIMITED,WAN HAI,TRANSWORLD-DADRI,04-12-25,,
1861,SZLU9807001,FALAK FROZEN FOOD EXPORTS PRIVATE LIMITED,CMA,TRANSWORLD-DADRI,04-12-25,,
1862,TTNU8381494,HMA AGRO INDUSTRIES LTD,CMA,TRANSWORLD-DADRI,04-12-25,,
1863,OTPU6254976,HMA AGRO INDUSTRIES LTD,WAN HAI,TRANSWORLD-DADRI,04-12-25,,
1864,TCLU1305390,AL-NASIR EXPORTS PVT LTD (U.P),CMA,TRANSWORLD-DADRI,04-12-25,,
1865,CXRU1363562,HMA AGRO INDUSTRIES LTD,CMA,TRANSWORLD-DADRI,04-12-25,,
1866,TCLU1320476,AL AAYAT FOOD EXPO PVT. LTD,OCEAN,TRANSWORLD-DADRI,04-12-25,,
1867,SEKU9084069,IFF INDIA FROZEN FOODS PRIVATE LIMITED,WAN HAI,TRANSWORLD-DADRI,04-12-25,,
1868,SEGU9836921,AL AAYAT FOOD EXPO PVT. LTD,OCEAN,TRANSWORLD-DADRI,04-12-25,,
1869,OTPU6829345,HMA AGRO INDUSTRIES LTD,WAN HAI,TRANSWORLD-DADRI,04-12-25,,
1870,OTPU6727111,INTERNATIONAL AGRO FOODS,WAN HAI,TRANSWORLD-DADRI,04-11-25,,
1871,ONEU9087440,AL-NASIR EXPORTS PVT LTD (U.P),OCEAN,TRANSWORLD-DADRI,04-11-25,,
1872,OOLU6455257,AL AMMAR FROZEN FOOD EXPORTS PVT LTD,OOCL,TRANSWORLD-DADRI,04-11-25,,
1873,OOLU6480917,MIRHA EXPORTS PVT. LTD.(PUNJAB),OOCL,TRANSWORLD-DADRI,04-11-25,,
1874,OTPU6201723,INTERNATIONAL AGRO FOODS,WAN HAI,TRANSWORLD-DADRI,04-11-25,,
1875,FSCU5902075,AL AMMAR FROZEN FOOD EXPORTS PVT LTD,OCEAN,TRANSWORLD-DADRI,04-11-25,,
1876,OTPU6245233,INTERNATIONAL AGRO FOODS,WAN HAI,TRANSWORLD-DADRI,04-11-25,,
1877,TTNU8372759,AL AAYAT FOOD EXPO PVT. LTD,CMA,TRANSWORLD-DADRI,04-11-25,,
1878,SEGU9747280,HMA AGRO INDUSTRIES LTD,WAN HAI,TRANSWORLD-DADRI,04-11-25,,
1879,SEGU9646412,AL-NASIR EXPORTS PVT LTD (U.P),WAN HAI,TRANSWORLD-DADRI,04-11-25,,
1880,TTNU8860537,MIRHA EXPORTS PVT. LTD.(PUNJAB),OCEAN,TRANSWORLD-DADRI,04-11-25,,
1881,CGMU9371812,HMA AGRO INDUSTRIES LTD,CMA,TRANSWORLD-DADRI,04-11-25,,
1882,SEGU9567680,INTERNATIONAL AGRO FOODS,WAN HAI,TRANSWORLD-DADRI,04-11-25,,
1883,CXRU1483207,IFF INDIA FROZEN FOODS PRIVATE LIMITED,HAPAG,TRANSWORLD-DADRI,04-11-25,,
1884,OTPU6256813,HMA AGRO INDUSTRIES LTD,WAN HAI,TRANSWORLD-DADRI,04-11-25,,
1885,OTPU6247555,PETAL EXPORTS,WAN HAI,TRANSWORLD-DADRI,04-11-25,,
1886,ONEU9124415,AL HASSAN OVRESEAS  PVT LTD-UP,OCEAN,TRANSWORLD-DADRI,04-11-25,,
1887,OTPU6249990,HMA AGRO INDUSTRIES LTD,WAN HAI,TRANSWORLD-DADRI,04-11-25,,
1888,SZLU9754724,INTERNATIONAL AGRO FOODS,WAN HAI,TRANSWORLD-DADRI,04-11-25,,
1889,SZLU9562927,HMA AGRO INDUSTRIES LTD,OCEAN,TRANSWORLD-DADRI,04-11-25,,
1890,SZLU9751685,INTERNATIONAL AGRO FOODS,WAN HAI,TRANSWORLD-DADRI,04-11-25,,
1891,GESU9533330,IFF INDIA FROZEN FOODS PRIVATE LIMITED,HAPAG,TRANSWORLD-DADRI,04-11-25,,
1892,CGMU5105814,HMA AGRO INDUSTRIES LTD,CMA,TRANSWORLD-DADRI,04-11-25,,
1893,TCLU1293792,HMA AGRO INDUSTRIES LTD,CMA,TRANSWORLD-DADRI,04-11-25,,
1894,ARKU5006070,IFF INDIA FROZEN FOODS PRIVATE LIMITED,ARKAS LINE,TRANSWORLD-DADRI,04-11-25,,
1895,ARKU5022235,IFF INDIA FROZEN FOODS PRIVATE LIMITED,ARKAS LINE,TRANSWORLD-DADRI,04-11-25,,
1896,EGSU5055316,AL-NASIR EXPORTS PVT LTD (U.P),EVERGREEN,TRANSWORLD-DADRI,04-09-25,,
1897,SEGU9576188,HMA AGRO INDUSTRIES LTD,CMA,TRANSWORLD-DADRI,04-09-25,,
1898,EMCU5510880,HMA AGRO INDUSTRIES LTD,EVERGREEN,TRANSWORLD-DADRI,04-09-25,,
1899,TTNU8374659,AL HASSAN OVRESEAS  PVT LTD-UP,CMA,TRANSWORLD-DADRI,04-09-25,,
1900,CAIU5654407,HMA AGRO INDUSTRIES LTD,CMA,TRANSWORLD-DADRI,04-09-25,,
1901,SEGU9160009,PURE FOODSTUFF PRIVATE LIMITED,CMA,TRANSWORLD-DADRI,04-09-25,,
1902,SEKU9340659,IFF INDIA FROZEN FOODS PRIVATE LIMITED,WAN HAI,TRANSWORLD-DADRI,04-09-25,,
1903,FSCU5323094,IFF INDIA FROZEN FOODS PRIVATE LIMITED,OOCL,TRANSWORLD-DADRI,04-09-25,,
1904,ARKU5007708,IFF INDIA FROZEN FOODS PRIVATE LIMITED,ARKAS LINE,TRANSWORLD-DADRI,04-09-25,,
1905,EMCU5639809,IFF INDIA FROZEN FOODS PRIVATE LIMITED,EVERGREEN,TRANSWORLD-DADRI,04-09-25,,
1906,EMCU5694848,AL AMMAR FROZEN FOOD EXPORTS PVT LTD,EVERGREEN,TRANSWORLD-DADRI,04-08-25,,
1907,FSCU5926415,AL AAYAT FOOD EXPO PVT. LTD,WAN HAI,TRANSWORLD-DADRI,04-08-25,,
1908,SEKU9082364,AL AAYAT FOOD EXPO PVT. LTD,WAN HAI,TRANSWORLD-DADRI,04-08-25,,
1909,TTNU8038628,AL-NASIR EXPORTS PVT LTD (U.P),CMA,TRANSWORLD-DADRI,04-08-25,,
1910,OTPU6683501,MIRHA EXPORTS PVT. LTD.(PUNJAB),WAN HAI,TRANSWORLD-DADRI,04-08-25,,
1911,TEMU9437574,AL-NASIR EXPORTS PVT LTD (U.P),CMA,TRANSWORLD-DADRI,04-08-25,,
1912,ARKU5010620,AL AMMAR FROZEN FOOD EXPORTS PVT LTD,ARKAS LINE,TRANSWORLD-DADRI,04-08-25,,
1913,ARKU5002202,AL-NASIR EXPORTS PVT LTD (U.P),ARKAS LINE,TRANSWORLD-DADRI,04-08-25,,
1914,FBIU5381910,HMA AGRO INDUSTRIES LTD,WAN HAI,TRANSWORLD-DADRI,04-04-26,,
1915,EMCU5456536,HMA AGRO INDUSTRIES LTD,EVERGREEN,TRANSWORLD-DADRI,04-04-26,,
1916,EGSU5069665,HMA AGRO INDUSTRIES LTD,EVERGREEN,TRANSWORLD-DADRI,04-04-26,,
1918,HLBU9277264,HMA AGRO INDUSTRIES LTD,HAPAG,TRANSWORLD-DADRI,04-04-26,,
1919,EGSU5077104,HMA AGRO INDUSTRIES LTD,EVERGREEN,TRANSWORLD-DADRI,04-04-26,,
1920,OTPU6819100,IFF INDIA FROZEN FOODS PRIVATE LIMITED,WAN HAI,TRANSWORLD-DADRI,04-04-26,,
1924,CGMU9394525,RAYBAN FROZEN FOODS PVT.LTD,CMA,TRANSWORLD-DADRI,04-04-26,,
1926,CXRU1066625,AL HASSAN OVRESEAS  PVT LTD-UP,HAPAG,TRANSWORLD-DADRI,04-04-26,,
1927,ARKU5028450,INTERNATIONAL AGRO FOODS,ARKAS LINE,TRANSWORLD-DADRI,04-04-26,,
1928,GMOU9021171,AL-NASIR EXPORTS PVT LTD (U.P),GOLD STAR,TRANSWORLD-DADRI,04-04-26,,
1929,GMOU9034862,AL-NASIR EXPORTS PVT LTD (U.P),GOLD STAR,TRANSWORLD-DADRI,04-04-26,,
1934,HLBU9086720,AL-NASIR EXPORTS PVT LTD (U.P),HAPAG,TRANSWORLD-DADRI,04-04-26,,
1945,OTPU6192431,INTERNATIONAL AGRO FOODS,WAN HAI,TRANSWORLD-DADRI,03-12-25,,
1946,CGMU5300493,AL-NASIR EXPORTS PVT LTD (U.P),CMA,TRANSWORLD-DADRI,03-12-25,,
1947,CXRU1070461,AL-NASIR EXPORTS PVT LTD (U.P),CMA,TRANSWORLD-DADRI,03-12-25,,
1948,FBIU5302568,IFF INDIA FROZEN FOODS PRIVATE LIMITED,WAN HAI,TRANSWORLD-DADRI,03-12-25,,
1949,FSCU5927772,AL-NASIR EXPORTS PVT LTD (U.P),WAN HAI,TRANSWORLD-DADRI,03-12-25,,
1950,EGSU5087479,HMA AGRO INDUSTRIES LTD,EVERGREEN,TRANSWORLD-DADRI,03-12-25,,
1951,EMCU5659153,HMA AGRO INDUSTRIES LTD,EVERGREEN,TRANSWORLD-DADRI,03-12-25,,
1952,CGMU5094411,AL-NASIR EXPORTS PVT LTD (U.P),CMA,TRANSWORLD-DADRI,03-12-25,,
1953,TEMU9257799,AL-NASIR EXPORTS PVT LTD (U.P),CMA,TRANSWORLD-DADRI,03-12-25,,
1954,OTPU6809138,IFF INDIA FROZEN FOODS PRIVATE LIMITED,WAN HAI,TRANSWORLD-DADRI,03-12-25,,
1955,HLBU9486752,TEGH AGRO FOODS PRIVATE LIMITED,HAPAG,TRANSWORLD-DADRI,03-12-25,,
1956,EMCU5749112,HMA AGRO INDUSTRIES LTD,EVERGREEN,TRANSWORLD-DADRI,03-12-25,,
1957,SZLU9155027,MIRHA EXPORTS PVT. LTD.(PUNJAB),CMA,TRANSWORLD-DADRI,03-12-25,,
1958,EGSU5077803,HMA AGRO INDUSTRIES LTD,EVERGREEN,TRANSWORLD-DADRI,03-12-25,,
1959,HLBU9658208,IFF INDIA FROZEN FOODS PRIVATE LIMITED,HAPAG,TRANSWORLD-DADRI,03-11-25,,
1960,BMOU9643822,AL HASSAN OVRESEAS  PVT LTD-UP,CMA,TRANSWORLD-DADRI,03-11-25,,
1961,OOLU6447610,AL AMMAR FROZEN FOOD EXPORTS PVT LTD,OOCL,TRANSWORLD-DADRI,03-11-25,,
1962,FBIU5379699,IFF INDIA FROZEN FOODS PRIVATE LIMITED,WAN HAI,TRANSWORLD-DADRI,03-11-25,,
1963,SZLU9734266,HMA AGRO INDUSTRIES LTD,WAN HAI,TRANSWORLD-DADRI,03-11-25,,
1964,FSCU5746985,IFF INDIA FROZEN FOODS PRIVATE LIMITED,OCEAN,TRANSWORLD-DADRI,03-11-25,,
1965,ONEU9175080,AL-AALI EXPORTS PVT LTD-(UP),OCEAN,TRANSWORLD-DADRI,03-11-25,,
1966,TRIU8836577,IFF INDIA FROZEN FOODS PRIVATE LIMITED,GOODRICH,TRANSWORLD-DADRI,03-11-25,,
1967,EMCU5689950,AL AMMAR FROZEN FOOD EXPORTS PVT LTD,EVERGREEN,TRANSWORLD-DADRI,03-11-25,,
1968,ONEU9007260,HMA AGRO INDUSTRIES LTD,OCEAN,TRANSWORLD-DADRI,03-11-25,,
1969,OTPU6252037,HMA AGRO INDUSTRIES LTD,WAN HAI,TRANSWORLD-DADRI,03-11-25,,
1970,HLBU9120383,IFF INDIA FROZEN FOODS PRIVATE LIMITED,HAPAG,TRANSWORLD-DADRI,03-11-25,,
1971,OTPU6217099,MIRHA EXPORTS PVT. LTD.(PUNJAB),EVERGREEN,TRANSWORLD-DADRI,03-11-25,,
1972,SEKU9162665,AL-NASIR EXPORTS PVT LTD (U.P),WAN HAI,TRANSWORLD-DADRI,03-11-25,,
1973,SEGU9933351,MKEEN INTERNATIONAL,WAN HAI,TRANSWORLD-DADRI,03-09-25,,
1974,OOLU6480305,AL AMMAR FROZEN FOOD EXPORTS PVT LTD,OOCL,TRANSWORLD-DADRI,03-09-25,,
1975,TTNU8079289,IFF INDIA FROZEN FOODS PRIVATE LIMITED,HAPAG,TRANSWORLD-DADRI,03-09-25,,
1976,SZLU9753543,INTERNATIONAL AGRO FOODS,WAN HAI,TRANSWORLD-DADRI,03-09-25,,
1977,CGMU5350956,HMA AGRO INDUSTRIES LTD,CMA,TRANSWORLD-DADRI,03-09-25,,
1978,OTPU6691718,IFF INDIA FROZEN FOODS PRIVATE LIMITED,WAN HAI,TRANSWORLD-DADRI,03-09-25,,
1979,CGMU9389494,HMA AGRO INDUSTRIES LTD,CMA,TRANSWORLD-DADRI,03-09-25,,
1980,FBIU5387040,INTERNATIONAL AGRO FOODS,WAN HAI,TRANSWORLD-DADRI,03-09-25,,
1981,TTNU8250010,HMA AGRO INDUSTRIES LTD,CMA,TRANSWORLD-DADRI,03-09-25,,
2013,SZLU9737901,IFF INDIA FROZEN FOODS PRIVATE LIMITED,WAN HAI,TRANSWORLD-DADRI,02-12-25,,
2014,FBIU5361663,INTERNATIONAL AGRO FOODS,WAN HAI,TRANSWORLD-DADRI,02-12-25,,
2015,OTPU6136295,AL HASSAN OVRESEAS  PVT LTD-UP,OOCL,TRANSWORLD-DADRI,02-12-25,,
2016,SEGU9393891,HMA AGRO INDUSTRIES LTD,CMA,TRANSWORLD-DADRI,02-12-25,,
2017,TCLU1367621,HMA AGRO INDUSTRIES LTD,CMA,TRANSWORLD-DADRI,02-12-25,,
2018,TTNU8244444,AL-SUPER FROZEN FOODS PVT LTD,CMA,TRANSWORLD-DADRI,02-12-25,,
2019,SEGU9929304,AL AAYAT FOOD EXPO PVT. LTD,WAN HAI,TRANSWORLD-DADRI,02-12-25,,
2020,SZLU9891706,IFF INDIA FROZEN FOODS PRIVATE LIMITED,ARKAS LINE,TRANSWORLD-DADRI,02-12-25,,
2021,OTPU6193309,AL-AALI EXPORTS PVT LTD-(UP),WAN HAI,TRANSWORLD-DADRI,02-12-25,,
2022,HLXU8756001,IFF INDIA FROZEN FOODS PRIVATE LIMITED,HAPAG,TRANSWORLD-DADRI,02-12-25,,
2023,OTPU6724811,IFF INDIA FROZEN FOODS PRIVATE LIMITED,WAN HAI,TRANSWORLD-DADRI,02-12-25,,
2024,FBIU5377309,AL AMMAR FROZEN FOOD EXPORTS PVT LTD,KMTC,TRANSWORLD-DADRI,02-12-25,,
2025,SZLU9841006,IFF INDIA FROZEN FOODS PRIVATE LIMITED,ARKAS LINE,TRANSWORLD-DADRI,02-12-25,,
2026,SZLU9907340,IFF INDIA FROZEN FOODS PRIVATE LIMITED,WAN HAI,TRANSWORLD-DADRI,02-12-25,,
2027,BMOU9805076,IFF INDIA FROZEN FOODS PRIVATE LIMITED,CMA,TRANSWORLD-DADRI,02-12-25,,
2028,TRIU8430802,IFF INDIA FROZEN FOODS PRIVATE LIMITED,JODAC SHIPPING LINE PVT LTD,TRANSWORLD-DADRI,02-12-25,,
2029,EMCU5724963,AL AMMAR FROZEN FOOD EXPORTS PVT LTD,EVERGREEN,TRANSWORLD-DADRI,02-09-25,,
2030,FBIU5380982,INTERNATIONAL AGRO FOODS,WAN HAI,TRANSWORLD-DADRI,02-09-25,,
2031,EMCU5660597,AL AMMAR FROZEN FOOD EXPORTS PVT LTD,EVERGREEN,TRANSWORLD-DADRI,02-09-25,,
2032,EMCU5710980,HMA AGRO INDUSTRIES LTD,EVERGREEN,TRANSWORLD-DADRI,02-09-25,,
2033,OTPU6217864,HMA AGRO INDUSTRIES LTD,EVERGREEN,TRANSWORLD-DADRI,02-09-25,,
2034,ARKU5014559,AL AMMAR FROZEN FOOD EXPORTS PVT LTD,ARKAS LINE,TRANSWORLD-DADRI,02-09-25,,
2035,ARKU5014163,PURE FOODSTUFF PRIVATE LIMITED,ARKAS LINE,TRANSWORLD-DADRI,02-09-25,,
2036,OTPU6250292,INTERNATIONAL AGRO FOODS,WAN HAI,TRANSWORLD-DADRI,02-09-25,,
2037,CGMU5096749,IFF INDIA FROZEN FOODS PRIVATE LIMITED,CMA,TRANSWORLD-DADRI,02-09-25,,
2038,TCLU1249275,IFF INDIA FROZEN FOODS PRIVATE LIMITED,CMA,TRANSWORLD-DADRI,02-09-25,,
2039,EMCU5516240,IFF INDIA FROZEN FOODS PRIVATE LIMITED,EVERGREEN,TRANSWORLD-DADRI,02-09-25,,
2040,OTPU6203813,AL-NASIR EXPORTS PVT LTD (U.P),WAN HAI,TRANSWORLD-DADRI,02-08-25,,
2041,SEGU9703092,IFF INDIA FROZEN FOODS PRIVATE LIMITED,WAN HAI,TRANSWORLD-DADRI,02-08-25,,
2042,OTPU6197937,IFF INDIA FROZEN FOODS PRIVATE LIMITED,WAN HAI,TRANSWORLD-DADRI,02-08-25,,
2043,EMCU5612726,AL-AALI EXPORTS PVT LTD-(UP),EVERGREEN,TRANSWORLD-DADRI,02-08-25,,
2044,SEKU9373842,AL HASSAN OVRESEAS  PVT LTD-UP,WAN HAI,TRANSWORLD-DADRI,02-08-25,,
2045,SEGU9408693,HMA AGRO INDUSTRIES LTD,CMA,TRANSWORLD-DADRI,02-08-25,,
2046,FSCU5351500,RAYBAN FROZEN FOODS PVT.LTD,OOCL,TRANSWORLD-DADRI,02-08-25,,
2047,TRIU8691405,RAYBAN FROZEN FOODS PVT.LTD,CMA,TRANSWORLD-DADRI,02-04-26,,
2049,OTPU6245568,HMA AGRO INDUSTRIES LTD,WAN HAI,TRANSWORLD-DADRI,02-04-26,,
2051,GMOU9030975,INTERNATIONAL AGRO FOODS,GOLD STAR,TRANSWORLD-DADRI,02-04-26,,
2052,GCXU8014153,IFF INDIA FROZEN FOODS PRIVATE LIMITED,ARKAS LINE,TRANSWORLD-DADRI,02-04-26,,
2053,ARKU5008108,IFF INDIA FROZEN FOODS PRIVATE LIMITED,ARKAS LINE,TRANSWORLD-DADRI,02-04-26,,
2055,ARKU5010105,IFF INDIA FROZEN FOODS PRIVATE LIMITED,ARKAS LINE,TRANSWORLD-DADRI,02-04-26,,
2056,ARKU5004988,IFF INDIA FROZEN FOODS PRIVATE LIMITED,ARKAS LINE,TRANSWORLD-DADRI,02-04-26,,
2057,ARKU5008263,IFF INDIA FROZEN FOODS PRIVATE LIMITED,ARKAS LINE,TRANSWORLD-DADRI,02-04-26,,
2058,EMCU5566600,AL AMMAR FROZEN FOOD EXPORTS PVT LTD,EVERGREEN,TRANSWORLD-DADRI,02-04-26,,
2061,ARKU5023123,INTERNATIONAL AGRO FOODS,ARKAS LINE,TRANSWORLD-DADRI,02-04-26,,
2062,CXRU1116433,RAYBAN FROZEN FOODS PVT.LTD,CMA,TRANSWORLD-DADRI,02-04-26,,
2063,SEGU9618452,HMA AGRO INDUSTRIES LTD,WAN HAI,TRANSWORLD-DADRI,02-04-26,,
2125,EMCU5633652,AL-NASIR EXPORTS PVT LTD (U.P),EVERGREEN,TRANSWORLD-DADRI,01-12-25,,
2126,ARKU5025825,ARS AGRO FOODS,ARKAS LINE,TRANSWORLD-DADRI,01-12-25,,
2127,CAIU5513667,IFF INDIA FROZEN FOODS PRIVATE LIMITED,HAPAG,TRANSWORLD-DADRI,01-12-25,,
2128,BMOU9641780,AL AAYAT FOOD EXPO PVT. LTD,CMA,TRANSWORLD-DADRI,01-12-25,,
2129,EMCU5404830,AL AMMAR FROZEN FOOD EXPORTS PVT LTD,EVERGREEN,TRANSWORLD-DADRI,01-12-25,,
2130,SEGU9557510,HMA AGRO INDUSTRIES LTD,CMA,TRANSWORLD-DADRI,01-12-25,,
2131,OTPU6197752,IFF INDIA FROZEN FOODS PRIVATE LIMITED,WAN HAI,TRANSWORLD-DADRI,01-12-25,,
2132,CGMU5290820,HMA AGRO INDUSTRIES LTD,CMA,TRANSWORLD-DADRI,01-12-25,,
2133,ARKU5024808,IFF INDIA FROZEN FOODS PRIVATE LIMITED,ARKAS LINE,TRANSWORLD-DADRI,01-12-25,,
2134,ARKU5005270,IFF INDIA FROZEN FOODS PRIVATE LIMITED,ARKAS LINE,TRANSWORLD-DADRI,01-12-25,,
2135,HLBU9149860,IFF INDIA FROZEN FOODS PRIVATE LIMITED,HAPAG,TRANSWORLD-DADRI,01-12-25,,
2136,OTPU6193280,AL-NASIR EXPORTS PVT LTD (U.P),WAN HAI,TRANSWORLD-DADRI,01-12-25,,
2137,HLBU6087126,IFF INDIA FROZEN FOODS PRIVATE LIMITED,HAPAG,TRANSWORLD-DADRI,01-11-25,,
2138,HLBU9171673,IFF INDIA FROZEN FOODS PRIVATE LIMITED,HAPAG,TRANSWORLD-DADRI,01-11-25,,
2139,CGMU6578262,MEDINA FROZEN FOOD EXPORTPVT LTD,CMA,TRANSWORLD-DADRI,01-11-25,,
2140,HLBU6134697,IFF INDIA FROZEN FOODS PRIVATE LIMITED,HAPAG,TRANSWORLD-DADRI,01-11-25,,
2141,SEGU9703512,AL-NASIR EXPORTS PVT LTD (U.P),WAN HAI,TRANSWORLD-DADRI,01-09-25,,
2142,OTPU6245470,AL-NASIR EXPORTS PVT LTD (U.P),WAN HAI,TRANSWORLD-DADRI,01-09-25,,
2143,EMCU5645611,AL-NASIR EXPORTS PVT LTD (U.P),EVERGREEN,TRANSWORLD-DADRI,01-09-25,,
2144,FSCU5707119,INTERNATIONAL AGRO FOODS,WAN HAI,TRANSWORLD-DADRI,01-09-25,,
2145,IKSU4007166,HMA AGRO INDUSTRIES LTD,CMA,TRANSWORLD-DADRI,01-09-25,,
2146,SEGU9932015,AL-NASIR EXPORTS PVT LTD (U.P),WAN HAI,TRANSWORLD-DADRI,01-09-25,,
2147,SEGU9922486,INTERNATIONAL AGRO FOODS,WAN HAI,TRANSWORLD-DADRI,01-09-25,,
2148,ARKU5016470,IFF INDIA FROZEN FOODS PRIVATE LIMITED,ARKAS LINE,TRANSWORLD-DADRI,01-09-25,,
2149,EMCU5707396,HMA AGRO INDUSTRIES LTD,EVERGREEN,TRANSWORLD-DADRI,01-09-25,,
2150,SEKU9104720,AL AMMAR FROZEN FOOD EXPORTS PVT LTD,KMTC,TRANSWORLD-DADRI,01-09-25,,
2151,EMCU5677389,IFF INDIA FROZEN FOODS PRIVATE LIMITED,EVERGREEN,TRANSWORLD-DADRI,01-09-25,,
2152,FSCU5872216,AL AMMAR FROZEN FOOD EXPORTS PVT LTD,KMTC,TRANSWORLD-DADRI,01-09-25,,
2153,EMCU5745550,IFF INDIA FROZEN FOODS PRIVATE LIMITED,EVERGREEN,TRANSWORLD-DADRI,01-09-25,,
2154,SEGU9754973,IFF INDIA FROZEN FOODS PRIVATE LIMITED,WAN HAI,TRANSWORLD-DADRI,01-09-25,,
2155,EMCU5503751,AL AAYAT FOOD EXPO PVT. LTD,EVERGREEN,TRANSWORLD-DADRI,01-08-25,,
2156,EMCU5445315,AL AMMAR FROZEN FOOD EXPORTS PVT LTD,EVERGREEN,TRANSWORLD-DADRI,01-08-25,,
2157,EMCU5598546,AL AAYAT FOOD EXPO PVT. LTD,EVERGREEN,TRANSWORLD-DADRI,01-08-25,,
2158,EMCU5429839,AL AAYAT FOOD EXPO PVT. LTD,EVERGREEN,TRANSWORLD-DADRI,01-08-25,,
2159,SEGU9702882,AL-NASIR EXPORTS PVT LTD (U.P),WAN HAI,TRANSWORLD-DADRI,01-08-25,,
2160,CXRU1607020,HMA AGRO INDUSTRIES LTD,CMA,TRANSWORLD-DADRI,01-08-25,,
2161,SEGU9701994,IFF INDIA FROZEN FOODS PRIVATE LIMITED,WAN HAI,TRANSWORLD-DADRI,01-08-25,,
2162,TTNU8232633,AL-NASIR EXPORTS PVT LTD (U.P),CMA,TRANSWORLD-DADRI,01-08-25,,
2163,GESU9167251,IFF INDIA FROZEN FOODS PRIVATE LIMITED,MSC,TRANSWORLD-DADRI,01-08-25,,
2164,SEKU9082066,AL HASSAN OVRESEAS  PVT LTD-UP,WAN HAI,TRANSWORLD-DADRI,01-08-25,,
2165,TTNU8282275,HMA AGRO INDUSTRIES LTD,CMA,TRANSWORLD-DADRI,01-08-25,,
2166,EMCU5714409,AL AAYAT FOOD EXPO PVT. LTD,EVERGREEN,TRANSWORLD-DADRI,01-08-25,,
2174,TCLU1206102,AL-NASIR EXPORTS PVT LTD (U.P),CMA,TRANSWORLD-DADRI,01-04-26,,
2176,CGMU5109300,RAYBAN FROZEN FOODS PVT.LTD,CMA,TRANSWORLD-DADRI,01-04-26,,
2178,TCLU1059017,HMA AGRO INDUSTRIES LTD,CMA,TRANSWORLD-DADRI,01-04-26,,
2183,TEMU9869897,HMA AGRO INDUSTRIES LTD,CMA,TRANSWORLD-DADRI,01-04-26,,
2184,GMOU9027117,INTERNATIONAL AGRO FOODS,GOLD STAR,TRANSWORLD-DADRI,01-04-26,,
2186,CGMU5629534,AL HASSAN OVRESEAS  PVT LTD-UP,CMA,TRANSWORLD-DADRI,01-04-26,,
2192,CGMU5272637,HMA AGRO INDUSTRIES LTD,CMA,TRANSWORLD-DADRI,01-04-26,,
2193,CGMU5348305,RAYBAN FROZEN FOODS PVT.LTD,CMA,TRANSWORLD-DADRI,01-04-26,,
